series,geo,month,value,yoy_pct,published_on,source_url,retrieved_on
cpi_rent_index,Quebec,1949-01-01,,,1949-02-21,https://www150.statcan.gc.ca/t1/tbl1/en/tv.action?pid=1810000401,2026-10-04
cpi_rent_index,Quebec,1949-02-01,,,1949-03-21,https://www150.statcan.gc.ca/t1/tbl1/en/tv.action?pid=1810000401,2026-10-04
cpi_rent_index,Quebec,1949-03-01,,,1949-04-21,https://www150.statcan.gc.ca/t1/tbl1/en/tv.action?pid=1810000401,2026-10-04
cpi_rent_index,Quebec,1949-04-01,,,1949-05-21,https://www150.statcan.gc.ca/t1/tbl1/en/tv.action?pid=1810000401,2026-10-04
cpi_rent_index,Quebec,1949-05-01,,,1949-06-21,https://www150.statcan.gc.ca/t1/tbl1/en/tv.action?pid=1810000401,2026-10-04
cpi_rent_index,Quebec,1949-06-01,,,1949-07-21,https://www150.statcan.gc.ca/t1/tbl1/en/tv.action?pid=1810000401,2026-10-04
cpi_rent_index,Quebec,1949-07-01,,,1949-08-21,https://www150.statcan.gc.ca/t1/tbl1/en/tv.action?pid=1810000401,2026-10-04
cpi_rent_index,Quebec,1949-08-01,,,1949-09-21,https://www150.statcan.gc.ca/t1/tbl1/en/tv.action?pid=1810000401,2026-10-04
cpi_rent_index,Quebec,1949-09-01,,,1949-10-21,https://www150.statcan.gc.ca/t1/tbl1/en/tv.action?pid=1810000401,2026-10-04
cpi_rent_index,Quebec,1949-10-01,,,1949-11-21,https://www150.statcan.gc.ca/t1/tbl1/en/tv.action?pid=1810000401,2026-10-04
cpi_rent_index,Quebec,1949-11-01,,,1949-12-21,https://www150.statcan.gc.ca/t1/tbl1/en/tv.action?pid=1810000401,2026-10-04
cpi_rent_index,Quebec,1949-12-01,,,1950-01-21,https://www150.statcan.gc.ca/t1/tbl1/en/tv.action?pid=1810000401,2026-10-04
cpi_rent_index,Quebec,1950-01-01,,,1950-02-21,https://www150.statcan.gc.ca/t1/tbl1/en/tv.action?pid=1810000401,2026-10-04
cpi_rent_index,Quebec,1950-02-01,,,1950-03-21,https://www150.statcan.gc.ca/t1/tbl1/en/tv.action?pid=1810000401,2026-10-04
cpi_rent_index,Quebec,1950-03-01,,,1950-04-21,https://www150.statcan.gc.ca/t1/tbl1/en/tv.action?pid=1810000401,2026-10-04
cpi_rent_index,Quebec,1950-04-01,,,1950-05-21,https://www150.statcan.gc.ca/t1/tbl1/en/tv.action?pid=1810000401,2026-10-04
cpi_rent_index,Quebec,1950-05-01,,,1950-06-21,https://www150.statcan.gc.ca/t1/tbl1/en/tv.action?pid=1810000401,2026-10-04
cpi_rent_index,Quebec,1950-06-01,,,1950-07-21,https://www150.statcan.gc.ca/t1/tbl1/en/tv.action?pid=1810000401,2026-10-04
cpi_rent_index,Quebec,1950-07-01,,,1950-08-21,https://www150.statcan.gc.ca/t1/tbl1/en/tv.action?pid=1810000401,2026-10-04
cpi_rent_index,Quebec,1950-08-01,,,1950-09-21,https://www150.statcan.gc.ca/t1/tbl1/en/tv.action?pid=1810000401,2026-10-04
cpi_rent_index,Quebec,1950-09-01,,,1950-10-21,https://www150.statcan.gc.ca/t1/tbl1/en/tv.action?pid=1810000401,2026-10-04
cpi_rent_index,Quebec,1950-10-01,,,1950-11-21,https://www150.statcan.gc.ca/t1/tbl1/en/tv.action?pid=1810000401,2026-10-04
cpi_rent_index,Quebec,1950-11-01,,,1950-12-21,https://www150.statcan.gc.ca/t1/tbl1/en/tv.action?pid=1810000401,2026-10-04
cpi_rent_index,Quebec,1950-12-01,,,1951-01-21,https://www150.statcan.gc.ca/t1/tbl1/en/tv.action?pid=1810000401,2026-10-04
cpi_rent_index,Quebec,1951-01-01,,,1951-02-21,https://www150.statcan.gc.ca/t1/tbl1/en/tv.action?pid=1810000401,2026-10-04
cpi_rent_index,Quebec,1951-02-01,,,1951-03-21,https://www150.statcan.gc.ca/t1/tbl1/en/tv.action?pid=1810000401,2026-10-04
cpi_rent_index,Quebec,1951-03-01,,,1951-04-21,https://www150.statcan.gc.ca/t1/tbl1/en/tv.action?pid=1810000401,2026-10-04
cpi_rent_index,Quebec,1951-04-01,,,1951-05-21,https://www150.statcan.gc.ca/t1/tbl1/en/tv.action?pid=1810000401,2026-10-04
cpi_rent_index,Quebec,1951-05-01,,,1951-06-21,https://www150.statcan.gc.ca/t1/tbl1/en/tv.action?pid=1810000401,2026-10-04
cpi_rent_index,Quebec,1951-06-01,,,1951-07-21,https://www150.statcan.gc.ca/t1/tbl1/en/tv.action?pid=1810000401,2026-10-04
cpi_rent_index,Quebec,1951-07-01,,,1951-08-21,https://www150.statcan.gc.ca/t1/tbl1/en/tv.action?pid=1810000401,2026-10-04
cpi_rent_index,Quebec,1951-08-01,,,1951-09-21,https://www150.statcan.gc.ca/t1/tbl1/en/tv.action?pid=1810000401,2026-10-04
cpi_rent_index,Quebec,1951-09-01,,,1951-10-21,https://www150.statcan.gc.ca/t1/tbl1/en/tv.action?pid=1810000401,2026-10-04
cpi_rent_index,Quebec,1951-10-01,,,1951-11-21,https://www150.statcan.gc.ca/t1/tbl1/en/tv.action?pid=1810000401,2026-10-04
cpi_rent_index,Quebec,1951-11-01,,,1951-12-21,https://www150.statcan.gc.ca/t1/tbl1/en/tv.action?pid=1810000401,2026-10-04
cpi_rent_index,Quebec,1951-12-01,,,1952-01-21,https://www150.statcan.gc.ca/t1/tbl1/en/tv.action?pid=1810000401,2026-10-04
cpi_rent_index,Quebec,1952-01-01,,,1952-02-21,https://www150.statcan.gc.ca/t1/tbl1/en/tv.action?pid=1810000401,2026-10-04
cpi_rent_index,Quebec,1952-02-01,,,1952-03-21,https://www150.statcan.gc.ca/t1/tbl1/en/tv.action?pid=1810000401,2026-10-04
cpi_rent_index,Quebec,1952-03-01,,,1952-04-21,https://www150.statcan.gc.ca/t1/tbl1/en/tv.action?pid=1810000401,2026-10-04
cpi_rent_index,Quebec,1952-04-01,,,1952-05-21,https://www150.statcan.gc.ca/t1/tbl1/en/tv.action?pid=1810000401,2026-10-04
cpi_rent_index,Quebec,1952-05-01,,,1952-06-21,https://www150.statcan.gc.ca/t1/tbl1/en/tv.action?pid=1810000401,2026-10-04
cpi_rent_index,Quebec,1952-06-01,,,1952-07-21,https://www150.statcan.gc.ca/t1/tbl1/en/tv.action?pid=1810000401,2026-10-04
cpi_rent_index,Quebec,1952-07-01,,,1952-08-21,https://www150.statcan.gc.ca/t1/tbl1/en/tv.action?pid=1810000401,2026-10-04
cpi_rent_index,Quebec,1952-08-01,,,1952-09-21,https://www150.statcan.gc.ca/t1/tbl1/en/tv.action?pid=1810000401,2026-10-04
cpi_rent_index,Quebec,1952-09-01,,,1952-10-21,https://www150.statcan.gc.ca/t1/tbl1/en/tv.action?pid=1810000401,2026-10-04
cpi_rent_index,Quebec,1952-10-01,,,1952-11-21,https://www150.statcan.gc.ca/t1/tbl1/en/tv.action?pid=1810000401,2026-10-04
cpi_rent_index,Quebec,1952-11-01,,,1952-12-21,https://www150.statcan.gc.ca/t1/tbl1/en/tv.action?pid=1810000401,2026-10-04
cpi_rent_index,Quebec,1952-12-01,,,1953-01-21,https://www150.statcan.gc.ca/t1/tbl1/en/tv.action?pid=1810000401,2026-10-04
cpi_rent_index,Quebec,1953-01-01,,,1953-02-21,https://www150.statcan.gc.ca/t1/tbl1/en/tv.action?pid=1810000401,2026-10-04
cpi_rent_index,Quebec,1953-02-01,,,1953-03-21,https://www150.statcan.gc.ca/t1/tbl1/en/tv.action?pid=1810000401,2026-10-04
cpi_rent_index,Quebec,1953-03-01,,,1953-04-21,https://www150.statcan.gc.ca/t1/tbl1/en/tv.action?pid=1810000401,2026-10-04
cpi_rent_index,Quebec,1953-04-01,,,1953-05-21,https://www150.statcan.gc.ca/t1/tbl1/en/tv.action?pid=1810000401,2026-10-04
cpi_rent_index,Quebec,1953-05-01,,,1953-06-21,https://www150.statcan.gc.ca/t1/tbl1/en/tv.action?pid=1810000401,2026-10-04
cpi_rent_index,Quebec,1953-06-01,,,1953-07-21,https://www150.statcan.gc.ca/t1/tbl1/en/tv.action?pid=1810000401,2026-10-04
cpi_rent_index,Quebec,1953-07-01,,,1953-08-21,https://www150.statcan.gc.ca/t1/tbl1/en/tv.action?pid=1810000401,2026-10-04
cpi_rent_index,Quebec,1953-08-01,,,1953-09-21,https://www150.statcan.gc.ca/t1/tbl1/en/tv.action?pid=1810000401,2026-10-04
cpi_rent_index,Quebec,1953-09-01,,,1953-10-21,https://www150.statcan.gc.ca/t1/tbl1/en/tv.action?pid=1810000401,2026-10-04
cpi_rent_index,Quebec,1953-10-01,,,1953-11-21,https://www150.statcan.gc.ca/t1/tbl1/en/tv.action?pid=1810000401,2026-10-04
cpi_rent_index,Quebec,1953-11-01,,,1953-12-21,https://www150.statcan.gc.ca/t1/tbl1/en/tv.action?pid=1810000401,2026-10-04
cpi_rent_index,Quebec,1953-12-01,,,1954-01-21,https://www150.statcan.gc.ca/t1/tbl1/en/tv.action?pid=1810000401,2026-10-04
cpi_rent_index,Quebec,1954-01-01,,,1954-02-21,https://www150.statcan.gc.ca/t1/tbl1/en/tv.action?pid=1810000401,2026-10-04
cpi_rent_index,Quebec,1954-02-01,,,1954-03-21,https://www150.statcan.gc.ca/t1/tbl1/en/tv.action?pid=1810000401,2026-10-04
cpi_rent_index,Quebec,1954-03-01,,,1954-04-21,https://www150.statcan.gc.ca/t1/tbl1/en/tv.action?pid=1810000401,2026-10-04
cpi_rent_index,Quebec,1954-04-01,,,1954-05-21,https://www150.statcan.gc.ca/t1/tbl1/en/tv.action?pid=1810000401,2026-10-04
cpi_rent_index,Quebec,1954-05-01,,,1954-06-21,https://www150.statcan.gc.ca/t1/tbl1/en/tv.action?pid=1810000401,2026-10-04
cpi_rent_index,Quebec,1954-06-01,,,1954-07-21,https://www150.statcan.gc.ca/t1/tbl1/en/tv.action?pid=1810000401,2026-10-04
cpi_rent_index,Quebec,1954-07-01,,,1954-08-21,https://www150.statcan.gc.ca/t1/tbl1/en/tv.action?pid=1810000401,2026-10-04
cpi_rent_index,Quebec,1954-08-01,,,1954-09-21,https://www150.statcan.gc.ca/t1/tbl1/en/tv.action?pid=1810000401,2026-10-04
cpi_rent_index,Quebec,1954-09-01,,,1954-10-21,https://www150.statcan.gc.ca/t1/tbl1/en/tv.action?pid=1810000401,2026-10-04
cpi_rent_index,Quebec,1954-10-01,,,1954-11-21,https://www150.statcan.gc.ca/t1/tbl1/en/tv.action?pid=1810000401,2026-10-04
cpi_rent_index,Quebec,1954-11-01,,,1954-12-21,https://www150.statcan.gc.ca/t1/tbl1/en/tv.action?pid=1810000401,2026-10-04
cpi_rent_index,Quebec,1954-12-01,,,1955-01-21,https://www150.statcan.gc.ca/t1/tbl1/en/tv.action?pid=1810000401,2026-10-04
cpi_rent_index,Quebec,1955-01-01,,,1955-02-21,https://www150.statcan.gc.ca/t1/tbl1/en/tv.action?pid=1810000401,2026-10-04
cpi_rent_index,Quebec,1955-02-01,,,1955-03-21,https://www150.statcan.gc.ca/t1/tbl1/en/tv.action?pid=1810000401,2026-10-04
cpi_rent_index,Quebec,1955-03-01,,,1955-04-21,https://www150.statcan.gc.ca/t1/tbl1/en/tv.action?pid=1810000401,2026-10-04
cpi_rent_index,Quebec,1955-04-01,,,1955-05-21,https://www150.statcan.gc.ca/t1/tbl1/en/tv.action?pid=1810000401,2026-10-04
cpi_rent_index,Quebec,1955-05-01,,,1955-06-21,https://www150.statcan.gc.ca/t1/tbl1/en/tv.action?pid=1810000401,2026-10-04
cpi_rent_index,Quebec,1955-06-01,,,1955-07-21,https://www150.statcan.gc.ca/t1/tbl1/en/tv.action?pid=1810000401,2026-10-04
cpi_rent_index,Quebec,1955-07-01,,,1955-08-21,https://www150.statcan.gc.ca/t1/tbl1/en/tv.action?pid=1810000401,2026-10-04
cpi_rent_index,Quebec,1955-08-01,,,1955-09-21,https://www150.statcan.gc.ca/t1/tbl1/en/tv.action?pid=1810000401,2026-10-04
cpi_rent_index,Quebec,1955-09-01,,,1955-10-21,https://www150.statcan.gc.ca/t1/tbl1/en/tv.action?pid=1810000401,2026-10-04
cpi_rent_index,Quebec,1955-10-01,,,1955-11-21,https://www150.statcan.gc.ca/t1/tbl1/en/tv.action?pid=1810000401,2026-10-04
cpi_rent_index,Quebec,1955-11-01,,,1955-12-21,https://www150.statcan.gc.ca/t1/tbl1/en/tv.action?pid=1810000401,2026-10-04
cpi_rent_index,Quebec,1955-12-01,,,1956-01-21,https://www150.statcan.gc.ca/t1/tbl1/en/tv.action?pid=1810000401,2026-10-04
cpi_rent_index,Quebec,1956-01-01,,,1956-02-21,https://www150.statcan.gc.ca/t1/tbl1/en/tv.action?pid=1810000401,2026-10-04
cpi_rent_index,Quebec,1956-02-01,,,1956-03-21,https://www150.statcan.gc.ca/t1/tbl1/en/tv.action?pid=1810000401,2026-10-04
cpi_rent_index,Quebec,1956-03-01,,,1956-04-21,https://www150.statcan.gc.ca/t1/tbl1/en/tv.action?pid=1810000401,2026-10-04
cpi_rent_index,Quebec,1956-04-01,,,1956-05-21,https://www150.statcan.gc.ca/t1/tbl1/en/tv.action?pid=1810000401,2026-10-04
cpi_rent_index,Quebec,1956-05-01,,,1956-06-21,https://www150.statcan.gc.ca/t1/tbl1/en/tv.action?pid=1810000401,2026-10-04
cpi_rent_index,Quebec,1956-06-01,,,1956-07-21,https://www150.statcan.gc.ca/t1/tbl1/en/tv.action?pid=1810000401,2026-10-04
cpi_rent_index,Quebec,1956-07-01,,,1956-08-21,https://www150.statcan.gc.ca/t1/tbl1/en/tv.action?pid=1810000401,2026-10-04
cpi_rent_index,Quebec,1956-08-01,,,1956-09-21,https://www150.statcan.gc.ca/t1/tbl1/en/tv.action?pid=1810000401,2026-10-04
cpi_rent_index,Quebec,1956-09-01,,,1956-10-21,https://www150.statcan.gc.ca/t1/tbl1/en/tv.action?pid=1810000401,2026-10-04
cpi_rent_index,Quebec,1956-10-01,,,1956-11-21,https://www150.statcan.gc.ca/t1/tbl1/en/tv.action?pid=1810000401,2026-10-04
cpi_rent_index,Quebec,1956-11-01,,,1956-12-21,https://www150.statcan.gc.ca/t1/tbl1/en/tv.action?pid=1810000401,2026-10-04
cpi_rent_index,Quebec,1956-12-01,,,1957-01-21,https://www150.statcan.gc.ca/t1/tbl1/en/tv.action?pid=1810000401,2026-10-04
cpi_rent_index,Quebec,1957-01-01,,,1957-02-21,https://www150.statcan.gc.ca/t1/tbl1/en/tv.action?pid=1810000401,2026-10-04
cpi_rent_index,Quebec,1957-02-01,,,1957-03-21,https://www150.statcan.gc.ca/t1/tbl1/en/tv.action?pid=1810000401,2026-10-04
cpi_rent_index,Quebec,1957-03-01,,,1957-04-21,https://www150.statcan.gc.ca/t1/tbl1/en/tv.action?pid=1810000401,2026-10-04
cpi_rent_index,Quebec,1957-04-01,,,1957-05-21,https://www150.statcan.gc.ca/t1/tbl1/en/tv.action?pid=1810000401,2026-10-04
cpi_rent_index,Quebec,1957-05-01,,,1957-06-21,https://www150.statcan.gc.ca/t1/tbl1/en/tv.action?pid=1810000401,2026-10-04
cpi_rent_index,Quebec,1957-06-01,,,1957-07-21,https://www150.statcan.gc.ca/t1/tbl1/en/tv.action?pid=1810000401,2026-10-04
cpi_rent_index,Quebec,1957-07-01,,,1957-08-21,https://www150.statcan.gc.ca/t1/tbl1/en/tv.action?pid=1810000401,2026-10-04
cpi_rent_index,Quebec,1957-08-01,,,1957-09-21,https://www150.statcan.gc.ca/t1/tbl1/en/tv.action?pid=1810000401,2026-10-04
cpi_rent_index,Quebec,1957-09-01,,,1957-10-21,https://www150.statcan.gc.ca/t1/tbl1/en/tv.action?pid=1810000401,2026-10-04
cpi_rent_index,Quebec,1957-10-01,,,1957-11-21,https://www150.statcan.gc.ca/t1/tbl1/en/tv.action?pid=1810000401,2026-10-04
cpi_rent_index,Quebec,1957-11-01,,,1957-12-21,https://www150.statcan.gc.ca/t1/tbl1/en/tv.action?pid=1810000401,2026-10-04
cpi_rent_index,Quebec,1957-12-01,,,1958-01-21,https://www150.statcan.gc.ca/t1/tbl1/en/tv.action?pid=1810000401,2026-10-04
cpi_rent_index,Quebec,1958-01-01,,,1958-02-21,https://www150.statcan.gc.ca/t1/tbl1/en/tv.action?pid=1810000401,2026-10-04
cpi_rent_index,Quebec,1958-02-01,,,1958-03-21,https://www150.statcan.gc.ca/t1/tbl1/en/tv.action?pid=1810000401,2026-10-04
cpi_rent_index,Quebec,1958-03-01,,,1958-04-21,https://www150.statcan.gc.ca/t1/tbl1/en/tv.action?pid=1810000401,2026-10-04
cpi_rent_index,Quebec,1958-04-01,,,1958-05-21,https://www150.statcan.gc.ca/t1/tbl1/en/tv.action?pid=1810000401,2026-10-04
cpi_rent_index,Quebec,1958-05-01,,,1958-06-21,https://www150.statcan.gc.ca/t1/tbl1/en/tv.action?pid=1810000401,2026-10-04
cpi_rent_index,Quebec,1958-06-01,,,1958-07-21,https://www150.statcan.gc.ca/t1/tbl1/en/tv.action?pid=1810000401,2026-10-04
cpi_rent_index,Quebec,1958-07-01,,,1958-08-21,https://www150.statcan.gc.ca/t1/tbl1/en/tv.action?pid=1810000401,2026-10-04
cpi_rent_index,Quebec,1958-08-01,,,1958-09-21,https://www150.statcan.gc.ca/t1/tbl1/en/tv.action?pid=1810000401,2026-10-04
cpi_rent_index,Quebec,1958-09-01,,,1958-10-21,https://www150.statcan.gc.ca/t1/tbl1/en/tv.action?pid=1810000401,2026-10-04
cpi_rent_index,Quebec,1958-10-01,,,1958-11-21,https://www150.statcan.gc.ca/t1/tbl1/en/tv.action?pid=1810000401,2026-10-04
cpi_rent_index,Quebec,1958-11-01,,,1958-12-21,https://www150.statcan.gc.ca/t1/tbl1/en/tv.action?pid=1810000401,2026-10-04
cpi_rent_index,Quebec,1958-12-01,,,1959-01-21,https://www150.statcan.gc.ca/t1/tbl1/en/tv.action?pid=1810000401,2026-10-04
cpi_rent_index,Quebec,1959-01-01,,,1959-02-21,https://www150.statcan.gc.ca/t1/tbl1/en/tv.action?pid=1810000401,2026-10-04
cpi_rent_index,Quebec,1959-02-01,,,1959-03-21,https://www150.statcan.gc.ca/t1/tbl1/en/tv.action?pid=1810000401,2026-10-04
cpi_rent_index,Quebec,1959-03-01,,,1959-04-21,https://www150.statcan.gc.ca/t1/tbl1/en/tv.action?pid=1810000401,2026-10-04
cpi_rent_index,Quebec,1959-04-01,,,1959-05-21,https://www150.statcan.gc.ca/t1/tbl1/en/tv.action?pid=1810000401,2026-10-04
cpi_rent_index,Quebec,1959-05-01,,,1959-06-21,https://www150.statcan.gc.ca/t1/tbl1/en/tv.action?pid=1810000401,2026-10-04
cpi_rent_index,Quebec,1959-06-01,,,1959-07-21,https://www150.statcan.gc.ca/t1/tbl1/en/tv.action?pid=1810000401,2026-10-04
cpi_rent_index,Quebec,1959-07-01,,,1959-08-21,https://www150.statcan.gc.ca/t1/tbl1/en/tv.action?pid=1810000401,2026-10-04
cpi_rent_index,Quebec,1959-08-01,,,1959-09-21,https://www150.statcan.gc.ca/t1/tbl1/en/tv.action?pid=1810000401,2026-10-04
cpi_rent_index,Quebec,1959-09-01,,,1959-10-21,https://www150.statcan.gc.ca/t1/tbl1/en/tv.action?pid=1810000401,2026-10-04
cpi_rent_index,Quebec,1959-10-01,,,1959-11-21,https://www150.statcan.gc.ca/t1/tbl1/en/tv.action?pid=1810000401,2026-10-04
cpi_rent_index,Quebec,1959-11-01,,,1959-12-21,https://www150.statcan.gc.ca/t1/tbl1/en/tv.action?pid=1810000401,2026-10-04
cpi_rent_index,Quebec,1959-12-01,,,1960-01-21,https://www150.statcan.gc.ca/t1/tbl1/en/tv.action?pid=1810000401,2026-10-04
cpi_rent_index,Quebec,1960-01-01,,,1960-02-21,https://www150.statcan.gc.ca/t1/tbl1/en/tv.action?pid=1810000401,2026-10-04
cpi_rent_index,Quebec,1960-02-01,,,1960-03-21,https://www150.statcan.gc.ca/t1/tbl1/en/tv.action?pid=1810000401,2026-10-04
cpi_rent_index,Quebec,1960-03-01,,,1960-04-21,https://www150.statcan.gc.ca/t1/tbl1/en/tv.action?pid=1810000401,2026-10-04
cpi_rent_index,Quebec,1960-04-01,,,1960-05-21,https://www150.statcan.gc.ca/t1/tbl1/en/tv.action?pid=1810000401,2026-10-04
cpi_rent_index,Quebec,1960-05-01,,,1960-06-21,https://www150.statcan.gc.ca/t1/tbl1/en/tv.action?pid=1810000401,2026-10-04
cpi_rent_index,Quebec,1960-06-01,,,1960-07-21,https://www150.statcan.gc.ca/t1/tbl1/en/tv.action?pid=1810000401,2026-10-04
cpi_rent_index,Quebec,1960-07-01,,,1960-08-21,https://www150.statcan.gc.ca/t1/tbl1/en/tv.action?pid=1810000401,2026-10-04
cpi_rent_index,Quebec,1960-08-01,,,1960-09-21,https://www150.statcan.gc.ca/t1/tbl1/en/tv.action?pid=1810000401,2026-10-04
cpi_rent_index,Quebec,1960-09-01,,,1960-10-21,https://www150.statcan.gc.ca/t1/tbl1/en/tv.action?pid=1810000401,2026-10-04
cpi_rent_index,Quebec,1960-10-01,,,1960-11-21,https://www150.statcan.gc.ca/t1/tbl1/en/tv.action?pid=1810000401,2026-10-04
cpi_rent_index,Quebec,1960-11-01,,,1960-12-21,https://www150.statcan.gc.ca/t1/tbl1/en/tv.action?pid=1810000401,2026-10-04
cpi_rent_index,Quebec,1960-12-01,,,1961-01-21,https://www150.statcan.gc.ca/t1/tbl1/en/tv.action?pid=1810000401,2026-10-04
cpi_rent_index,Quebec,1961-01-01,,,1961-02-21,https://www150.statcan.gc.ca/t1/tbl1/en/tv.action?pid=1810000401,2026-10-04
cpi_rent_index,Quebec,1961-02-01,,,1961-03-21,https://www150.statcan.gc.ca/t1/tbl1/en/tv.action?pid=1810000401,2026-10-04
cpi_rent_index,Quebec,1961-03-01,,,1961-04-21,https://www150.statcan.gc.ca/t1/tbl1/en/tv.action?pid=1810000401,2026-10-04
cpi_rent_index,Quebec,1961-04-01,,,1961-05-21,https://www150.statcan.gc.ca/t1/tbl1/en/tv.action?pid=1810000401,2026-10-04
cpi_rent_index,Quebec,1961-05-01,,,1961-06-21,https://www150.statcan.gc.ca/t1/tbl1/en/tv.action?pid=1810000401,2026-10-04
cpi_rent_index,Quebec,1961-06-01,,,1961-07-21,https://www150.statcan.gc.ca/t1/tbl1/en/tv.action?pid=1810000401,2026-10-04
cpi_rent_index,Quebec,1961-07-01,,,1961-08-21,https://www150.statcan.gc.ca/t1/tbl1/en/tv.action?pid=1810000401,2026-10-04
cpi_rent_index,Quebec,1961-08-01,,,1961-09-21,https://www150.statcan.gc.ca/t1/tbl1/en/tv.action?pid=1810000401,2026-10-04
cpi_rent_index,Quebec,1961-09-01,,,1961-10-21,https://www150.statcan.gc.ca/t1/tbl1/en/tv.action?pid=1810000401,2026-10-04
cpi_rent_index,Quebec,1961-10-01,,,1961-11-21,https://www150.statcan.gc.ca/t1/tbl1/en/tv.action?pid=1810000401,2026-10-04
cpi_rent_index,Quebec,1961-11-01,,,1961-12-21,https://www150.statcan.gc.ca/t1/tbl1/en/tv.action?pid=1810000401,2026-10-04
cpi_rent_index,Quebec,1961-12-01,,,1962-01-21,https://www150.statcan.gc.ca/t1/tbl1/en/tv.action?pid=1810000401,2026-10-04
cpi_rent_index,Quebec,1962-01-01,,,1962-02-21,https://www150.statcan.gc.ca/t1/tbl1/en/tv.action?pid=1810000401,2026-10-04
cpi_rent_index,Quebec,1962-02-01,,,1962-03-21,https://www150.statcan.gc.ca/t1/tbl1/en/tv.action?pid=1810000401,2026-10-04
cpi_rent_index,Quebec,1962-03-01,,,1962-04-21,https://www150.statcan.gc.ca/t1/tbl1/en/tv.action?pid=1810000401,2026-10-04
cpi_rent_index,Quebec,1962-04-01,,,1962-05-21,https://www150.statcan.gc.ca/t1/tbl1/en/tv.action?pid=1810000401,2026-10-04
cpi_rent_index,Quebec,1962-05-01,,,1962-06-21,https://www150.statcan.gc.ca/t1/tbl1/en/tv.action?pid=1810000401,2026-10-04
cpi_rent_index,Quebec,1962-06-01,,,1962-07-21,https://www150.statcan.gc.ca/t1/tbl1/en/tv.action?pid=1810000401,2026-10-04
cpi_rent_index,Quebec,1962-07-01,,,1962-08-21,https://www150.statcan.gc.ca/t1/tbl1/en/tv.action?pid=1810000401,2026-10-04
cpi_rent_index,Quebec,1962-08-01,,,1962-09-21,https://www150.statcan.gc.ca/t1/tbl1/en/tv.action?pid=1810000401,2026-10-04
cpi_rent_index,Quebec,1962-09-01,,,1962-10-21,https://www150.statcan.gc.ca/t1/tbl1/en/tv.action?pid=1810000401,2026-10-04
cpi_rent_index,Quebec,1962-10-01,,,1962-11-21,https://www150.statcan.gc.ca/t1/tbl1/en/tv.action?pid=1810000401,2026-10-04
cpi_rent_index,Quebec,1962-11-01,,,1962-12-21,https://www150.statcan.gc.ca/t1/tbl1/en/tv.action?pid=1810000401,2026-10-04
cpi_rent_index,Quebec,1962-12-01,,,1963-01-21,https://www150.statcan.gc.ca/t1/tbl1/en/tv.action?pid=1810000401,2026-10-04
cpi_rent_index,Quebec,1963-01-01,,,1963-02-21,https://www150.statcan.gc.ca/t1/tbl1/en/tv.action?pid=1810000401,2026-10-04
cpi_rent_index,Quebec,1963-02-01,,,1963-03-21,https://www150.statcan.gc.ca/t1/tbl1/en/tv.action?pid=1810000401,2026-10-04
cpi_rent_index,Quebec,1963-03-01,,,1963-04-21,https://www150.statcan.gc.ca/t1/tbl1/en/tv.action?pid=1810000401,2026-10-04
cpi_rent_index,Quebec,1963-04-01,,,1963-05-21,https://www150.statcan.gc.ca/t1/tbl1/en/tv.action?pid=1810000401,2026-10-04
cpi_rent_index,Quebec,1963-05-01,,,1963-06-21,https://www150.statcan.gc.ca/t1/tbl1/en/tv.action?pid=1810000401,2026-10-04
cpi_rent_index,Quebec,1963-06-01,,,1963-07-21,https://www150.statcan.gc.ca/t1/tbl1/en/tv.action?pid=1810000401,2026-10-04
cpi_rent_index,Quebec,1963-07-01,,,1963-08-21,https://www150.statcan.gc.ca/t1/tbl1/en/tv.action?pid=1810000401,2026-10-04
cpi_rent_index,Quebec,1963-08-01,,,1963-09-21,https://www150.statcan.gc.ca/t1/tbl1/en/tv.action?pid=1810000401,2026-10-04
cpi_rent_index,Quebec,1963-09-01,,,1963-10-21,https://www150.statcan.gc.ca/t1/tbl1/en/tv.action?pid=1810000401,2026-10-04
cpi_rent_index,Quebec,1963-10-01,,,1963-11-21,https://www150.statcan.gc.ca/t1/tbl1/en/tv.action?pid=1810000401,2026-10-04
cpi_rent_index,Quebec,1963-11-01,,,1963-12-21,https://www150.statcan.gc.ca/t1/tbl1/en/tv.action?pid=1810000401,2026-10-04
cpi_rent_index,Quebec,1963-12-01,,,1964-01-21,https://www150.statcan.gc.ca/t1/tbl1/en/tv.action?pid=1810000401,2026-10-04
cpi_rent_index,Quebec,1964-01-01,,,1964-02-21,https://www150.statcan.gc.ca/t1/tbl1/en/tv.action?pid=1810000401,2026-10-04
cpi_rent_index,Quebec,1964-02-01,,,1964-03-21,https://www150.statcan.gc.ca/t1/tbl1/en/tv.action?pid=1810000401,2026-10-04
cpi_rent_index,Quebec,1964-03-01,,,1964-04-21,https://www150.statcan.gc.ca/t1/tbl1/en/tv.action?pid=1810000401,2026-10-04
cpi_rent_index,Quebec,1964-04-01,,,1964-05-21,https://www150.statcan.gc.ca/t1/tbl1/en/tv.action?pid=1810000401,2026-10-04
cpi_rent_index,Quebec,1964-05-01,,,1964-06-21,https://www150.statcan.gc.ca/t1/tbl1/en/tv.action?pid=1810000401,2026-10-04
cpi_rent_index,Quebec,1964-06-01,,,1964-07-21,https://www150.statcan.gc.ca/t1/tbl1/en/tv.action?pid=1810000401,2026-10-04
cpi_rent_index,Quebec,1964-07-01,,,1964-08-21,https://www150.statcan.gc.ca/t1/tbl1/en/tv.action?pid=1810000401,2026-10-04
cpi_rent_index,Quebec,1964-08-01,,,1964-09-21,https://www150.statcan.gc.ca/t1/tbl1/en/tv.action?pid=1810000401,2026-10-04
cpi_rent_index,Quebec,1964-09-01,,,1964-10-21,https://www150.statcan.gc.ca/t1/tbl1/en/tv.action?pid=1810000401,2026-10-04
cpi_rent_index,Quebec,1964-10-01,,,1964-11-21,https://www150.statcan.gc.ca/t1/tbl1/en/tv.action?pid=1810000401,2026-10-04
cpi_rent_index,Quebec,1964-11-01,,,1964-12-21,https://www150.statcan.gc.ca/t1/tbl1/en/tv.action?pid=1810000401,2026-10-04
cpi_rent_index,Quebec,1964-12-01,,,1965-01-21,https://www150.statcan.gc.ca/t1/tbl1/en/tv.action?pid=1810000401,2026-10-04
cpi_rent_index,Quebec,1965-01-01,,,1965-02-21,https://www150.statcan.gc.ca/t1/tbl1/en/tv.action?pid=1810000401,2026-10-04
cpi_rent_index,Quebec,1965-02-01,,,1965-03-21,https://www150.statcan.gc.ca/t1/tbl1/en/tv.action?pid=1810000401,2026-10-04
cpi_rent_index,Quebec,1965-03-01,,,1965-04-21,https://www150.statcan.gc.ca/t1/tbl1/en/tv.action?pid=1810000401,2026-10-04
cpi_rent_index,Quebec,1965-04-01,,,1965-05-21,https://www150.statcan.gc.ca/t1/tbl1/en/tv.action?pid=1810000401,2026-10-04
cpi_rent_index,Quebec,1965-05-01,,,1965-06-21,https://www150.statcan.gc.ca/t1/tbl1/en/tv.action?pid=1810000401,2026-10-04
cpi_rent_index,Quebec,1965-06-01,,,1965-07-21,https://www150.statcan.gc.ca/t1/tbl1/en/tv.action?pid=1810000401,2026-10-04
cpi_rent_index,Quebec,1965-07-01,,,1965-08-21,https://www150.statcan.gc.ca/t1/tbl1/en/tv.action?pid=1810000401,2026-10-04
cpi_rent_index,Quebec,1965-08-01,,,1965-09-21,https://www150.statcan.gc.ca/t1/tbl1/en/tv.action?pid=1810000401,2026-10-04
cpi_rent_index,Quebec,1965-09-01,,,1965-10-21,https://www150.statcan.gc.ca/t1/tbl1/en/tv.action?pid=1810000401,2026-10-04
cpi_rent_index,Quebec,1965-10-01,,,1965-11-21,https://www150.statcan.gc.ca/t1/tbl1/en/tv.action?pid=1810000401,2026-10-04
cpi_rent_index,Quebec,1965-11-01,,,1965-12-21,https://www150.statcan.gc.ca/t1/tbl1/en/tv.action?pid=1810000401,2026-10-04
cpi_rent_index,Quebec,1965-12-01,,,1966-01-21,https://www150.statcan.gc.ca/t1/tbl1/en/tv.action?pid=1810000401,2026-10-04
cpi_rent_index,Quebec,1966-01-01,,,1966-02-21,https://www150.statcan.gc.ca/t1/tbl1/en/tv.action?pid=1810000401,2026-10-04
cpi_rent_index,Quebec,1966-02-01,,,1966-03-21,https://www150.statcan.gc.ca/t1/tbl1/en/tv.action?pid=1810000401,2026-10-04
cpi_rent_index,Quebec,1966-03-01,,,1966-04-21,https://www150.statcan.gc.ca/t1/tbl1/en/tv.action?pid=1810000401,2026-10-04
cpi_rent_index,Quebec,1966-04-01,,,1966-05-21,https://www150.statcan.gc.ca/t1/tbl1/en/tv.action?pid=1810000401,2026-10-04
cpi_rent_index,Quebec,1966-05-01,,,1966-06-21,https://www150.statcan.gc.ca/t1/tbl1/en/tv.action?pid=1810000401,2026-10-04
cpi_rent_index,Quebec,1966-06-01,,,1966-07-21,https://www150.statcan.gc.ca/t1/tbl1/en/tv.action?pid=1810000401,2026-10-04
cpi_rent_index,Quebec,1966-07-01,,,1966-08-21,https://www150.statcan.gc.ca/t1/tbl1/en/tv.action?pid=1810000401,2026-10-04
cpi_rent_index,Quebec,1966-08-01,,,1966-09-21,https://www150.statcan.gc.ca/t1/tbl1/en/tv.action?pid=1810000401,2026-10-04
cpi_rent_index,Quebec,1966-09-01,,,1966-10-21,https://www150.statcan.gc.ca/t1/tbl1/en/tv.action?pid=1810000401,2026-10-04
cpi_rent_index,Quebec,1966-10-01,,,1966-11-21,https://www150.statcan.gc.ca/t1/tbl1/en/tv.action?pid=1810000401,2026-10-04
cpi_rent_index,Quebec,1966-11-01,,,1966-12-21,https://www150.statcan.gc.ca/t1/tbl1/en/tv.action?pid=1810000401,2026-10-04
cpi_rent_index,Quebec,1966-12-01,,,1967-01-21,https://www150.statcan.gc.ca/t1/tbl1/en/tv.action?pid=1810000401,2026-10-04
cpi_rent_index,Quebec,1967-01-01,,,1967-02-21,https://www150.statcan.gc.ca/t1/tbl1/en/tv.action?pid=1810000401,2026-10-04
cpi_rent_index,Quebec,1967-02-01,,,1967-03-21,https://www150.statcan.gc.ca/t1/tbl1/en/tv.action?pid=1810000401,2026-10-04
cpi_rent_index,Quebec,1967-03-01,,,1967-04-21,https://www150.statcan.gc.ca/t1/tbl1/en/tv.action?pid=1810000401,2026-10-04
cpi_rent_index,Quebec,1967-04-01,,,1967-05-21,https://www150.statcan.gc.ca/t1/tbl1/en/tv.action?pid=1810000401,2026-10-04
cpi_rent_index,Quebec,1967-05-01,,,1967-06-21,https://www150.statcan.gc.ca/t1/tbl1/en/tv.action?pid=1810000401,2026-10-04
cpi_rent_index,Quebec,1967-06-01,,,1967-07-21,https://www150.statcan.gc.ca/t1/tbl1/en/tv.action?pid=1810000401,2026-10-04
cpi_rent_index,Quebec,1967-07-01,,,1967-08-21,https://www150.statcan.gc.ca/t1/tbl1/en/tv.action?pid=1810000401,2026-10-04
cpi_rent_index,Quebec,1967-08-01,,,1967-09-21,https://www150.statcan.gc.ca/t1/tbl1/en/tv.action?pid=1810000401,2026-10-04
cpi_rent_index,Quebec,1967-09-01,,,1967-10-21,https://www150.statcan.gc.ca/t1/tbl1/en/tv.action?pid=1810000401,2026-10-04
cpi_rent_index,Quebec,1967-10-01,,,1967-11-21,https://www150.statcan.gc.ca/t1/tbl1/en/tv.action?pid=1810000401,2026-10-04
cpi_rent_index,Quebec,1967-11-01,,,1967-12-21,https://www150.statcan.gc.ca/t1/tbl1/en/tv.action?pid=1810000401,2026-10-04
cpi_rent_index,Quebec,1967-12-01,,,1968-01-21,https://www150.statcan.gc.ca/t1/tbl1/en/tv.action?pid=1810000401,2026-10-04
cpi_rent_index,Quebec,1968-01-01,,,1968-02-21,https://www150.statcan.gc.ca/t1/tbl1/en/tv.action?pid=1810000401,2026-10-04
cpi_rent_index,Quebec,1968-02-01,,,1968-03-21,https://www150.statcan.gc.ca/t1/tbl1/en/tv.action?pid=1810000401,2026-10-04
cpi_rent_index,Quebec,1968-03-01,,,1968-04-21,https://www150.statcan.gc.ca/t1/tbl1/en/tv.action?pid=1810000401,2026-10-04
cpi_rent_index,Quebec,1968-04-01,,,1968-05-21,https://www150.statcan.gc.ca/t1/tbl1/en/tv.action?pid=1810000401,2026-10-04
cpi_rent_index,Quebec,1968-05-01,,,1968-06-21,https://www150.statcan.gc.ca/t1/tbl1/en/tv.action?pid=1810000401,2026-10-04
cpi_rent_index,Quebec,1968-06-01,,,1968-07-21,https://www150.statcan.gc.ca/t1/tbl1/en/tv.action?pid=1810000401,2026-10-04
cpi_rent_index,Quebec,1968-07-01,,,1968-08-21,https://www150.statcan.gc.ca/t1/tbl1/en/tv.action?pid=1810000401,2026-10-04
cpi_rent_index,Quebec,1968-08-01,,,1968-09-21,https://www150.statcan.gc.ca/t1/tbl1/en/tv.action?pid=1810000401,2026-10-04
cpi_rent_index,Quebec,1968-09-01,,,1968-10-21,https://www150.statcan.gc.ca/t1/tbl1/en/tv.action?pid=1810000401,2026-10-04
cpi_rent_index,Quebec,1968-10-01,,,1968-11-21,https://www150.statcan.gc.ca/t1/tbl1/en/tv.action?pid=1810000401,2026-10-04
cpi_rent_index,Quebec,1968-11-01,,,1968-12-21,https://www150.statcan.gc.ca/t1/tbl1/en/tv.action?pid=1810000401,2026-10-04
cpi_rent_index,Quebec,1968-12-01,,,1969-01-21,https://www150.statcan.gc.ca/t1/tbl1/en/tv.action?pid=1810000401,2026-10-04
cpi_rent_index,Quebec,1969-01-01,,,1969-02-21,https://www150.statcan.gc.ca/t1/tbl1/en/tv.action?pid=1810000401,2026-10-04
cpi_rent_index,Quebec,1969-02-01,,,1969-03-21,https://www150.statcan.gc.ca/t1/tbl1/en/tv.action?pid=1810000401,2026-10-04
cpi_rent_index,Quebec,1969-03-01,,,1969-04-21,https://www150.statcan.gc.ca/t1/tbl1/en/tv.action?pid=1810000401,2026-10-04
cpi_rent_index,Quebec,1969-04-01,,,1969-05-21,https://www150.statcan.gc.ca/t1/tbl1/en/tv.action?pid=1810000401,2026-10-04
cpi_rent_index,Quebec,1969-05-01,,,1969-06-21,https://www150.statcan.gc.ca/t1/tbl1/en/tv.action?pid=1810000401,2026-10-04
cpi_rent_index,Quebec,1969-06-01,,,1969-07-21,https://www150.statcan.gc.ca/t1/tbl1/en/tv.action?pid=1810000401,2026-10-04
cpi_rent_index,Quebec,1969-07-01,,,1969-08-21,https://www150.statcan.gc.ca/t1/tbl1/en/tv.action?pid=1810000401,2026-10-04
cpi_rent_index,Quebec,1969-08-01,,,1969-09-21,https://www150.statcan.gc.ca/t1/tbl1/en/tv.action?pid=1810000401,2026-10-04
cpi_rent_index,Quebec,1969-09-01,,,1969-10-21,https://www150.statcan.gc.ca/t1/tbl1/en/tv.action?pid=1810000401,2026-10-04
cpi_rent_index,Quebec,1969-10-01,,,1969-11-21,https://www150.statcan.gc.ca/t1/tbl1/en/tv.action?pid=1810000401,2026-10-04
cpi_rent_index,Quebec,1969-11-01,,,1969-12-21,https://www150.statcan.gc.ca/t1/tbl1/en/tv.action?pid=1810000401,2026-10-04
cpi_rent_index,Quebec,1969-12-01,,,1970-01-21,https://www150.statcan.gc.ca/t1/tbl1/en/tv.action?pid=1810000401,2026-10-04
cpi_rent_index,Quebec,1970-01-01,,,1970-02-21,https://www150.statcan.gc.ca/t1/tbl1/en/tv.action?pid=1810000401,2026-10-04
cpi_rent_index,Quebec,1970-02-01,,,1970-03-21,https://www150.statcan.gc.ca/t1/tbl1/en/tv.action?pid=1810000401,2026-10-04
cpi_rent_index,Quebec,1970-03-01,,,1970-04-21,https://www150.statcan.gc.ca/t1/tbl1/en/tv.action?pid=1810000401,2026-10-04
cpi_rent_index,Quebec,1970-04-01,,,1970-05-21,https://www150.statcan.gc.ca/t1/tbl1/en/tv.action?pid=1810000401,2026-10-04
cpi_rent_index,Quebec,1970-05-01,,,1970-06-21,https://www150.statcan.gc.ca/t1/tbl1/en/tv.action?pid=1810000401,2026-10-04
cpi_rent_index,Quebec,1970-06-01,,,1970-07-21,https://www150.statcan.gc.ca/t1/tbl1/en/tv.action?pid=1810000401,2026-10-04
cpi_rent_index,Quebec,1970-07-01,,,1970-08-21,https://www150.statcan.gc.ca/t1/tbl1/en/tv.action?pid=1810000401,2026-10-04
cpi_rent_index,Quebec,1970-08-01,,,1970-09-21,https://www150.statcan.gc.ca/t1/tbl1/en/tv.action?pid=1810000401,2026-10-04
cpi_rent_index,Quebec,1970-09-01,,,1970-10-21,https://www150.statcan.gc.ca/t1/tbl1/en/tv.action?pid=1810000401,2026-10-04
cpi_rent_index,Quebec,1970-10-01,,,1970-11-21,https://www150.statcan.gc.ca/t1/tbl1/en/tv.action?pid=1810000401,2026-10-04
cpi_rent_index,Quebec,1970-11-01,,,1970-12-21,https://www150.statcan.gc.ca/t1/tbl1/en/tv.action?pid=1810000401,2026-10-04
cpi_rent_index,Quebec,1970-12-01,,,1971-01-21,https://www150.statcan.gc.ca/t1/tbl1/en/tv.action?pid=1810000401,2026-10-04
cpi_rent_index,Quebec,1971-01-01,,,1971-02-21,https://www150.statcan.gc.ca/t1/tbl1/en/tv.action?pid=1810000401,2026-10-04
cpi_rent_index,Quebec,1971-02-01,,,1971-03-21,https://www150.statcan.gc.ca/t1/tbl1/en/tv.action?pid=1810000401,2026-10-04
cpi_rent_index,Quebec,1971-03-01,,,1971-04-21,https://www150.statcan.gc.ca/t1/tbl1/en/tv.action?pid=1810000401,2026-10-04
cpi_rent_index,Quebec,1971-04-01,,,1971-05-21,https://www150.statcan.gc.ca/t1/tbl1/en/tv.action?pid=1810000401,2026-10-04
cpi_rent_index,Quebec,1971-05-01,,,1971-06-21,https://www150.statcan.gc.ca/t1/tbl1/en/tv.action?pid=1810000401,2026-10-04
cpi_rent_index,Quebec,1971-06-01,,,1971-07-21,https://www150.statcan.gc.ca/t1/tbl1/en/tv.action?pid=1810000401,2026-10-04
cpi_rent_index,Quebec,1971-07-01,,,1971-08-21,https://www150.statcan.gc.ca/t1/tbl1/en/tv.action?pid=1810000401,2026-10-04
cpi_rent_index,Quebec,1971-08-01,,,1971-09-21,https://www150.statcan.gc.ca/t1/tbl1/en/tv.action?pid=1810000401,2026-10-04
cpi_rent_index,Quebec,1971-09-01,,,1971-10-21,https://www150.statcan.gc.ca/t1/tbl1/en/tv.action?pid=1810000401,2026-10-04
cpi_rent_index,Quebec,1971-10-01,,,1971-11-21,https://www150.statcan.gc.ca/t1/tbl1/en/tv.action?pid=1810000401,2026-10-04
cpi_rent_index,Quebec,1971-11-01,,,1971-12-21,https://www150.statcan.gc.ca/t1/tbl1/en/tv.action?pid=1810000401,2026-10-04
cpi_rent_index,Quebec,1971-12-01,,,1972-01-21,https://www150.statcan.gc.ca/t1/tbl1/en/tv.action?pid=1810000401,2026-10-04
cpi_rent_index,Quebec,1972-01-01,,,1972-02-21,https://www150.statcan.gc.ca/t1/tbl1/en/tv.action?pid=1810000401,2026-10-04
cpi_rent_index,Quebec,1972-02-01,,,1972-03-21,https://www150.statcan.gc.ca/t1/tbl1/en/tv.action?pid=1810000401,2026-10-04
cpi_rent_index,Quebec,1972-03-01,,,1972-04-21,https://www150.statcan.gc.ca/t1/tbl1/en/tv.action?pid=1810000401,2026-10-04
cpi_rent_index,Quebec,1972-04-01,,,1972-05-21,https://www150.statcan.gc.ca/t1/tbl1/en/tv.action?pid=1810000401,2026-10-04
cpi_rent_index,Quebec,1972-05-01,,,1972-06-21,https://www150.statcan.gc.ca/t1/tbl1/en/tv.action?pid=1810000401,2026-10-04
cpi_rent_index,Quebec,1972-06-01,,,1972-07-21,https://www150.statcan.gc.ca/t1/tbl1/en/tv.action?pid=1810000401,2026-10-04
cpi_rent_index,Quebec,1972-07-01,,,1972-08-21,https://www150.statcan.gc.ca/t1/tbl1/en/tv.action?pid=1810000401,2026-10-04
cpi_rent_index,Quebec,1972-08-01,,,1972-09-21,https://www150.statcan.gc.ca/t1/tbl1/en/tv.action?pid=1810000401,2026-10-04
cpi_rent_index,Quebec,1972-09-01,,,1972-10-21,https://www150.statcan.gc.ca/t1/tbl1/en/tv.action?pid=1810000401,2026-10-04
cpi_rent_index,Quebec,1972-10-01,,,1972-11-21,https://www150.statcan.gc.ca/t1/tbl1/en/tv.action?pid=1810000401,2026-10-04
cpi_rent_index,Quebec,1972-11-01,,,1972-12-21,https://www150.statcan.gc.ca/t1/tbl1/en/tv.action?pid=1810000401,2026-10-04
cpi_rent_index,Quebec,1972-12-01,,,1973-01-21,https://www150.statcan.gc.ca/t1/tbl1/en/tv.action?pid=1810000401,2026-10-04
cpi_rent_index,Quebec,1973-01-01,,,1973-02-21,https://www150.statcan.gc.ca/t1/tbl1/en/tv.action?pid=1810000401,2026-10-04
cpi_rent_index,Quebec,1973-02-01,,,1973-03-21,https://www150.statcan.gc.ca/t1/tbl1/en/tv.action?pid=1810000401,2026-10-04
cpi_rent_index,Quebec,1973-03-01,,,1973-04-21,https://www150.statcan.gc.ca/t1/tbl1/en/tv.action?pid=1810000401,2026-10-04
cpi_rent_index,Quebec,1973-04-01,,,1973-05-21,https://www150.statcan.gc.ca/t1/tbl1/en/tv.action?pid=1810000401,2026-10-04
cpi_rent_index,Quebec,1973-05-01,,,1973-06-21,https://www150.statcan.gc.ca/t1/tbl1/en/tv.action?pid=1810000401,2026-10-04
cpi_rent_index,Quebec,1973-06-01,,,1973-07-21,https://www150.statcan.gc.ca/t1/tbl1/en/tv.action?pid=1810000401,2026-10-04
cpi_rent_index,Quebec,1973-07-01,,,1973-08-21,https://www150.statcan.gc.ca/t1/tbl1/en/tv.action?pid=1810000401,2026-10-04
cpi_rent_index,Quebec,1973-08-01,,,1973-09-21,https://www150.statcan.gc.ca/t1/tbl1/en/tv.action?pid=1810000401,2026-10-04
cpi_rent_index,Quebec,1973-09-01,,,1973-10-21,https://www150.statcan.gc.ca/t1/tbl1/en/tv.action?pid=1810000401,2026-10-04
cpi_rent_index,Quebec,1973-10-01,,,1973-11-21,https://www150.statcan.gc.ca/t1/tbl1/en/tv.action?pid=1810000401,2026-10-04
cpi_rent_index,Quebec,1973-11-01,,,1973-12-21,https://www150.statcan.gc.ca/t1/tbl1/en/tv.action?pid=1810000401,2026-10-04
cpi_rent_index,Quebec,1973-12-01,,,1974-01-21,https://www150.statcan.gc.ca/t1/tbl1/en/tv.action?pid=1810000401,2026-10-04
cpi_rent_index,Quebec,1974-01-01,,,1974-02-21,https://www150.statcan.gc.ca/t1/tbl1/en/tv.action?pid=1810000401,2026-10-04
cpi_rent_index,Quebec,1974-02-01,,,1974-03-21,https://www150.statcan.gc.ca/t1/tbl1/en/tv.action?pid=1810000401,2026-10-04
cpi_rent_index,Quebec,1974-03-01,,,1974-04-21,https://www150.statcan.gc.ca/t1/tbl1/en/tv.action?pid=1810000401,2026-10-04
cpi_rent_index,Quebec,1974-04-01,,,1974-05-21,https://www150.statcan.gc.ca/t1/tbl1/en/tv.action?pid=1810000401,2026-10-04
cpi_rent_index,Quebec,1974-05-01,,,1974-06-21,https://www150.statcan.gc.ca/t1/tbl1/en/tv.action?pid=1810000401,2026-10-04
cpi_rent_index,Quebec,1974-06-01,,,1974-07-21,https://www150.statcan.gc.ca/t1/tbl1/en/tv.action?pid=1810000401,2026-10-04
cpi_rent_index,Quebec,1974-07-01,,,1974-08-21,https://www150.statcan.gc.ca/t1/tbl1/en/tv.action?pid=1810000401,2026-10-04
cpi_rent_index,Quebec,1974-08-01,,,1974-09-21,https://www150.statcan.gc.ca/t1/tbl1/en/tv.action?pid=1810000401,2026-10-04
cpi_rent_index,Quebec,1974-09-01,,,1974-10-21,https://www150.statcan.gc.ca/t1/tbl1/en/tv.action?pid=1810000401,2026-10-04
cpi_rent_index,Quebec,1974-10-01,,,1974-11-21,https://www150.statcan.gc.ca/t1/tbl1/en/tv.action?pid=1810000401,2026-10-04
cpi_rent_index,Quebec,1974-11-01,,,1974-12-21,https://www150.statcan.gc.ca/t1/tbl1/en/tv.action?pid=1810000401,2026-10-04
cpi_rent_index,Quebec,1974-12-01,,,1975-01-21,https://www150.statcan.gc.ca/t1/tbl1/en/tv.action?pid=1810000401,2026-10-04
cpi_rent_index,Quebec,1975-01-01,,,1975-02-21,https://www150.statcan.gc.ca/t1/tbl1/en/tv.action?pid=1810000401,2026-10-04
cpi_rent_index,Quebec,1975-02-01,,,1975-03-21,https://www150.statcan.gc.ca/t1/tbl1/en/tv.action?pid=1810000401,2026-10-04
cpi_rent_index,Quebec,1975-03-01,,,1975-04-21,https://www150.statcan.gc.ca/t1/tbl1/en/tv.action?pid=1810000401,2026-10-04
cpi_rent_index,Quebec,1975-04-01,,,1975-05-21,https://www150.statcan.gc.ca/t1/tbl1/en/tv.action?pid=1810000401,2026-10-04
cpi_rent_index,Quebec,1975-05-01,,,1975-06-21,https://www150.statcan.gc.ca/t1/tbl1/en/tv.action?pid=1810000401,2026-10-04
cpi_rent_index,Quebec,1975-06-01,,,1975-07-21,https://www150.statcan.gc.ca/t1/tbl1/en/tv.action?pid=1810000401,2026-10-04
cpi_rent_index,Quebec,1975-07-01,,,1975-08-21,https://www150.statcan.gc.ca/t1/tbl1/en/tv.action?pid=1810000401,2026-10-04
cpi_rent_index,Quebec,1975-08-01,,,1975-09-21,https://www150.statcan.gc.ca/t1/tbl1/en/tv.action?pid=1810000401,2026-10-04
cpi_rent_index,Quebec,1975-09-01,,,1975-10-21,https://www150.statcan.gc.ca/t1/tbl1/en/tv.action?pid=1810000401,2026-10-04
cpi_rent_index,Quebec,1975-10-01,,,1975-11-21,https://www150.statcan.gc.ca/t1/tbl1/en/tv.action?pid=1810000401,2026-10-04
cpi_rent_index,Quebec,1975-11-01,,,1975-12-21,https://www150.statcan.gc.ca/t1/tbl1/en/tv.action?pid=1810000401,2026-10-04
cpi_rent_index,Quebec,1975-12-01,,,1976-01-21,https://www150.statcan.gc.ca/t1/tbl1/en/tv.action?pid=1810000401,2026-10-04
cpi_rent_index,Quebec,1976-01-01,,,1976-02-21,https://www150.statcan.gc.ca/t1/tbl1/en/tv.action?pid=1810000401,2026-10-04
cpi_rent_index,Quebec,1976-02-01,,,1976-03-21,https://www150.statcan.gc.ca/t1/tbl1/en/tv.action?pid=1810000401,2026-10-04
cpi_rent_index,Quebec,1976-03-01,,,1976-04-21,https://www150.statcan.gc.ca/t1/tbl1/en/tv.action?pid=1810000401,2026-10-04
cpi_rent_index,Quebec,1976-04-01,,,1976-05-21,https://www150.statcan.gc.ca/t1/tbl1/en/tv.action?pid=1810000401,2026-10-04
cpi_rent_index,Quebec,1976-05-01,,,1976-06-21,https://www150.statcan.gc.ca/t1/tbl1/en/tv.action?pid=1810000401,2026-10-04
cpi_rent_index,Quebec,1976-06-01,,,1976-07-21,https://www150.statcan.gc.ca/t1/tbl1/en/tv.action?pid=1810000401,2026-10-04
cpi_rent_index,Quebec,1976-07-01,,,1976-08-21,https://www150.statcan.gc.ca/t1/tbl1/en/tv.action?pid=1810000401,2026-10-04
cpi_rent_index,Quebec,1976-08-01,,,1976-09-21,https://www150.statcan.gc.ca/t1/tbl1/en/tv.action?pid=1810000401,2026-10-04
cpi_rent_index,Quebec,1976-09-01,,,1976-10-21,https://www150.statcan.gc.ca/t1/tbl1/en/tv.action?pid=1810000401,2026-10-04
cpi_rent_index,Quebec,1976-10-01,,,1976-11-21,https://www150.statcan.gc.ca/t1/tbl1/en/tv.action?pid=1810000401,2026-10-04
cpi_rent_index,Quebec,1976-11-01,,,1976-12-21,https://www150.statcan.gc.ca/t1/tbl1/en/tv.action?pid=1810000401,2026-10-04
cpi_rent_index,Quebec,1976-12-01,,,1977-01-21,https://www150.statcan.gc.ca/t1/tbl1/en/tv.action?pid=1810000401,2026-10-04
cpi_rent_index,Quebec,1977-01-01,,,1977-02-21,https://www150.statcan.gc.ca/t1/tbl1/en/tv.action?pid=1810000401,2026-10-04
cpi_rent_index,Quebec,1977-02-01,,,1977-03-21,https://www150.statcan.gc.ca/t1/tbl1/en/tv.action?pid=1810000401,2026-10-04
cpi_rent_index,Quebec,1977-03-01,,,1977-04-21,https://www150.statcan.gc.ca/t1/tbl1/en/tv.action?pid=1810000401,2026-10-04
cpi_rent_index,Quebec,1977-04-01,,,1977-05-21,https://www150.statcan.gc.ca/t1/tbl1/en/tv.action?pid=1810000401,2026-10-04
cpi_rent_index,Quebec,1977-05-01,,,1977-06-21,https://www150.statcan.gc.ca/t1/tbl1/en/tv.action?pid=1810000401,2026-10-04
cpi_rent_index,Quebec,1977-06-01,,,1977-07-21,https://www150.statcan.gc.ca/t1/tbl1/en/tv.action?pid=1810000401,2026-10-04
cpi_rent_index,Quebec,1977-07-01,,,1977-08-21,https://www150.statcan.gc.ca/t1/tbl1/en/tv.action?pid=1810000401,2026-10-04
cpi_rent_index,Quebec,1977-08-01,,,1977-09-21,https://www150.statcan.gc.ca/t1/tbl1/en/tv.action?pid=1810000401,2026-10-04
cpi_rent_index,Quebec,1977-09-01,,,1977-10-21,https://www150.statcan.gc.ca/t1/tbl1/en/tv.action?pid=1810000401,2026-10-04
cpi_rent_index,Quebec,1977-10-01,,,1977-11-21,https://www150.statcan.gc.ca/t1/tbl1/en/tv.action?pid=1810000401,2026-10-04
cpi_rent_index,Quebec,1977-11-01,,,1977-12-21,https://www150.statcan.gc.ca/t1/tbl1/en/tv.action?pid=1810000401,2026-10-04
cpi_rent_index,Quebec,1977-12-01,,,1978-01-21,https://www150.statcan.gc.ca/t1/tbl1/en/tv.action?pid=1810000401,2026-10-04
cpi_rent_index,Quebec,1978-01-01,,,1978-02-21,https://www150.statcan.gc.ca/t1/tbl1/en/tv.action?pid=1810000401,2026-10-04
cpi_rent_index,Quebec,1978-02-01,,,1978-03-21,https://www150.statcan.gc.ca/t1/tbl1/en/tv.action?pid=1810000401,2026-10-04
cpi_rent_index,Quebec,1978-03-01,,,1978-04-21,https://www150.statcan.gc.ca/t1/tbl1/en/tv.action?pid=1810000401,2026-10-04
cpi_rent_index,Quebec,1978-04-01,,,1978-05-21,https://www150.statcan.gc.ca/t1/tbl1/en/tv.action?pid=1810000401,2026-10-04
cpi_rent_index,Quebec,1978-05-01,,,1978-06-21,https://www150.statcan.gc.ca/t1/tbl1/en/tv.action?pid=1810000401,2026-10-04
cpi_rent_index,Quebec,1978-06-01,,,1978-07-21,https://www150.statcan.gc.ca/t1/tbl1/en/tv.action?pid=1810000401,2026-10-04
cpi_rent_index,Quebec,1978-07-01,,,1978-08-21,https://www150.statcan.gc.ca/t1/tbl1/en/tv.action?pid=1810000401,2026-10-04
cpi_rent_index,Quebec,1978-08-01,,,1978-09-21,https://www150.statcan.gc.ca/t1/tbl1/en/tv.action?pid=1810000401,2026-10-04
cpi_rent_index,Quebec,1978-09-01,45.3,,1978-10-21,https://www150.statcan.gc.ca/t1/tbl1/en/tv.action?pid=1810000401,2026-10-04
cpi_rent_index,Quebec,1978-10-01,45.4,,1978-11-21,https://www150.statcan.gc.ca/t1/tbl1/en/tv.action?pid=1810000401,2026-10-04
cpi_rent_index,Quebec,1978-11-01,45.5,,1978-12-21,https://www150.statcan.gc.ca/t1/tbl1/en/tv.action?pid=1810000401,2026-10-04
cpi_rent_index,Quebec,1978-12-01,45.6,,1979-01-21,https://www150.statcan.gc.ca/t1/tbl1/en/tv.action?pid=1810000401,2026-10-04
cpi_rent_index,Quebec,1979-01-01,45.6,,1979-02-21,https://www150.statcan.gc.ca/t1/tbl1/en/tv.action?pid=1810000401,2026-10-04
cpi_rent_index,Quebec,1979-02-01,45.7,,1979-03-21,https://www150.statcan.gc.ca/t1/tbl1/en/tv.action?pid=1810000401,2026-10-04
cpi_rent_index,Quebec,1979-03-01,45.7,,1979-04-21,https://www150.statcan.gc.ca/t1/tbl1/en/tv.action?pid=1810000401,2026-10-04
cpi_rent_index,Quebec,1979-04-01,45.7,,1979-05-21,https://www150.statcan.gc.ca/t1/tbl1/en/tv.action?pid=1810000401,2026-10-04
cpi_rent_index,Quebec,1979-05-01,45.8,,1979-06-21,https://www150.statcan.gc.ca/t1/tbl1/en/tv.action?pid=1810000401,2026-10-04
cpi_rent_index,Quebec,1979-06-01,45.9,,1979-07-21,https://www150.statcan.gc.ca/t1/tbl1/en/tv.action?pid=1810000401,2026-10-04
cpi_rent_index,Quebec,1979-07-01,46.0,,1979-08-21,https://www150.statcan.gc.ca/t1/tbl1/en/tv.action?pid=1810000401,2026-10-04
cpi_rent_index,Quebec,1979-08-01,47.2,,1979-09-21,https://www150.statcan.gc.ca/t1/tbl1/en/tv.action?pid=1810000401,2026-10-04
cpi_rent_index,Quebec,1979-09-01,47.4,4.635761589403975,1979-10-21,https://www150.statcan.gc.ca/t1/tbl1/en/tv.action?pid=1810000401,2026-10-04
cpi_rent_index,Quebec,1979-10-01,47.5,4.625550660792954,1979-11-21,https://www150.statcan.gc.ca/t1/tbl1/en/tv.action?pid=1810000401,2026-10-04
cpi_rent_index,Quebec,1979-11-01,47.6,4.615384615384621,1979-12-21,https://www150.statcan.gc.ca/t1/tbl1/en/tv.action?pid=1810000401,2026-10-04
cpi_rent_index,Quebec,1979-12-01,47.7,4.6052631578947345,1980-01-21,https://www150.statcan.gc.ca/t1/tbl1/en/tv.action?pid=1810000401,2026-10-04
cpi_rent_index,Quebec,1980-01-01,47.7,4.6052631578947345,1980-02-21,https://www150.statcan.gc.ca/t1/tbl1/en/tv.action?pid=1810000401,2026-10-04
cpi_rent_index,Quebec,1980-02-01,47.7,4.37636761487965,1980-03-21,https://www150.statcan.gc.ca/t1/tbl1/en/tv.action?pid=1810000401,2026-10-04
cpi_rent_index,Quebec,1980-03-01,47.8,4.59518599562363,1980-04-21,https://www150.statcan.gc.ca/t1/tbl1/en/tv.action?pid=1810000401,2026-10-04
cpi_rent_index,Quebec,1980-04-01,47.8,4.59518599562363,1980-05-21,https://www150.statcan.gc.ca/t1/tbl1/en/tv.action?pid=1810000401,2026-10-04
cpi_rent_index,Quebec,1980-05-01,47.9,4.585152838427953,1980-06-21,https://www150.statcan.gc.ca/t1/tbl1/en/tv.action?pid=1810000401,2026-10-04
cpi_rent_index,Quebec,1980-06-01,48.0,4.575163398692816,1980-07-21,https://www150.statcan.gc.ca/t1/tbl1/en/tv.action?pid=1810000401,2026-10-04
cpi_rent_index,Quebec,1980-07-01,48.2,4.782608695652191,1980-08-21,https://www150.statcan.gc.ca/t1/tbl1/en/tv.action?pid=1810000401,2026-10-04
cpi_rent_index,Quebec,1980-08-01,49.8,5.508474576271172,1980-09-21,https://www150.statcan.gc.ca/t1/tbl1/en/tv.action?pid=1810000401,2026-10-04
cpi_rent_index,Quebec,1980-09-01,49.9,5.2742616033755185,1980-10-21,https://www150.statcan.gc.ca/t1/tbl1/en/tv.action?pid=1810000401,2026-10-04
cpi_rent_index,Quebec,1980-10-01,50.1,5.4736842105263195,1980-11-21,https://www150.statcan.gc.ca/t1/tbl1/en/tv.action?pid=1810000401,2026-10-04
cpi_rent_index,Quebec,1980-11-01,50.2,5.462184873949583,1980-12-21,https://www150.statcan.gc.ca/t1/tbl1/en/tv.action?pid=1810000401,2026-10-04
cpi_rent_index,Quebec,1980-12-01,50.3,5.450733752620529,1981-01-21,https://www150.statcan.gc.ca/t1/tbl1/en/tv.action?pid=1810000401,2026-10-04
cpi_rent_index,Quebec,1981-01-01,50.3,5.450733752620529,1981-02-21,https://www150.statcan.gc.ca/t1/tbl1/en/tv.action?pid=1810000401,2026-10-04
cpi_rent_index,Quebec,1981-02-01,50.4,5.660377358490565,1981-03-21,https://www150.statcan.gc.ca/t1/tbl1/en/tv.action?pid=1810000401,2026-10-04
cpi_rent_index,Quebec,1981-03-01,50.5,5.648535564853563,1981-04-21,https://www150.statcan.gc.ca/t1/tbl1/en/tv.action?pid=1810000401,2026-10-04
cpi_rent_index,Quebec,1981-04-01,50.5,5.648535564853563,1981-05-21,https://www150.statcan.gc.ca/t1/tbl1/en/tv.action?pid=1810000401,2026-10-04
cpi_rent_index,Quebec,1981-05-01,50.6,5.636743215031315,1981-06-21,https://www150.statcan.gc.ca/t1/tbl1/en/tv.action?pid=1810000401,2026-10-04
cpi_rent_index,Quebec,1981-06-01,50.8,5.833333333333335,1981-07-21,https://www150.statcan.gc.ca/t1/tbl1/en/tv.action?pid=1810000401,2026-10-04
cpi_rent_index,Quebec,1981-07-01,51.0,5.809128630705396,1981-08-21,https://www150.statcan.gc.ca/t1/tbl1/en/tv.action?pid=1810000401,2026-10-04
cpi_rent_index,Quebec,1981-08-01,53.2,6.8273092369478094,1981-09-21,https://www150.statcan.gc.ca/t1/tbl1/en/tv.action?pid=1810000401,2026-10-04
cpi_rent_index,Quebec,1981-09-01,53.5,7.214428857715438,1981-10-21,https://www150.statcan.gc.ca/t1/tbl1/en/tv.action?pid=1810000401,2026-10-04
cpi_rent_index,Quebec,1981-10-01,53.7,7.185628742514982,1981-11-21,https://www150.statcan.gc.ca/t1/tbl1/en/tv.action?pid=1810000401,2026-10-04
cpi_rent_index,Quebec,1981-11-01,53.8,7.17131474103585,1981-12-21,https://www150.statcan.gc.ca/t1/tbl1/en/tv.action?pid=1810000401,2026-10-04
cpi_rent_index,Quebec,1981-12-01,53.8,6.958250497017904,1982-01-21,https://www150.statcan.gc.ca/t1/tbl1/en/tv.action?pid=1810000401,2026-10-04
cpi_rent_index,Quebec,1982-01-01,54.0,7.355864811133217,1982-02-21,https://www150.statcan.gc.ca/t1/tbl1/en/tv.action?pid=1810000401,2026-10-04
cpi_rent_index,Quebec,1982-02-01,54.0,7.14285714285714,1982-03-21,https://www150.statcan.gc.ca/t1/tbl1/en/tv.action?pid=1810000401,2026-10-04
cpi_rent_index,Quebec,1982-03-01,54.1,7.128712871287135,1982-04-21,https://www150.statcan.gc.ca/t1/tbl1/en/tv.action?pid=1810000401,2026-10-04
cpi_rent_index,Quebec,1982-04-01,54.4,7.72277227722773,1982-05-21,https://www150.statcan.gc.ca/t1/tbl1/en/tv.action?pid=1810000401,2026-10-04
cpi_rent_index,Quebec,1982-05-01,54.5,7.707509881422925,1982-06-21,https://www150.statcan.gc.ca/t1/tbl1/en/tv.action?pid=1810000401,2026-10-04
cpi_rent_index,Quebec,1982-06-01,54.8,7.874015748031504,1982-07-21,https://www150.statcan.gc.ca/t1/tbl1/en/tv.action?pid=1810000401,2026-10-04
cpi_rent_index,Quebec,1982-07-01,55.2,8.235294117647074,1982-08-21,https://www150.statcan.gc.ca/t1/tbl1/en/tv.action?pid=1810000401,2026-10-04
cpi_rent_index,Quebec,1982-08-01,59.4,11.65413533834585,1982-09-21,https://www150.statcan.gc.ca/t1/tbl1/en/tv.action?pid=1810000401,2026-10-04
cpi_rent_index,Quebec,1982-09-01,60.1,12.336448598130833,1982-10-21,https://www150.statcan.gc.ca/t1/tbl1/en/tv.action?pid=1810000401,2026-10-04
cpi_rent_index,Quebec,1982-10-01,60.5,12.662942271880805,1982-11-21,https://www150.statcan.gc.ca/t1/tbl1/en/tv.action?pid=1810000401,2026-10-04
cpi_rent_index,Quebec,1982-11-01,60.7,12.825278810408935,1982-12-21,https://www150.statcan.gc.ca/t1/tbl1/en/tv.action?pid=1810000401,2026-10-04
cpi_rent_index,Quebec,1982-12-01,60.7,12.825278810408935,1983-01-21,https://www150.statcan.gc.ca/t1/tbl1/en/tv.action?pid=1810000401,2026-10-04
cpi_rent_index,Quebec,1983-01-01,60.9,12.777777777777777,1983-02-21,https://www150.statcan.gc.ca/t1/tbl1/en/tv.action?pid=1810000401,2026-10-04
cpi_rent_index,Quebec,1983-02-01,60.9,12.777777777777777,1983-03-21,https://www150.statcan.gc.ca/t1/tbl1/en/tv.action?pid=1810000401,2026-10-04
cpi_rent_index,Quebec,1983-03-01,61.0,12.754158964879858,1983-04-21,https://www150.statcan.gc.ca/t1/tbl1/en/tv.action?pid=1810000401,2026-10-04
cpi_rent_index,Quebec,1983-04-01,61.2,12.5,1983-05-21,https://www150.statcan.gc.ca/t1/tbl1/en/tv.action?pid=1810000401,2026-10-04
cpi_rent_index,Quebec,1983-05-01,61.3,12.477064220183486,1983-06-21,https://www150.statcan.gc.ca/t1/tbl1/en/tv.action?pid=1810000401,2026-10-04
cpi_rent_index,Quebec,1983-06-01,61.5,12.226277372262784,1983-07-21,https://www150.statcan.gc.ca/t1/tbl1/en/tv.action?pid=1810000401,2026-10-04
cpi_rent_index,Quebec,1983-07-01,61.7,11.775362318840576,1983-08-21,https://www150.statcan.gc.ca/t1/tbl1/en/tv.action?pid=1810000401,2026-10-04
cpi_rent_index,Quebec,1983-08-01,64.5,8.585858585858585,1983-09-21,https://www150.statcan.gc.ca/t1/tbl1/en/tv.action?pid=1810000401,2026-10-04
cpi_rent_index,Quebec,1983-09-01,64.9,7.986688851913493,1983-10-21,https://www150.statcan.gc.ca/t1/tbl1/en/tv.action?pid=1810000401,2026-10-04
cpi_rent_index,Quebec,1983-10-01,65.1,7.603305785123959,1983-11-21,https://www150.statcan.gc.ca/t1/tbl1/en/tv.action?pid=1810000401,2026-10-04
cpi_rent_index,Quebec,1983-11-01,65.2,7.413509060955525,1983-12-21,https://www150.statcan.gc.ca/t1/tbl1/en/tv.action?pid=1810000401,2026-10-04
cpi_rent_index,Quebec,1983-12-01,65.4,7.742998352553543,1984-01-21,https://www150.statcan.gc.ca/t1/tbl1/en/tv.action?pid=1810000401,2026-10-04
cpi_rent_index,Quebec,1984-01-01,65.5,7.553366174055842,1984-02-21,https://www150.statcan.gc.ca/t1/tbl1/en/tv.action?pid=1810000401,2026-10-04
cpi_rent_index,Quebec,1984-02-01,65.6,7.7175697865353055,1984-03-21,https://www150.statcan.gc.ca/t1/tbl1/en/tv.action?pid=1810000401,2026-10-04
cpi_rent_index,Quebec,1984-03-01,65.6,7.540983606557372,1984-04-21,https://www150.statcan.gc.ca/t1/tbl1/en/tv.action?pid=1810000401,2026-10-04
cpi_rent_index,Quebec,1984-04-01,65.8,7.516339869281041,1984-05-21,https://www150.statcan.gc.ca/t1/tbl1/en/tv.action?pid=1810000401,2026-10-04
cpi_rent_index,Quebec,1984-05-01,65.9,7.504078303425787,1984-06-21,https://www150.statcan.gc.ca/t1/tbl1/en/tv.action?pid=1810000401,2026-10-04
cpi_rent_index,Quebec,1984-06-01,65.9,7.154471544715446,1984-07-21,https://www150.statcan.gc.ca/t1/tbl1/en/tv.action?pid=1810000401,2026-10-04
cpi_rent_index,Quebec,1984-07-01,66.1,7.131280388978922,1984-08-21,https://www150.statcan.gc.ca/t1/tbl1/en/tv.action?pid=1810000401,2026-10-04
cpi_rent_index,Quebec,1984-08-01,68.1,5.581395348837193,1984-09-21,https://www150.statcan.gc.ca/t1/tbl1/en/tv.action?pid=1810000401,2026-10-04
cpi_rent_index,Quebec,1984-09-01,68.3,5.238828967642517,1984-10-21,https://www150.statcan.gc.ca/t1/tbl1/en/tv.action?pid=1810000401,2026-10-04
cpi_rent_index,Quebec,1984-10-01,68.5,5.222734254992334,1984-11-21,https://www150.statcan.gc.ca/t1/tbl1/en/tv.action?pid=1810000401,2026-10-04
cpi_rent_index,Quebec,1984-11-01,68.6,5.21472392638036,1984-12-21,https://www150.statcan.gc.ca/t1/tbl1/en/tv.action?pid=1810000401,2026-10-04
cpi_rent_index,Quebec,1984-12-01,68.8,5.198776758409762,1985-01-21,https://www150.statcan.gc.ca/t1/tbl1/en/tv.action?pid=1810000401,2026-10-04
cpi_rent_index,Quebec,1985-01-01,68.8,5.038167938931304,1985-02-21,https://www150.statcan.gc.ca/t1/tbl1/en/tv.action?pid=1810000401,2026-10-04
cpi_rent_index,Quebec,1985-02-01,68.9,5.03048780487807,1985-03-21,https://www150.statcan.gc.ca/t1/tbl1/en/tv.action?pid=1810000401,2026-10-04
cpi_rent_index,Quebec,1985-03-01,68.9,5.03048780487807,1985-04-21,https://www150.statcan.gc.ca/t1/tbl1/en/tv.action?pid=1810000401,2026-10-04
cpi_rent_index,Quebec,1985-04-01,69.0,4.863221884498481,1985-05-21,https://www150.statcan.gc.ca/t1/tbl1/en/tv.action?pid=1810000401,2026-10-04
cpi_rent_index,Quebec,1985-05-01,69.1,4.855842185128956,1985-06-21,https://www150.statcan.gc.ca/t1/tbl1/en/tv.action?pid=1810000401,2026-10-04
cpi_rent_index,Quebec,1985-06-01,69.3,5.159332321699539,1985-07-21,https://www150.statcan.gc.ca/t1/tbl1/en/tv.action?pid=1810000401,2026-10-04
cpi_rent_index,Quebec,1985-07-01,69.4,4.992435703479603,1985-08-21,https://www150.statcan.gc.ca/t1/tbl1/en/tv.action?pid=1810000401,2026-10-04
cpi_rent_index,Quebec,1985-08-01,71.3,4.698972099853171,1985-09-21,https://www150.statcan.gc.ca/t1/tbl1/en/tv.action?pid=1810000401,2026-10-04
cpi_rent_index,Quebec,1985-09-01,71.5,4.685212298682284,1985-10-21,https://www150.statcan.gc.ca/t1/tbl1/en/tv.action?pid=1810000401,2026-10-04
cpi_rent_index,Quebec,1985-10-01,71.7,4.671532846715332,1985-11-21,https://www150.statcan.gc.ca/t1/tbl1/en/tv.action?pid=1810000401,2026-10-04
cpi_rent_index,Quebec,1985-11-01,71.8,4.664723032069973,1985-12-21,https://www150.statcan.gc.ca/t1/tbl1/en/tv.action?pid=1810000401,2026-10-04
cpi_rent_index,Quebec,1985-12-01,72.0,4.651162790697683,1986-01-21,https://www150.statcan.gc.ca/t1/tbl1/en/tv.action?pid=1810000401,2026-10-04
cpi_rent_index,Quebec,1986-01-01,72.0,4.651162790697683,1986-02-21,https://www150.statcan.gc.ca/t1/tbl1/en/tv.action?pid=1810000401,2026-10-04
cpi_rent_index,Quebec,1986-02-01,72.1,4.644412191581981,1986-03-21,https://www150.statcan.gc.ca/t1/tbl1/en/tv.action?pid=1810000401,2026-10-04
cpi_rent_index,Quebec,1986-03-01,72.2,4.789550072568938,1986-04-21,https://www150.statcan.gc.ca/t1/tbl1/en/tv.action?pid=1810000401,2026-10-04
cpi_rent_index,Quebec,1986-04-01,72.3,4.7826086956521685,1986-05-21,https://www150.statcan.gc.ca/t1/tbl1/en/tv.action?pid=1810000401,2026-10-04
cpi_rent_index,Quebec,1986-05-01,72.4,4.775687409551388,1986-06-21,https://www150.statcan.gc.ca/t1/tbl1/en/tv.action?pid=1810000401,2026-10-04
cpi_rent_index,Quebec,1986-06-01,72.5,4.6176046176046315,1986-07-21,https://www150.statcan.gc.ca/t1/tbl1/en/tv.action?pid=1810000401,2026-10-04
cpi_rent_index,Quebec,1986-07-01,72.9,5.04322766570604,1986-08-21,https://www150.statcan.gc.ca/t1/tbl1/en/tv.action?pid=1810000401,2026-10-04
cpi_rent_index,Quebec,1986-08-01,74.7,4.768583450210384,1986-09-21,https://www150.statcan.gc.ca/t1/tbl1/en/tv.action?pid=1810000401,2026-10-04
cpi_rent_index,Quebec,1986-09-01,74.9,4.7552447552447585,1986-10-21,https://www150.statcan.gc.ca/t1/tbl1/en/tv.action?pid=1810000401,2026-10-04
cpi_rent_index,Quebec,1986-10-01,75.1,4.7419804741980265,1986-11-21,https://www150.statcan.gc.ca/t1/tbl1/en/tv.action?pid=1810000401,2026-10-04
cpi_rent_index,Quebec,1986-11-01,75.3,4.874651810584951,1986-12-21,https://www150.statcan.gc.ca/t1/tbl1/en/tv.action?pid=1810000401,2026-10-04
cpi_rent_index,Quebec,1986-12-01,75.4,4.722222222222228,1987-01-21,https://www150.statcan.gc.ca/t1/tbl1/en/tv.action?pid=1810000401,2026-10-04
cpi_rent_index,Quebec,1987-01-01,75.5,4.861111111111116,1987-02-21,https://www150.statcan.gc.ca/t1/tbl1/en/tv.action?pid=1810000401,2026-10-04
cpi_rent_index,Quebec,1987-02-01,75.5,4.715672676837723,1987-03-21,https://www150.statcan.gc.ca/t1/tbl1/en/tv.action?pid=1810000401,2026-10-04
cpi_rent_index,Quebec,1987-03-01,75.6,4.709141274238204,1987-04-21,https://www150.statcan.gc.ca/t1/tbl1/en/tv.action?pid=1810000401,2026-10-04
cpi_rent_index,Quebec,1987-04-01,75.7,4.7026279391424675,1987-05-21,https://www150.statcan.gc.ca/t1/tbl1/en/tv.action?pid=1810000401,2026-10-04
cpi_rent_index,Quebec,1987-05-01,75.7,4.558011049723754,1987-06-21,https://www150.statcan.gc.ca/t1/tbl1/en/tv.action?pid=1810000401,2026-10-04
cpi_rent_index,Quebec,1987-06-01,75.9,4.689655172413798,1987-07-21,https://www150.statcan.gc.ca/t1/tbl1/en/tv.action?pid=1810000401,2026-10-04
cpi_rent_index,Quebec,1987-07-01,75.9,4.115226337448563,1987-08-21,https://www150.statcan.gc.ca/t1/tbl1/en/tv.action?pid=1810000401,2026-10-04
cpi_rent_index,Quebec,1987-08-01,77.6,3.8821954484604904,1987-09-21,https://www150.statcan.gc.ca/t1/tbl1/en/tv.action?pid=1810000401,2026-10-04
cpi_rent_index,Quebec,1987-09-01,77.8,3.871829105473945,1987-10-21,https://www150.statcan.gc.ca/t1/tbl1/en/tv.action?pid=1810000401,2026-10-04
cpi_rent_index,Quebec,1987-10-01,78.0,3.8615179760319585,1987-11-21,https://www150.statcan.gc.ca/t1/tbl1/en/tv.action?pid=1810000401,2026-10-04
cpi_rent_index,Quebec,1987-11-01,78.1,3.7184594953519223,1987-12-21,https://www150.statcan.gc.ca/t1/tbl1/en/tv.action?pid=1810000401,2026-10-04
cpi_rent_index,Quebec,1987-12-01,78.1,3.5809018567639184,1988-01-21,https://www150.statcan.gc.ca/t1/tbl1/en/tv.action?pid=1810000401,2026-10-04
cpi_rent_index,Quebec,1988-01-01,78.3,3.7086092715231667,1988-02-21,https://www150.statcan.gc.ca/t1/tbl1/en/tv.action?pid=1810000401,2026-10-04
cpi_rent_index,Quebec,1988-02-01,78.3,3.7086092715231667,1988-03-21,https://www150.statcan.gc.ca/t1/tbl1/en/tv.action?pid=1810000401,2026-10-04
cpi_rent_index,Quebec,1988-03-01,78.5,3.835978835978837,1988-04-21,https://www150.statcan.gc.ca/t1/tbl1/en/tv.action?pid=1810000401,2026-10-04
cpi_rent_index,Quebec,1988-04-01,78.5,3.6988110964332854,1988-05-21,https://www150.statcan.gc.ca/t1/tbl1/en/tv.action?pid=1810000401,2026-10-04
cpi_rent_index,Quebec,1988-05-01,78.7,3.9630118890356725,1988-06-21,https://www150.statcan.gc.ca/t1/tbl1/en/tv.action?pid=1810000401,2026-10-04
cpi_rent_index,Quebec,1988-06-01,78.8,3.820816864295118,1988-07-21,https://www150.statcan.gc.ca/t1/tbl1/en/tv.action?pid=1810000401,2026-10-04
cpi_rent_index,Quebec,1988-07-01,78.9,3.9525691699604737,1988-08-21,https://www150.statcan.gc.ca/t1/tbl1/en/tv.action?pid=1810000401,2026-10-04
cpi_rent_index,Quebec,1988-08-01,80.8,4.123711340206193,1988-09-21,https://www150.statcan.gc.ca/t1/tbl1/en/tv.action?pid=1810000401,2026-10-04
cpi_rent_index,Quebec,1988-09-01,81.2,4.370179948586128,1988-10-21,https://www150.statcan.gc.ca/t1/tbl1/en/tv.action?pid=1810000401,2026-10-04
cpi_rent_index,Quebec,1988-10-01,81.5,4.487179487179493,1988-11-21,https://www150.statcan.gc.ca/t1/tbl1/en/tv.action?pid=1810000401,2026-10-04
cpi_rent_index,Quebec,1988-11-01,81.7,4.609475032010257,1988-12-21,https://www150.statcan.gc.ca/t1/tbl1/en/tv.action?pid=1810000401,2026-10-04
cpi_rent_index,Quebec,1988-12-01,82.0,4.993597951344442,1989-01-21,https://www150.statcan.gc.ca/t1/tbl1/en/tv.action?pid=1810000401,2026-10-04
cpi_rent_index,Quebec,1989-01-01,82.0,4.725415070242667,1989-02-21,https://www150.statcan.gc.ca/t1/tbl1/en/tv.action?pid=1810000401,2026-10-04
cpi_rent_index,Quebec,1989-02-01,82.2,4.980842911877392,1989-03-21,https://www150.statcan.gc.ca/t1/tbl1/en/tv.action?pid=1810000401,2026-10-04
cpi_rent_index,Quebec,1989-03-01,82.3,4.84076433121019,1989-04-21,https://www150.statcan.gc.ca/t1/tbl1/en/tv.action?pid=1810000401,2026-10-04
cpi_rent_index,Quebec,1989-04-01,82.6,5.222929936305731,1989-05-21,https://www150.statcan.gc.ca/t1/tbl1/en/tv.action?pid=1810000401,2026-10-04
cpi_rent_index,Quebec,1989-05-01,82.9,5.336721728081328,1989-06-21,https://www150.statcan.gc.ca/t1/tbl1/en/tv.action?pid=1810000401,2026-10-04
cpi_rent_index,Quebec,1989-06-01,83.0,5.3299492385786795,1989-07-21,https://www150.statcan.gc.ca/t1/tbl1/en/tv.action?pid=1810000401,2026-10-04
cpi_rent_index,Quebec,1989-07-01,83.1,5.323193916349789,1989-08-21,https://www150.statcan.gc.ca/t1/tbl1/en/tv.action?pid=1810000401,2026-10-04
cpi_rent_index,Quebec,1989-08-01,84.8,4.950495049504955,1989-09-21,https://www150.statcan.gc.ca/t1/tbl1/en/tv.action?pid=1810000401,2026-10-04
cpi_rent_index,Quebec,1989-09-01,85.1,4.802955665024622,1989-10-21,https://www150.statcan.gc.ca/t1/tbl1/en/tv.action?pid=1810000401,2026-10-04
cpi_rent_index,Quebec,1989-10-01,85.3,4.66257668711656,1989-11-21,https://www150.statcan.gc.ca/t1/tbl1/en/tv.action?pid=1810000401,2026-10-04
cpi_rent_index,Quebec,1989-11-01,85.4,4.528763769889843,1989-12-21,https://www150.statcan.gc.ca/t1/tbl1/en/tv.action?pid=1810000401,2026-10-04
cpi_rent_index,Quebec,1989-12-01,85.4,4.146341463414638,1990-01-21,https://www150.statcan.gc.ca/t1/tbl1/en/tv.action?pid=1810000401,2026-10-04
cpi_rent_index,Quebec,1990-01-01,85.4,4.146341463414638,1990-02-21,https://www150.statcan.gc.ca/t1/tbl1/en/tv.action?pid=1810000401,2026-10-04
cpi_rent_index,Quebec,1990-02-01,85.5,4.014598540145986,1990-03-21,https://www150.statcan.gc.ca/t1/tbl1/en/tv.action?pid=1810000401,2026-10-04
cpi_rent_index,Quebec,1990-03-01,85.5,3.888213851761857,1990-04-21,https://www150.statcan.gc.ca/t1/tbl1/en/tv.action?pid=1810000401,2026-10-04
cpi_rent_index,Quebec,1990-04-01,85.6,3.6319612590798966,1990-05-21,https://www150.statcan.gc.ca/t1/tbl1/en/tv.action?pid=1810000401,2026-10-04
cpi_rent_index,Quebec,1990-05-01,85.6,3.2569360675512637,1990-06-21,https://www150.statcan.gc.ca/t1/tbl1/en/tv.action?pid=1810000401,2026-10-04
cpi_rent_index,Quebec,1990-06-01,85.7,3.2530120481927716,1990-07-21,https://www150.statcan.gc.ca/t1/tbl1/en/tv.action?pid=1810000401,2026-10-04
cpi_rent_index,Quebec,1990-07-01,85.8,3.2490974729241895,1990-08-21,https://www150.statcan.gc.ca/t1/tbl1/en/tv.action?pid=1810000401,2026-10-04
cpi_rent_index,Quebec,1990-08-01,87.3,2.948113207547176,1990-09-21,https://www150.statcan.gc.ca/t1/tbl1/en/tv.action?pid=1810000401,2026-10-04
cpi_rent_index,Quebec,1990-09-01,87.5,2.820211515863691,1990-10-21,https://www150.statcan.gc.ca/t1/tbl1/en/tv.action?pid=1810000401,2026-10-04
cpi_rent_index,Quebec,1990-10-01,87.7,2.8135990621336537,1990-11-21,https://www150.statcan.gc.ca/t1/tbl1/en/tv.action?pid=1810000401,2026-10-04
cpi_rent_index,Quebec,1990-11-01,87.8,2.810304449648693,1990-12-21,https://www150.statcan.gc.ca/t1/tbl1/en/tv.action?pid=1810000401,2026-10-04
cpi_rent_index,Quebec,1990-12-01,87.9,2.927400468384067,1991-01-21,https://www150.statcan.gc.ca/t1/tbl1/en/tv.action?pid=1810000401,2026-10-04
cpi_rent_index,Quebec,1991-01-01,88.0,3.0444964871194413,1991-02-21,https://www150.statcan.gc.ca/t1/tbl1/en/tv.action?pid=1810000401,2026-10-04
cpi_rent_index,Quebec,1991-02-01,88.0,2.923976608187129,1991-03-21,https://www150.statcan.gc.ca/t1/tbl1/en/tv.action?pid=1810000401,2026-10-04
cpi_rent_index,Quebec,1991-03-01,88.0,2.923976608187129,1991-04-21,https://www150.statcan.gc.ca/t1/tbl1/en/tv.action?pid=1810000401,2026-10-04
cpi_rent_index,Quebec,1991-04-01,88.0,2.8037383177570208,1991-05-21,https://www150.statcan.gc.ca/t1/tbl1/en/tv.action?pid=1810000401,2026-10-04
cpi_rent_index,Quebec,1991-05-01,88.1,2.9205607476635587,1991-06-21,https://www150.statcan.gc.ca/t1/tbl1/en/tv.action?pid=1810000401,2026-10-04
cpi_rent_index,Quebec,1991-06-01,88.2,2.9171528588098017,1991-07-21,https://www150.statcan.gc.ca/t1/tbl1/en/tv.action?pid=1810000401,2026-10-04
cpi_rent_index,Quebec,1991-07-01,88.3,2.9137529137529095,1991-08-21,https://www150.statcan.gc.ca/t1/tbl1/en/tv.action?pid=1810000401,2026-10-04
cpi_rent_index,Quebec,1991-08-01,89.7,2.749140893470803,1991-09-21,https://www150.statcan.gc.ca/t1/tbl1/en/tv.action?pid=1810000401,2026-10-04
cpi_rent_index,Quebec,1991-09-01,89.9,2.742857142857158,1991-10-21,https://www150.statcan.gc.ca/t1/tbl1/en/tv.action?pid=1810000401,2026-10-04
cpi_rent_index,Quebec,1991-10-01,90.0,2.6225769669327326,1991-11-21,https://www150.statcan.gc.ca/t1/tbl1/en/tv.action?pid=1810000401,2026-10-04
cpi_rent_index,Quebec,1991-11-01,90.0,2.505694760820054,1991-12-21,https://www150.statcan.gc.ca/t1/tbl1/en/tv.action?pid=1810000401,2026-10-04
cpi_rent_index,Quebec,1991-12-01,90.1,2.5028441410693825,1992-01-21,https://www150.statcan.gc.ca/t1/tbl1/en/tv.action?pid=1810000401,2026-10-04
cpi_rent_index,Quebec,1992-01-01,90.1,2.38636363636362,1992-02-21,https://www150.statcan.gc.ca/t1/tbl1/en/tv.action?pid=1810000401,2026-10-04
cpi_rent_index,Quebec,1992-02-01,90.1,2.38636363636362,1992-03-21,https://www150.statcan.gc.ca/t1/tbl1/en/tv.action?pid=1810000401,2026-10-04
cpi_rent_index,Quebec,1992-03-01,90.2,2.5000000000000133,1992-04-21,https://www150.statcan.gc.ca/t1/tbl1/en/tv.action?pid=1810000401,2026-10-04
cpi_rent_index,Quebec,1992-04-01,90.3,2.6136363636363624,1992-05-21,https://www150.statcan.gc.ca/t1/tbl1/en/tv.action?pid=1810000401,2026-10-04
cpi_rent_index,Quebec,1992-05-01,90.4,2.610669693530099,1992-06-21,https://www150.statcan.gc.ca/t1/tbl1/en/tv.action?pid=1810000401,2026-10-04
cpi_rent_index,Quebec,1992-06-01,90.4,2.4943310657596474,1992-07-21,https://www150.statcan.gc.ca/t1/tbl1/en/tv.action?pid=1810000401,2026-10-04
cpi_rent_index,Quebec,1992-07-01,90.6,2.6047565118912708,1992-08-21,https://www150.statcan.gc.ca/t1/tbl1/en/tv.action?pid=1810000401,2026-10-04
cpi_rent_index,Quebec,1992-08-01,91.5,2.006688963210701,1992-09-21,https://www150.statcan.gc.ca/t1/tbl1/en/tv.action?pid=1810000401,2026-10-04
cpi_rent_index,Quebec,1992-09-01,91.8,2.1134593993325845,1992-10-21,https://www150.statcan.gc.ca/t1/tbl1/en/tv.action?pid=1810000401,2026-10-04
cpi_rent_index,Quebec,1992-10-01,92.0,2.2222222222222143,1992-11-21,https://www150.statcan.gc.ca/t1/tbl1/en/tv.action?pid=1810000401,2026-10-04
cpi_rent_index,Quebec,1992-11-01,92.0,2.2222222222222143,1992-12-21,https://www150.statcan.gc.ca/t1/tbl1/en/tv.action?pid=1810000401,2026-10-04
cpi_rent_index,Quebec,1992-12-01,92.1,2.219755826859049,1993-01-21,https://www150.statcan.gc.ca/t1/tbl1/en/tv.action?pid=1810000401,2026-10-04
cpi_rent_index,Quebec,1993-01-01,92.1,2.219755826859049,1993-02-21,https://www150.statcan.gc.ca/t1/tbl1/en/tv.action?pid=1810000401,2026-10-04
cpi_rent_index,Quebec,1993-02-01,92.1,2.219755826859049,1993-03-21,https://www150.statcan.gc.ca/t1/tbl1/en/tv.action?pid=1810000401,2026-10-04
cpi_rent_index,Quebec,1993-03-01,92.1,2.106430155210637,1993-04-21,https://www150.statcan.gc.ca/t1/tbl1/en/tv.action?pid=1810000401,2026-10-04
cpi_rent_index,Quebec,1993-04-01,92.2,2.1040974529346723,1993-05-21,https://www150.statcan.gc.ca/t1/tbl1/en/tv.action?pid=1810000401,2026-10-04
cpi_rent_index,Quebec,1993-05-01,92.2,1.9911504424778625,1993-06-21,https://www150.statcan.gc.ca/t1/tbl1/en/tv.action?pid=1810000401,2026-10-04
cpi_rent_index,Quebec,1993-06-01,92.3,2.101769911504414,1993-07-21,https://www150.statcan.gc.ca/t1/tbl1/en/tv.action?pid=1810000401,2026-10-04
cpi_rent_index,Quebec,1993-07-01,92.4,1.9867549668874274,1993-08-21,https://www150.statcan.gc.ca/t1/tbl1/en/tv.action?pid=1810000401,2026-10-04
cpi_rent_index,Quebec,1993-08-01,93.1,1.7486338797814138,1993-09-21,https://www150.statcan.gc.ca/t1/tbl1/en/tv.action?pid=1810000401,2026-10-04
cpi_rent_index,Quebec,1993-09-01,93.1,1.4161220043573008,1993-10-21,https://www150.statcan.gc.ca/t1/tbl1/en/tv.action?pid=1810000401,2026-10-04
cpi_rent_index,Quebec,1993-10-01,93.2,1.304347826086949,1993-11-21,https://www150.statcan.gc.ca/t1/tbl1/en/tv.action?pid=1810000401,2026-10-04
cpi_rent_index,Quebec,1993-11-01,93.3,1.4130434782608559,1993-12-21,https://www150.statcan.gc.ca/t1/tbl1/en/tv.action?pid=1810000401,2026-10-04
cpi_rent_index,Quebec,1993-12-01,93.3,1.3029315960912058,1994-01-21,https://www150.statcan.gc.ca/t1/tbl1/en/tv.action?pid=1810000401,2026-10-04
cpi_rent_index,Quebec,1994-01-01,93.4,1.4115092290988285,1994-02-21,https://www150.statcan.gc.ca/t1/tbl1/en/tv.action?pid=1810000401,2026-10-04
cpi_rent_index,Quebec,1994-02-01,93.4,1.4115092290988285,1994-03-21,https://www150.statcan.gc.ca/t1/tbl1/en/tv.action?pid=1810000401,2026-10-04
cpi_rent_index,Quebec,1994-03-01,93.4,1.4115092290988285,1994-04-21,https://www150.statcan.gc.ca/t1/tbl1/en/tv.action?pid=1810000401,2026-10-04
cpi_rent_index,Quebec,1994-04-01,93.5,1.4099783080260275,1994-05-21,https://www150.statcan.gc.ca/t1/tbl1/en/tv.action?pid=1810000401,2026-10-04
cpi_rent_index,Quebec,1994-05-01,93.5,1.4099783080260275,1994-06-21,https://www150.statcan.gc.ca/t1/tbl1/en/tv.action?pid=1810000401,2026-10-04
cpi_rent_index,Quebec,1994-06-01,93.6,1.4084507042253502,1994-07-21,https://www150.statcan.gc.ca/t1/tbl1/en/tv.action?pid=1810000401,2026-10-04
cpi_rent_index,Quebec,1994-07-01,93.7,1.406926406926412,1994-08-21,https://www150.statcan.gc.ca/t1/tbl1/en/tv.action?pid=1810000401,2026-10-04
cpi_rent_index,Quebec,1994-08-01,94.1,1.074113856068748,1994-09-21,https://www150.statcan.gc.ca/t1/tbl1/en/tv.action?pid=1810000401,2026-10-04
cpi_rent_index,Quebec,1994-09-01,94.2,1.1815252416756294,1994-10-21,https://www150.statcan.gc.ca/t1/tbl1/en/tv.action?pid=1810000401,2026-10-04
cpi_rent_index,Quebec,1994-10-01,94.2,1.0729613733905685,1994-11-21,https://www150.statcan.gc.ca/t1/tbl1/en/tv.action?pid=1810000401,2026-10-04
cpi_rent_index,Quebec,1994-11-01,94.4,1.1789924973204746,1994-12-21,https://www150.statcan.gc.ca/t1/tbl1/en/tv.action?pid=1810000401,2026-10-04
cpi_rent_index,Quebec,1994-12-01,94.6,1.3933547695605508,1995-01-21,https://www150.statcan.gc.ca/t1/tbl1/en/tv.action?pid=1810000401,2026-10-04
cpi_rent_index,Quebec,1995-01-01,94.6,1.2847965738757905,1995-02-21,https://www150.statcan.gc.ca/t1/tbl1/en/tv.action?pid=1810000401,2026-10-04
cpi_rent_index,Quebec,1995-02-01,94.6,1.2847965738757905,1995-03-21,https://www150.statcan.gc.ca/t1/tbl1/en/tv.action?pid=1810000401,2026-10-04
cpi_rent_index,Quebec,1995-03-01,94.6,1.2847965738757905,1995-04-21,https://www150.statcan.gc.ca/t1/tbl1/en/tv.action?pid=1810000401,2026-10-04
cpi_rent_index,Quebec,1995-04-01,94.7,1.2834224598930577,1995-05-21,https://www150.statcan.gc.ca/t1/tbl1/en/tv.action?pid=1810000401,2026-10-04
cpi_rent_index,Quebec,1995-05-01,94.7,1.2834224598930577,1995-06-21,https://www150.statcan.gc.ca/t1/tbl1/en/tv.action?pid=1810000401,2026-10-04
cpi_rent_index,Quebec,1995-06-01,94.8,1.2820512820512775,1995-07-21,https://www150.statcan.gc.ca/t1/tbl1/en/tv.action?pid=1810000401,2026-10-04
cpi_rent_index,Quebec,1995-07-01,94.8,1.1739594450373536,1995-08-21,https://www150.statcan.gc.ca/t1/tbl1/en/tv.action?pid=1810000401,2026-10-04
cpi_rent_index,Quebec,1995-08-01,95.1,1.0626992561105109,1995-09-21,https://www150.statcan.gc.ca/t1/tbl1/en/tv.action?pid=1810000401,2026-10-04
cpi_rent_index,Quebec,1995-09-01,95.2,1.0615711252653925,1995-10-21,https://www150.statcan.gc.ca/t1/tbl1/en/tv.action?pid=1810000401,2026-10-04
cpi_rent_index,Quebec,1995-10-01,95.3,1.1677282377919207,1995-11-21,https://www150.statcan.gc.ca/t1/tbl1/en/tv.action?pid=1810000401,2026-10-04
cpi_rent_index,Quebec,1995-11-01,95.3,0.9533898305084554,1995-12-21,https://www150.statcan.gc.ca/t1/tbl1/en/tv.action?pid=1810000401,2026-10-04
cpi_rent_index,Quebec,1995-12-01,95.4,0.8456659619450413,1996-01-21,https://www150.statcan.gc.ca/t1/tbl1/en/tv.action?pid=1810000401,2026-10-04
cpi_rent_index,Quebec,1996-01-01,95.4,0.8456659619450413,1996-02-21,https://www150.statcan.gc.ca/t1/tbl1/en/tv.action?pid=1810000401,2026-10-04
cpi_rent_index,Quebec,1996-02-01,95.5,0.9513742071881603,1996-03-21,https://www150.statcan.gc.ca/t1/tbl1/en/tv.action?pid=1810000401,2026-10-04
cpi_rent_index,Quebec,1996-03-01,95.5,0.9513742071881603,1996-04-21,https://www150.statcan.gc.ca/t1/tbl1/en/tv.action?pid=1810000401,2026-10-04
cpi_rent_index,Quebec,1996-04-01,95.5,0.8447729672650395,1996-05-21,https://www150.statcan.gc.ca/t1/tbl1/en/tv.action?pid=1810000401,2026-10-04
cpi_rent_index,Quebec,1996-05-01,95.6,0.9503695881731611,1996-06-21,https://www150.statcan.gc.ca/t1/tbl1/en/tv.action?pid=1810000401,2026-10-04
cpi_rent_index,Quebec,1996-06-01,95.6,0.8438818565400741,1996-07-21,https://www150.statcan.gc.ca/t1/tbl1/en/tv.action?pid=1810000401,2026-10-04
cpi_rent_index,Quebec,1996-07-01,95.8,1.0548523206751037,1996-08-21,https://www150.statcan.gc.ca/t1/tbl1/en/tv.action?pid=1810000401,2026-10-04
cpi_rent_index,Quebec,1996-08-01,96.1,1.051524710830698,1996-09-21,https://www150.statcan.gc.ca/t1/tbl1/en/tv.action?pid=1810000401,2026-10-04
cpi_rent_index,Quebec,1996-09-01,96.1,0.9453781512605008,1996-10-21,https://www150.statcan.gc.ca/t1/tbl1/en/tv.action?pid=1810000401,2026-10-04
cpi_rent_index,Quebec,1996-10-01,96.1,0.8394543546694555,1996-11-21,https://www150.statcan.gc.ca/t1/tbl1/en/tv.action?pid=1810000401,2026-10-04
cpi_rent_index,Quebec,1996-11-01,96.1,0.8394543546694555,1996-12-21,https://www150.statcan.gc.ca/t1/tbl1/en/tv.action?pid=1810000401,2026-10-04
cpi_rent_index,Quebec,1996-12-01,96.1,0.7337526205450695,1997-01-21,https://www150.statcan.gc.ca/t1/tbl1/en/tv.action?pid=1810000401,2026-10-04
cpi_rent_index,Quebec,1997-01-01,96.1,0.7337526205450695,1997-02-21,https://www150.statcan.gc.ca/t1/tbl1/en/tv.action?pid=1810000401,2026-10-04
cpi_rent_index,Quebec,1997-02-01,96.2,0.732984293193728,1997-03-21,https://www150.statcan.gc.ca/t1/tbl1/en/tv.action?pid=1810000401,2026-10-04
cpi_rent_index,Quebec,1997-03-01,96.2,0.732984293193728,1997-04-21,https://www150.statcan.gc.ca/t1/tbl1/en/tv.action?pid=1810000401,2026-10-04
cpi_rent_index,Quebec,1997-04-01,96.2,0.732984293193728,1997-05-21,https://www150.statcan.gc.ca/t1/tbl1/en/tv.action?pid=1810000401,2026-10-04
cpi_rent_index,Quebec,1997-05-01,96.3,0.7322175732217495,1997-06-21,https://www150.statcan.gc.ca/t1/tbl1/en/tv.action?pid=1810000401,2026-10-04
cpi_rent_index,Quebec,1997-06-01,96.3,0.7322175732217495,1997-07-21,https://www150.statcan.gc.ca/t1/tbl1/en/tv.action?pid=1810000401,2026-10-04
cpi_rent_index,Quebec,1997-07-01,96.3,0.5219206680584509,1997-08-21,https://www150.statcan.gc.ca/t1/tbl1/en/tv.action?pid=1810000401,2026-10-04
cpi_rent_index,Quebec,1997-08-01,96.5,0.41623309053069324,1997-09-21,https://www150.statcan.gc.ca/t1/tbl1/en/tv.action?pid=1810000401,2026-10-04
cpi_rent_index,Quebec,1997-09-01,96.5,0.41623309053069324,1997-10-21,https://www150.statcan.gc.ca/t1/tbl1/en/tv.action?pid=1810000401,2026-10-04
cpi_rent_index,Quebec,1997-10-01,96.6,0.520291363163361,1997-11-21,https://www150.statcan.gc.ca/t1/tbl1/en/tv.action?pid=1810000401,2026-10-04
cpi_rent_index,Quebec,1997-11-01,96.7,0.624349635796051,1997-12-21,https://www150.statcan.gc.ca/t1/tbl1/en/tv.action?pid=1810000401,2026-10-04
cpi_rent_index,Quebec,1997-12-01,96.7,0.624349635796051,1998-01-21,https://www150.statcan.gc.ca/t1/tbl1/en/tv.action?pid=1810000401,2026-10-04
cpi_rent_index,Quebec,1998-01-01,96.7,0.624349635796051,1998-02-21,https://www150.statcan.gc.ca/t1/tbl1/en/tv.action?pid=1810000401,2026-10-04
cpi_rent_index,Quebec,1998-02-01,96.7,0.5197505197505281,1998-03-21,https://www150.statcan.gc.ca/t1/tbl1/en/tv.action?pid=1810000401,2026-10-04
cpi_rent_index,Quebec,1998-03-01,96.7,0.5197505197505281,1998-04-21,https://www150.statcan.gc.ca/t1/tbl1/en/tv.action?pid=1810000401,2026-10-04
cpi_rent_index,Quebec,1998-04-01,96.7,0.5197505197505281,1998-05-21,https://www150.statcan.gc.ca/t1/tbl1/en/tv.action?pid=1810000401,2026-10-04
cpi_rent_index,Quebec,1998-05-01,96.7,0.41536863966771254,1998-06-21,https://www150.statcan.gc.ca/t1/tbl1/en/tv.action?pid=1810000401,2026-10-04
cpi_rent_index,Quebec,1998-06-01,96.8,0.5192107995846351,1998-07-21,https://www150.statcan.gc.ca/t1/tbl1/en/tv.action?pid=1810000401,2026-10-04
cpi_rent_index,Quebec,1998-07-01,96.8,0.5192107995846351,1998-08-21,https://www150.statcan.gc.ca/t1/tbl1/en/tv.action?pid=1810000401,2026-10-04
cpi_rent_index,Quebec,1998-08-01,97.1,0.6217616580310725,1998-09-21,https://www150.statcan.gc.ca/t1/tbl1/en/tv.action?pid=1810000401,2026-10-04
cpi_rent_index,Quebec,1998-09-01,97.1,0.6217616580310725,1998-10-21,https://www150.statcan.gc.ca/t1/tbl1/en/tv.action?pid=1810000401,2026-10-04
cpi_rent_index,Quebec,1998-10-01,97.2,0.6211180124223725,1998-11-21,https://www150.statcan.gc.ca/t1/tbl1/en/tv.action?pid=1810000401,2026-10-04
cpi_rent_index,Quebec,1998-11-01,97.2,0.5170630816959676,1998-12-21,https://www150.statcan.gc.ca/t1/tbl1/en/tv.action?pid=1810000401,2026-10-04
cpi_rent_index,Quebec,1998-12-01,97.2,0.5170630816959676,1999-01-21,https://www150.statcan.gc.ca/t1/tbl1/en/tv.action?pid=1810000401,2026-10-04
cpi_rent_index,Quebec,1999-01-01,97.2,0.5170630816959676,1999-02-21,https://www150.statcan.gc.ca/t1/tbl1/en/tv.action?pid=1810000401,2026-10-04
cpi_rent_index,Quebec,1999-02-01,97.2,0.5170630816959676,1999-03-21,https://www150.statcan.gc.ca/t1/tbl1/en/tv.action?pid=1810000401,2026-10-04
cpi_rent_index,Quebec,1999-03-01,97.2,0.5170630816959676,1999-04-21,https://www150.statcan.gc.ca/t1/tbl1/en/tv.action?pid=1810000401,2026-10-04
cpi_rent_index,Quebec,1999-04-01,97.2,0.5170630816959676,1999-05-21,https://www150.statcan.gc.ca/t1/tbl1/en/tv.action?pid=1810000401,2026-10-04
cpi_rent_index,Quebec,1999-05-01,97.3,0.6204756980351611,1999-06-21,https://www150.statcan.gc.ca/t1/tbl1/en/tv.action?pid=1810000401,2026-10-04
cpi_rent_index,Quebec,1999-06-01,97.3,0.5165289256198413,1999-07-21,https://www150.statcan.gc.ca/t1/tbl1/en/tv.action?pid=1810000401,2026-10-04
cpi_rent_index,Quebec,1999-07-01,97.3,0.5165289256198413,1999-08-21,https://www150.statcan.gc.ca/t1/tbl1/en/tv.action?pid=1810000401,2026-10-04
cpi_rent_index,Quebec,1999-08-01,97.5,0.4119464469618972,1999-09-21,https://www150.statcan.gc.ca/t1/tbl1/en/tv.action?pid=1810000401,2026-10-04
cpi_rent_index,Quebec,1999-09-01,97.6,0.5149330587023604,1999-10-21,https://www150.statcan.gc.ca/t1/tbl1/en/tv.action?pid=1810000401,2026-10-04
cpi_rent_index,Quebec,1999-10-01,97.6,0.411522633744843,1999-11-21,https://www150.statcan.gc.ca/t1/tbl1/en/tv.action?pid=1810000401,2026-10-04
cpi_rent_index,Quebec,1999-11-01,97.6,0.411522633744843,1999-12-21,https://www150.statcan.gc.ca/t1/tbl1/en/tv.action?pid=1810000401,2026-10-04
cpi_rent_index,Quebec,1999-12-01,97.6,0.411522633744843,2000-01-21,https://www150.statcan.gc.ca/t1/tbl1/en/tv.action?pid=1810000401,2026-10-04
cpi_rent_index,Quebec,2000-01-01,97.6,0.411522633744843,2000-02-21,https://www150.statcan.gc.ca/t1/tbl1/en/tv.action?pid=1810000401,2026-10-04
cpi_rent_index,Quebec,2000-02-01,97.7,0.5144032921810648,2000-03-21,https://www150.statcan.gc.ca/t1/tbl1/en/tv.action?pid=1810000401,2026-10-04
cpi_rent_index,Quebec,2000-03-01,97.7,0.5144032921810648,2000-04-21,https://www150.statcan.gc.ca/t1/tbl1/en/tv.action?pid=1810000401,2026-10-04
cpi_rent_index,Quebec,2000-04-01,97.7,0.5144032921810648,2000-05-21,https://www150.statcan.gc.ca/t1/tbl1/en/tv.action?pid=1810000401,2026-10-04
cpi_rent_index,Quebec,2000-05-01,97.7,0.41109969167523186,2000-06-21,https://www150.statcan.gc.ca/t1/tbl1/en/tv.action?pid=1810000401,2026-10-04
cpi_rent_index,Quebec,2000-06-01,97.8,0.5138746145940454,2000-07-21,https://www150.statcan.gc.ca/t1/tbl1/en/tv.action?pid=1810000401,2026-10-04
cpi_rent_index,Quebec,2000-07-01,97.9,0.6166495375128589,2000-08-21,https://www150.statcan.gc.ca/t1/tbl1/en/tv.action?pid=1810000401,2026-10-04
cpi_rent_index,Quebec,2000-08-01,98.1,0.6153846153846176,2000-09-21,https://www150.statcan.gc.ca/t1/tbl1/en/tv.action?pid=1810000401,2026-10-04
cpi_rent_index,Quebec,2000-09-01,98.2,0.6147540983606703,2000-10-21,https://www150.statcan.gc.ca/t1/tbl1/en/tv.action?pid=1810000401,2026-10-04
cpi_rent_index,Quebec,2000-10-01,98.3,0.7172131147541005,2000-11-21,https://www150.statcan.gc.ca/t1/tbl1/en/tv.action?pid=1810000401,2026-10-04
cpi_rent_index,Quebec,2000-11-01,98.3,0.7172131147541005,2000-12-21,https://www150.statcan.gc.ca/t1/tbl1/en/tv.action?pid=1810000401,2026-10-04
cpi_rent_index,Quebec,2000-12-01,98.4,0.819672131147553,2001-01-21,https://www150.statcan.gc.ca/t1/tbl1/en/tv.action?pid=1810000401,2026-10-04
cpi_rent_index,Quebec,2001-01-01,98.4,0.819672131147553,2001-02-21,https://www150.statcan.gc.ca/t1/tbl1/en/tv.action?pid=1810000401,2026-10-04
cpi_rent_index,Quebec,2001-02-01,98.5,0.8188331627430934,2001-03-21,https://www150.statcan.gc.ca/t1/tbl1/en/tv.action?pid=1810000401,2026-10-04
cpi_rent_index,Quebec,2001-03-01,98.5,0.8188331627430934,2001-04-21,https://www150.statcan.gc.ca/t1/tbl1/en/tv.action?pid=1810000401,2026-10-04
cpi_rent_index,Quebec,2001-04-01,98.5,0.8188331627430934,2001-05-21,https://www150.statcan.gc.ca/t1/tbl1/en/tv.action?pid=1810000401,2026-10-04
cpi_rent_index,Quebec,2001-05-01,98.6,0.9211873080859689,2001-06-21,https://www150.statcan.gc.ca/t1/tbl1/en/tv.action?pid=1810000401,2026-10-04
cpi_rent_index,Quebec,2001-06-01,98.7,0.920245398773023,2001-07-21,https://www150.statcan.gc.ca/t1/tbl1/en/tv.action?pid=1810000401,2026-10-04
cpi_rent_index,Quebec,2001-07-01,98.7,0.8171603677221695,2001-08-21,https://www150.statcan.gc.ca/t1/tbl1/en/tv.action?pid=1810000401,2026-10-04
cpi_rent_index,Quebec,2001-08-01,99.1,1.0193679918450549,2001-09-21,https://www150.statcan.gc.ca/t1/tbl1/en/tv.action?pid=1810000401,2026-10-04
cpi_rent_index,Quebec,2001-09-01,99.3,1.1201629327902252,2001-10-21,https://www150.statcan.gc.ca/t1/tbl1/en/tv.action?pid=1810000401,2026-10-04
cpi_rent_index,Quebec,2001-10-01,99.3,1.0172939979654183,2001-11-21,https://www150.statcan.gc.ca/t1/tbl1/en/tv.action?pid=1810000401,2026-10-04
cpi_rent_index,Quebec,2001-11-01,99.4,1.1190233977619535,2001-12-21,https://www150.statcan.gc.ca/t1/tbl1/en/tv.action?pid=1810000401,2026-10-04
cpi_rent_index,Quebec,2001-12-01,99.4,1.0162601626016343,2002-01-21,https://www150.statcan.gc.ca/t1/tbl1/en/tv.action?pid=1810000401,2026-10-04
cpi_rent_index,Quebec,2002-01-01,99.5,1.1178861788617933,2002-02-21,https://www150.statcan.gc.ca/t1/tbl1/en/tv.action?pid=1810000401,2026-10-04
cpi_rent_index,Quebec,2002-02-01,99.5,1.0152284263959421,2002-03-21,https://www150.statcan.gc.ca/t1/tbl1/en/tv.action?pid=1810000401,2026-10-04
cpi_rent_index,Quebec,2002-03-01,99.5,1.0152284263959421,2002-04-21,https://www150.statcan.gc.ca/t1/tbl1/en/tv.action?pid=1810000401,2026-10-04
cpi_rent_index,Quebec,2002-04-01,99.6,1.1167512690355208,2002-05-21,https://www150.statcan.gc.ca/t1/tbl1/en/tv.action?pid=1810000401,2026-10-04
cpi_rent_index,Quebec,2002-05-01,99.7,1.1156186612576224,2002-06-21,https://www150.statcan.gc.ca/t1/tbl1/en/tv.action?pid=1810000401,2026-10-04
cpi_rent_index,Quebec,2002-06-01,99.7,1.0131712259371817,2002-07-21,https://www150.statcan.gc.ca/t1/tbl1/en/tv.action?pid=1810000401,2026-10-04
cpi_rent_index,Quebec,2002-07-01,99.8,1.1144883485308954,2002-08-21,https://www150.statcan.gc.ca/t1/tbl1/en/tv.action?pid=1810000401,2026-10-04
cpi_rent_index,Quebec,2002-08-01,100.4,1.31180625630678,2002-09-21,https://www150.statcan.gc.ca/t1/tbl1/en/tv.action?pid=1810000401,2026-10-04
cpi_rent_index,Quebec,2002-09-01,100.5,1.2084592145015227,2002-10-21,https://www150.statcan.gc.ca/t1/tbl1/en/tv.action?pid=1810000401,2026-10-04
cpi_rent_index,Quebec,2002-10-01,100.6,1.309164149043296,2002-11-21,https://www150.statcan.gc.ca/t1/tbl1/en/tv.action?pid=1810000401,2026-10-04
cpi_rent_index,Quebec,2002-11-01,100.6,1.2072434607645732,2002-12-21,https://www150.statcan.gc.ca/t1/tbl1/en/tv.action?pid=1810000401,2026-10-04
cpi_rent_index,Quebec,2002-12-01,100.6,1.2072434607645732,2003-01-21,https://www150.statcan.gc.ca/t1/tbl1/en/tv.action?pid=1810000401,2026-10-04
cpi_rent_index,Quebec,2003-01-01,100.7,1.2060301507537785,2003-02-21,https://www150.statcan.gc.ca/t1/tbl1/en/tv.action?pid=1810000401,2026-10-04
cpi_rent_index,Quebec,2003-02-01,100.7,1.2060301507537785,2003-03-21,https://www150.statcan.gc.ca/t1/tbl1/en/tv.action?pid=1810000401,2026-10-04
cpi_rent_index,Quebec,2003-03-01,100.7,1.2060301507537785,2003-04-21,https://www150.statcan.gc.ca/t1/tbl1/en/tv.action?pid=1810000401,2026-10-04
cpi_rent_index,Quebec,2003-04-01,100.8,1.2048192771084265,2003-05-21,https://www150.statcan.gc.ca/t1/tbl1/en/tv.action?pid=1810000401,2026-10-04
cpi_rent_index,Quebec,2003-05-01,100.8,1.1033099297893534,2003-06-21,https://www150.statcan.gc.ca/t1/tbl1/en/tv.action?pid=1810000401,2026-10-04
cpi_rent_index,Quebec,2003-06-01,100.9,1.2036108324974926,2003-07-21,https://www150.statcan.gc.ca/t1/tbl1/en/tv.action?pid=1810000401,2026-10-04
cpi_rent_index,Quebec,2003-07-01,100.9,1.102204408817653,2003-08-21,https://www150.statcan.gc.ca/t1/tbl1/en/tv.action?pid=1810000401,2026-10-04
cpi_rent_index,Quebec,2003-08-01,101.5,1.0956175298804771,2003-09-21,https://www150.statcan.gc.ca/t1/tbl1/en/tv.action?pid=1810000401,2026-10-04
cpi_rent_index,Quebec,2003-09-01,101.7,1.194029850746281,2003-10-21,https://www150.statcan.gc.ca/t1/tbl1/en/tv.action?pid=1810000401,2026-10-04
cpi_rent_index,Quebec,2003-10-01,101.8,1.1928429423459175,2003-11-21,https://www150.statcan.gc.ca/t1/tbl1/en/tv.action?pid=1810000401,2026-10-04
cpi_rent_index,Quebec,2003-11-01,101.8,1.1928429423459175,2003-12-21,https://www150.statcan.gc.ca/t1/tbl1/en/tv.action?pid=1810000401,2026-10-04
cpi_rent_index,Quebec,2003-12-01,101.8,1.1928429423459175,2004-01-21,https://www150.statcan.gc.ca/t1/tbl1/en/tv.action?pid=1810000401,2026-10-04
cpi_rent_index,Quebec,2004-01-01,101.8,1.0923535253227312,2004-02-21,https://www150.statcan.gc.ca/t1/tbl1/en/tv.action?pid=1810000401,2026-10-04
cpi_rent_index,Quebec,2004-02-01,101.8,1.0923535253227312,2004-03-21,https://www150.statcan.gc.ca/t1/tbl1/en/tv.action?pid=1810000401,2026-10-04
cpi_rent_index,Quebec,2004-03-01,101.9,1.1916583912611856,2004-04-21,https://www150.statcan.gc.ca/t1/tbl1/en/tv.action?pid=1810000401,2026-10-04
cpi_rent_index,Quebec,2004-04-01,101.9,1.0912698412698596,2004-05-21,https://www150.statcan.gc.ca/t1/tbl1/en/tv.action?pid=1810000401,2026-10-04
cpi_rent_index,Quebec,2004-05-01,101.9,1.0912698412698596,2004-06-21,https://www150.statcan.gc.ca/t1/tbl1/en/tv.action?pid=1810000401,2026-10-04
cpi_rent_index,Quebec,2004-06-01,101.9,0.9910802775024763,2004-07-21,https://www150.statcan.gc.ca/t1/tbl1/en/tv.action?pid=1810000401,2026-10-04
cpi_rent_index,Quebec,2004-07-01,102.0,1.090188305252715,2004-08-21,https://www150.statcan.gc.ca/t1/tbl1/en/tv.action?pid=1810000401,2026-10-04
cpi_rent_index,Quebec,2004-08-01,102.6,1.0837438423645374,2004-09-21,https://www150.statcan.gc.ca/t1/tbl1/en/tv.action?pid=1810000401,2026-10-04
cpi_rent_index,Quebec,2004-09-01,102.8,1.0816125860373615,2004-10-21,https://www150.statcan.gc.ca/t1/tbl1/en/tv.action?pid=1810000401,2026-10-04
cpi_rent_index,Quebec,2004-10-01,102.8,0.982318271119853,2004-11-21,https://www150.statcan.gc.ca/t1/tbl1/en/tv.action?pid=1810000401,2026-10-04
cpi_rent_index,Quebec,2004-11-01,102.8,0.982318271119853,2004-12-21,https://www150.statcan.gc.ca/t1/tbl1/en/tv.action?pid=1810000401,2026-10-04
cpi_rent_index,Quebec,2004-12-01,102.9,1.080550098231825,2005-01-21,https://www150.statcan.gc.ca/t1/tbl1/en/tv.action?pid=1810000401,2026-10-04
cpi_rent_index,Quebec,2005-01-01,102.9,1.080550098231825,2005-02-21,https://www150.statcan.gc.ca/t1/tbl1/en/tv.action?pid=1810000401,2026-10-04
cpi_rent_index,Quebec,2005-02-01,102.9,1.080550098231825,2005-03-21,https://www150.statcan.gc.ca/t1/tbl1/en/tv.action?pid=1810000401,2026-10-04
cpi_rent_index,Quebec,2005-03-01,102.9,0.981354268891077,2005-04-21,https://www150.statcan.gc.ca/t1/tbl1/en/tv.action?pid=1810000401,2026-10-04
cpi_rent_index,Quebec,2005-04-01,102.9,0.981354268891077,2005-05-21,https://www150.statcan.gc.ca/t1/tbl1/en/tv.action?pid=1810000401,2026-10-04
cpi_rent_index,Quebec,2005-05-01,103.0,1.079489695780178,2005-06-21,https://www150.statcan.gc.ca/t1/tbl1/en/tv.action?pid=1810000401,2026-10-04
cpi_rent_index,Quebec,2005-06-01,103.1,1.177625122669279,2005-07-21,https://www150.statcan.gc.ca/t1/tbl1/en/tv.action?pid=1810000401,2026-10-04
cpi_rent_index,Quebec,2005-07-01,103.1,1.0784313725490158,2005-08-21,https://www150.statcan.gc.ca/t1/tbl1/en/tv.action?pid=1810000401,2026-10-04
cpi_rent_index,Quebec,2005-08-01,103.8,1.1695906432748648,2005-09-21,https://www150.statcan.gc.ca/t1/tbl1/en/tv.action?pid=1810000401,2026-10-04
cpi_rent_index,Quebec,2005-09-01,103.9,1.070038910505855,2005-10-21,https://www150.statcan.gc.ca/t1/tbl1/en/tv.action?pid=1810000401,2026-10-04
cpi_rent_index,Quebec,2005-10-01,103.9,1.070038910505855,2005-11-21,https://www150.statcan.gc.ca/t1/tbl1/en/tv.action?pid=1810000401,2026-10-04
cpi_rent_index,Quebec,2005-11-01,103.9,1.070038910505855,2005-12-21,https://www150.statcan.gc.ca/t1/tbl1/en/tv.action?pid=1810000401,2026-10-04
cpi_rent_index,Quebec,2005-12-01,104.0,1.0689990281826933,2006-01-21,https://www150.statcan.gc.ca/t1/tbl1/en/tv.action?pid=1810000401,2026-10-04
cpi_rent_index,Quebec,2006-01-01,104.0,1.0689990281826933,2006-02-21,https://www150.statcan.gc.ca/t1/tbl1/en/tv.action?pid=1810000401,2026-10-04
cpi_rent_index,Quebec,2006-02-01,104.0,1.0689990281826933,2006-03-21,https://www150.statcan.gc.ca/t1/tbl1/en/tv.action?pid=1810000401,2026-10-04
cpi_rent_index,Quebec,2006-03-01,104.1,1.1661807580174877,2006-04-21,https://www150.statcan.gc.ca/t1/tbl1/en/tv.action?pid=1810000401,2026-10-04
cpi_rent_index,Quebec,2006-04-01,104.1,1.1661807580174877,2006-05-21,https://www150.statcan.gc.ca/t1/tbl1/en/tv.action?pid=1810000401,2026-10-04
cpi_rent_index,Quebec,2006-05-01,104.2,1.1650485436893288,2006-06-21,https://www150.statcan.gc.ca/t1/tbl1/en/tv.action?pid=1810000401,2026-10-04
cpi_rent_index,Quebec,2006-06-01,104.3,1.1639185257032114,2006-07-21,https://www150.statcan.gc.ca/t1/tbl1/en/tv.action?pid=1810000401,2026-10-04
cpi_rent_index,Quebec,2006-07-01,104.3,1.1639185257032114,2006-08-21,https://www150.statcan.gc.ca/t1/tbl1/en/tv.action?pid=1810000401,2026-10-04
cpi_rent_index,Quebec,2006-08-01,105.0,1.1560693641618602,2006-09-21,https://www150.statcan.gc.ca/t1/tbl1/en/tv.action?pid=1810000401,2026-10-04
cpi_rent_index,Quebec,2006-09-01,105.2,1.2512030798845108,2006-10-21,https://www150.statcan.gc.ca/t1/tbl1/en/tv.action?pid=1810000401,2026-10-04
cpi_rent_index,Quebec,2006-10-01,105.2,1.2512030798845108,2006-11-21,https://www150.statcan.gc.ca/t1/tbl1/en/tv.action?pid=1810000401,2026-10-04
cpi_rent_index,Quebec,2006-11-01,105.3,1.3474494706448459,2006-12-21,https://www150.statcan.gc.ca/t1/tbl1/en/tv.action?pid=1810000401,2026-10-04
cpi_rent_index,Quebec,2006-12-01,105.3,1.2499999999999956,2007-01-21,https://www150.statcan.gc.ca/t1/tbl1/en/tv.action?pid=1810000401,2026-10-04
cpi_rent_index,Quebec,2007-01-01,105.4,1.3461538461538414,2007-02-21,https://www150.statcan.gc.ca/t1/tbl1/en/tv.action?pid=1810000401,2026-10-04
cpi_rent_index,Quebec,2007-02-01,105.4,1.3461538461538414,2007-03-21,https://www150.statcan.gc.ca/t1/tbl1/en/tv.action?pid=1810000401,2026-10-04
cpi_rent_index,Quebec,2007-03-01,105.5,1.344860710854956,2007-04-21,https://www150.statcan.gc.ca/t1/tbl1/en/tv.action?pid=1810000401,2026-10-04
cpi_rent_index,Quebec,2007-04-01,105.5,1.344860710854956,2007-05-21,https://www150.statcan.gc.ca/t1/tbl1/en/tv.action?pid=1810000401,2026-10-04
cpi_rent_index,Quebec,2007-05-01,105.5,1.24760076775432,2007-06-21,https://www150.statcan.gc.ca/t1/tbl1/en/tv.action?pid=1810000401,2026-10-04
cpi_rent_index,Quebec,2007-06-01,105.5,1.1505273250239645,2007-07-21,https://www150.statcan.gc.ca/t1/tbl1/en/tv.action?pid=1810000401,2026-10-04
cpi_rent_index,Quebec,2007-07-01,105.6,1.2464046021092967,2007-08-21,https://www150.statcan.gc.ca/t1/tbl1/en/tv.action?pid=1810000401,2026-10-04
cpi_rent_index,Quebec,2007-08-01,106.3,1.2380952380952381,2007-09-21,https://www150.statcan.gc.ca/t1/tbl1/en/tv.action?pid=1810000401,2026-10-04
cpi_rent_index,Quebec,2007-09-01,106.5,1.2357414448669113,2007-10-21,https://www150.statcan.gc.ca/t1/tbl1/en/tv.action?pid=1810000401,2026-10-04
cpi_rent_index,Quebec,2007-10-01,106.6,1.330798479087436,2007-11-21,https://www150.statcan.gc.ca/t1/tbl1/en/tv.action?pid=1810000401,2026-10-04
cpi_rent_index,Quebec,2007-11-01,106.6,1.2345679012345734,2007-12-21,https://www150.statcan.gc.ca/t1/tbl1/en/tv.action?pid=1810000401,2026-10-04
cpi_rent_index,Quebec,2007-12-01,106.7,1.3295346628680038,2008-01-21,https://www150.statcan.gc.ca/t1/tbl1/en/tv.action?pid=1810000401,2026-10-04
cpi_rent_index,Quebec,2008-01-01,106.7,1.2333965844402162,2008-02-21,https://www150.statcan.gc.ca/t1/tbl1/en/tv.action?pid=1810000401,2026-10-04
cpi_rent_index,Quebec,2008-02-01,106.7,1.2333965844402162,2008-03-21,https://www150.statcan.gc.ca/t1/tbl1/en/tv.action?pid=1810000401,2026-10-04
cpi_rent_index,Quebec,2008-03-01,106.7,1.1374407582938506,2008-04-21,https://www150.statcan.gc.ca/t1/tbl1/en/tv.action?pid=1810000401,2026-10-04
cpi_rent_index,Quebec,2008-04-01,106.8,1.2322274881516604,2008-05-21,https://www150.statcan.gc.ca/t1/tbl1/en/tv.action?pid=1810000401,2026-10-04
cpi_rent_index,Quebec,2008-05-01,106.8,1.2322274881516604,2008-06-21,https://www150.statcan.gc.ca/t1/tbl1/en/tv.action?pid=1810000401,2026-10-04
cpi_rent_index,Quebec,2008-06-01,106.8,1.2322274881516604,2008-07-21,https://www150.statcan.gc.ca/t1/tbl1/en/tv.action?pid=1810000401,2026-10-04
cpi_rent_index,Quebec,2008-07-01,106.9,1.2310606060606188,2008-08-21,https://www150.statcan.gc.ca/t1/tbl1/en/tv.action?pid=1810000401,2026-10-04
cpi_rent_index,Quebec,2008-08-01,107.4,1.0348071495766886,2008-09-21,https://www150.statcan.gc.ca/t1/tbl1/en/tv.action?pid=1810000401,2026-10-04
cpi_rent_index,Quebec,2008-09-01,107.5,0.9389671361502261,2008-10-21,https://www150.statcan.gc.ca/t1/tbl1/en/tv.action?pid=1810000401,2026-10-04
cpi_rent_index,Quebec,2008-10-01,107.6,0.9380863039399667,2008-11-21,https://www150.statcan.gc.ca/t1/tbl1/en/tv.action?pid=1810000401,2026-10-04
cpi_rent_index,Quebec,2008-11-01,107.7,1.0318949343339767,2008-12-21,https://www150.statcan.gc.ca/t1/tbl1/en/tv.action?pid=1810000401,2026-10-04
cpi_rent_index,Quebec,2008-12-01,107.7,0.9372071227741419,2009-01-21,https://www150.statcan.gc.ca/t1/tbl1/en/tv.action?pid=1810000401,2026-10-04
cpi_rent_index,Quebec,2009-01-01,107.7,0.9372071227741419,2009-02-21,https://www150.statcan.gc.ca/t1/tbl1/en/tv.action?pid=1810000401,2026-10-04
cpi_rent_index,Quebec,2009-02-01,107.8,1.0309278350515427,2009-03-21,https://www150.statcan.gc.ca/t1/tbl1/en/tv.action?pid=1810000401,2026-10-04
cpi_rent_index,Quebec,2009-03-01,107.8,1.0309278350515427,2009-04-21,https://www150.statcan.gc.ca/t1/tbl1/en/tv.action?pid=1810000401,2026-10-04
cpi_rent_index,Quebec,2009-04-01,107.8,0.9363295880149725,2009-05-21,https://www150.statcan.gc.ca/t1/tbl1/en/tv.action?pid=1810000401,2026-10-04
cpi_rent_index,Quebec,2009-05-01,107.8,0.9363295880149725,2009-06-21,https://www150.statcan.gc.ca/t1/tbl1/en/tv.action?pid=1810000401,2026-10-04
cpi_rent_index,Quebec,2009-06-01,107.9,1.0299625468164875,2009-07-21,https://www150.statcan.gc.ca/t1/tbl1/en/tv.action?pid=1810000401,2026-10-04
cpi_rent_index,Quebec,2009-07-01,108.0,1.0289990645462987,2009-08-21,https://www150.statcan.gc.ca/t1/tbl1/en/tv.action?pid=1810000401,2026-10-04
cpi_rent_index,Quebec,2009-08-01,108.7,1.2104283054003684,2009-09-21,https://www150.statcan.gc.ca/t1/tbl1/en/tv.action?pid=1810000401,2026-10-04
cpi_rent_index,Quebec,2009-09-01,108.8,1.209302325581385,2009-10-21,https://www150.statcan.gc.ca/t1/tbl1/en/tv.action?pid=1810000401,2026-10-04
cpi_rent_index,Quebec,2009-10-01,109.0,1.3011152416356975,2009-11-21,https://www150.statcan.gc.ca/t1/tbl1/en/tv.action?pid=1810000401,2026-10-04
cpi_rent_index,Quebec,2009-11-01,109.0,1.20705663881151,2009-12-21,https://www150.statcan.gc.ca/t1/tbl1/en/tv.action?pid=1810000401,2026-10-04
cpi_rent_index,Quebec,2009-12-01,109.1,1.29990714948931,2010-01-21,https://www150.statcan.gc.ca/t1/tbl1/en/tv.action?pid=1810000401,2026-10-04
cpi_rent_index,Quebec,2010-01-01,109.2,1.392757660167132,2010-02-21,https://www150.statcan.gc.ca/t1/tbl1/en/tv.action?pid=1810000401,2026-10-04
cpi_rent_index,Quebec,2010-02-01,109.2,1.2987012987013102,2010-03-21,https://www150.statcan.gc.ca/t1/tbl1/en/tv.action?pid=1810000401,2026-10-04
cpi_rent_index,Quebec,2010-03-01,109.3,1.3914656771799594,2010-04-21,https://www150.statcan.gc.ca/t1/tbl1/en/tv.action?pid=1810000401,2026-10-04
cpi_rent_index,Quebec,2010-04-01,109.2,1.2987012987013102,2010-05-21,https://www150.statcan.gc.ca/t1/tbl1/en/tv.action?pid=1810000401,2026-10-04
cpi_rent_index,Quebec,2010-05-01,109.3,1.3914656771799594,2010-06-21,https://www150.statcan.gc.ca/t1/tbl1/en/tv.action?pid=1810000401,2026-10-04
cpi_rent_index,Quebec,2010-06-01,109.4,1.3901760889712733,2010-07-21,https://www150.statcan.gc.ca/t1/tbl1/en/tv.action?pid=1810000401,2026-10-04
cpi_rent_index,Quebec,2010-07-01,109.5,1.388888888888884,2010-08-21,https://www150.statcan.gc.ca/t1/tbl1/en/tv.action?pid=1810000401,2026-10-04
cpi_rent_index,Quebec,2010-08-01,110.2,1.3799448022079108,2010-09-21,https://www150.statcan.gc.ca/t1/tbl1/en/tv.action?pid=1810000401,2026-10-04
cpi_rent_index,Quebec,2010-09-01,110.3,1.3786764705882248,2010-10-21,https://www150.statcan.gc.ca/t1/tbl1/en/tv.action?pid=1810000401,2026-10-04
cpi_rent_index,Quebec,2010-10-01,110.4,1.2844036697247763,2010-11-21,https://www150.statcan.gc.ca/t1/tbl1/en/tv.action?pid=1810000401,2026-10-04
cpi_rent_index,Quebec,2010-11-01,110.5,1.3761467889908285,2010-12-21,https://www150.statcan.gc.ca/t1/tbl1/en/tv.action?pid=1810000401,2026-10-04
cpi_rent_index,Quebec,2010-12-01,110.5,1.2832263978001857,2011-01-21,https://www150.statcan.gc.ca/t1/tbl1/en/tv.action?pid=1810000401,2026-10-04
cpi_rent_index,Quebec,2011-01-01,110.5,1.1904761904761862,2011-02-21,https://www150.statcan.gc.ca/t1/tbl1/en/tv.action?pid=1810000401,2026-10-04
cpi_rent_index,Quebec,2011-02-01,110.5,1.1904761904761862,2011-03-21,https://www150.statcan.gc.ca/t1/tbl1/en/tv.action?pid=1810000401,2026-10-04
cpi_rent_index,Quebec,2011-03-01,110.6,1.1893870082342106,2011-04-21,https://www150.statcan.gc.ca/t1/tbl1/en/tv.action?pid=1810000401,2026-10-04
cpi_rent_index,Quebec,2011-04-01,110.6,1.2820512820512775,2011-05-21,https://www150.statcan.gc.ca/t1/tbl1/en/tv.action?pid=1810000401,2026-10-04
cpi_rent_index,Quebec,2011-05-01,110.7,1.2808783165599413,2011-06-21,https://www150.statcan.gc.ca/t1/tbl1/en/tv.action?pid=1810000401,2026-10-04
cpi_rent_index,Quebec,2011-06-01,110.7,1.188299817184646,2011-07-21,https://www150.statcan.gc.ca/t1/tbl1/en/tv.action?pid=1810000401,2026-10-04
cpi_rent_index,Quebec,2011-07-01,110.8,1.187214611872145,2011-08-21,https://www150.statcan.gc.ca/t1/tbl1/en/tv.action?pid=1810000401,2026-10-04
cpi_rent_index,Quebec,2011-08-01,111.4,1.0889292196007316,2011-09-21,https://www150.statcan.gc.ca/t1/tbl1/en/tv.action?pid=1810000401,2026-10-04
cpi_rent_index,Quebec,2011-09-01,111.5,1.0879419764279197,2011-10-21,https://www150.statcan.gc.ca/t1/tbl1/en/tv.action?pid=1810000401,2026-10-04
cpi_rent_index,Quebec,2011-10-01,111.7,1.1775362318840576,2011-11-21,https://www150.statcan.gc.ca/t1/tbl1/en/tv.action?pid=1810000401,2026-10-04
cpi_rent_index,Quebec,2011-11-01,111.8,1.17647058823529,2011-12-21,https://www150.statcan.gc.ca/t1/tbl1/en/tv.action?pid=1810000401,2026-10-04
cpi_rent_index,Quebec,2011-12-01,111.8,1.17647058823529,2012-01-21,https://www150.statcan.gc.ca/t1/tbl1/en/tv.action?pid=1810000401,2026-10-04
cpi_rent_index,Quebec,2012-01-01,111.9,1.2669683257918507,2012-02-21,https://www150.statcan.gc.ca/t1/tbl1/en/tv.action?pid=1810000401,2026-10-04
cpi_rent_index,Quebec,2012-02-01,111.9,1.2669683257918507,2012-03-21,https://www150.statcan.gc.ca/t1/tbl1/en/tv.action?pid=1810000401,2026-10-04
cpi_rent_index,Quebec,2012-03-01,111.9,1.175406871609419,2012-04-21,https://www150.statcan.gc.ca/t1/tbl1/en/tv.action?pid=1810000401,2026-10-04
cpi_rent_index,Quebec,2012-04-01,111.9,1.175406871609419,2012-05-21,https://www150.statcan.gc.ca/t1/tbl1/en/tv.action?pid=1810000401,2026-10-04
cpi_rent_index,Quebec,2012-05-01,112.0,1.174345076784089,2012-06-21,https://www150.statcan.gc.ca/t1/tbl1/en/tv.action?pid=1810000401,2026-10-04
cpi_rent_index,Quebec,2012-06-01,112.0,1.174345076784089,2012-07-21,https://www150.statcan.gc.ca/t1/tbl1/en/tv.action?pid=1810000401,2026-10-04
cpi_rent_index,Quebec,2012-07-01,112.1,1.1732851985559511,2012-08-21,https://www150.statcan.gc.ca/t1/tbl1/en/tv.action?pid=1810000401,2026-10-04
cpi_rent_index,Quebec,2012-08-01,112.7,1.1669658886894085,2012-09-21,https://www150.statcan.gc.ca/t1/tbl1/en/tv.action?pid=1810000401,2026-10-04
cpi_rent_index,Quebec,2012-09-01,112.9,1.255605381165914,2012-10-21,https://www150.statcan.gc.ca/t1/tbl1/en/tv.action?pid=1810000401,2026-10-04
cpi_rent_index,Quebec,2012-10-01,113.0,1.1638316920322245,2012-11-21,https://www150.statcan.gc.ca/t1/tbl1/en/tv.action?pid=1810000401,2026-10-04
cpi_rent_index,Quebec,2012-11-01,113.1,1.1627906976744207,2012-12-21,https://www150.statcan.gc.ca/t1/tbl1/en/tv.action?pid=1810000401,2026-10-04
cpi_rent_index,Quebec,2012-12-01,113.1,1.1627906976744207,2013-01-21,https://www150.statcan.gc.ca/t1/tbl1/en/tv.action?pid=1810000401,2026-10-04
cpi_rent_index,Quebec,2013-01-01,113.2,1.1617515638963294,2013-02-21,https://www150.statcan.gc.ca/t1/tbl1/en/tv.action?pid=1810000401,2026-10-04
cpi_rent_index,Quebec,2013-02-01,113.2,1.1617515638963294,2013-03-21,https://www150.statcan.gc.ca/t1/tbl1/en/tv.action?pid=1810000401,2026-10-04
cpi_rent_index,Quebec,2013-03-01,113.2,1.1617515638963294,2013-04-21,https://www150.statcan.gc.ca/t1/tbl1/en/tv.action?pid=1810000401,2026-10-04
cpi_rent_index,Quebec,2013-04-01,113.3,1.2511170688114248,2013-05-21,https://www150.statcan.gc.ca/t1/tbl1/en/tv.action?pid=1810000401,2026-10-04
cpi_rent_index,Quebec,2013-05-01,113.3,1.1607142857142927,2013-06-21,https://www150.statcan.gc.ca/t1/tbl1/en/tv.action?pid=1810000401,2026-10-04
cpi_rent_index,Quebec,2013-06-01,113.4,1.2499999999999956,2013-07-21,https://www150.statcan.gc.ca/t1/tbl1/en/tv.action?pid=1810000401,2026-10-04
cpi_rent_index,Quebec,2013-07-01,113.5,1.2488849241748534,2013-08-21,https://www150.statcan.gc.ca/t1/tbl1/en/tv.action?pid=1810000401,2026-10-04
cpi_rent_index,Quebec,2013-08-01,114.1,1.2422360248447228,2013-09-21,https://www150.statcan.gc.ca/t1/tbl1/en/tv.action?pid=1810000401,2026-10-04
cpi_rent_index,Quebec,2013-09-01,114.2,1.1514614703277193,2013-10-21,https://www150.statcan.gc.ca/t1/tbl1/en/tv.action?pid=1810000401,2026-10-04
cpi_rent_index,Quebec,2013-10-01,114.4,1.2389380530973604,2013-11-21,https://www150.statcan.gc.ca/t1/tbl1/en/tv.action?pid=1810000401,2026-10-04
cpi_rent_index,Quebec,2013-11-01,114.5,1.2378426171529622,2013-12-21,https://www150.statcan.gc.ca/t1/tbl1/en/tv.action?pid=1810000401,2026-10-04
cpi_rent_index,Quebec,2013-12-01,114.5,1.2378426171529622,2014-01-21,https://www150.statcan.gc.ca/t1/tbl1/en/tv.action?pid=1810000401,2026-10-04
cpi_rent_index,Quebec,2014-01-01,114.5,1.148409893992941,2014-02-21,https://www150.statcan.gc.ca/t1/tbl1/en/tv.action?pid=1810000401,2026-10-04
cpi_rent_index,Quebec,2014-02-01,114.6,1.2367491166077604,2014-03-21,https://www150.statcan.gc.ca/t1/tbl1/en/tv.action?pid=1810000401,2026-10-04
cpi_rent_index,Quebec,2014-03-01,114.6,1.2367491166077604,2014-04-21,https://www150.statcan.gc.ca/t1/tbl1/en/tv.action?pid=1810000401,2026-10-04
cpi_rent_index,Quebec,2014-04-01,114.6,1.1473962930273585,2014-05-21,https://www150.statcan.gc.ca/t1/tbl1/en/tv.action?pid=1810000401,2026-10-04
cpi_rent_index,Quebec,2014-05-01,114.7,1.2356575463371655,2014-06-21,https://www150.statcan.gc.ca/t1/tbl1/en/tv.action?pid=1810000401,2026-10-04
cpi_rent_index,Quebec,2014-06-01,114.8,1.2345679012345512,2014-07-21,https://www150.statcan.gc.ca/t1/tbl1/en/tv.action?pid=1810000401,2026-10-04
cpi_rent_index,Quebec,2014-07-01,114.9,1.2334801762114544,2014-08-21,https://www150.statcan.gc.ca/t1/tbl1/en/tv.action?pid=1810000401,2026-10-04
cpi_rent_index,Quebec,2014-08-01,115.4,1.1393514460999121,2014-09-21,https://www150.statcan.gc.ca/t1/tbl1/en/tv.action?pid=1810000401,2026-10-04
cpi_rent_index,Quebec,2014-09-01,115.5,1.138353765323985,2014-10-21,https://www150.statcan.gc.ca/t1/tbl1/en/tv.action?pid=1810000401,2026-10-04
cpi_rent_index,Quebec,2014-10-01,115.6,1.0489510489510412,2014-11-21,https://www150.statcan.gc.ca/t1/tbl1/en/tv.action?pid=1810000401,2026-10-04
cpi_rent_index,Quebec,2014-11-01,115.7,1.0480349344978102,2014-12-21,https://www150.statcan.gc.ca/t1/tbl1/en/tv.action?pid=1810000401,2026-10-04
cpi_rent_index,Quebec,2014-12-01,115.7,1.0480349344978102,2015-01-21,https://www150.statcan.gc.ca/t1/tbl1/en/tv.action?pid=1810000401,2026-10-04
cpi_rent_index,Quebec,2015-01-01,115.7,1.0480349344978102,2015-02-21,https://www150.statcan.gc.ca/t1/tbl1/en/tv.action?pid=1810000401,2026-10-04
cpi_rent_index,Quebec,2015-02-01,115.8,1.0471204188481797,2015-03-21,https://www150.statcan.gc.ca/t1/tbl1/en/tv.action?pid=1810000401,2026-10-04
cpi_rent_index,Quebec,2015-03-01,115.8,1.0471204188481797,2015-04-21,https://www150.statcan.gc.ca/t1/tbl1/en/tv.action?pid=1810000401,2026-10-04
cpi_rent_index,Quebec,2015-04-01,115.8,1.0471204188481797,2015-05-21,https://www150.statcan.gc.ca/t1/tbl1/en/tv.action?pid=1810000401,2026-10-04
cpi_rent_index,Quebec,2015-05-01,115.8,0.9590235396687019,2015-06-21,https://www150.statcan.gc.ca/t1/tbl1/en/tv.action?pid=1810000401,2026-10-04
cpi_rent_index,Quebec,2015-06-01,115.9,0.9581881533101022,2015-07-21,https://www150.statcan.gc.ca/t1/tbl1/en/tv.action?pid=1810000401,2026-10-04
cpi_rent_index,Quebec,2015-07-01,116.0,0.9573542210617791,2015-08-21,https://www150.statcan.gc.ca/t1/tbl1/en/tv.action?pid=1810000401,2026-10-04
cpi_rent_index,Quebec,2015-08-01,116.5,0.9532062391681029,2015-09-21,https://www150.statcan.gc.ca/t1/tbl1/en/tv.action?pid=1810000401,2026-10-04
cpi_rent_index,Quebec,2015-09-01,116.6,0.952380952380949,2015-10-21,https://www150.statcan.gc.ca/t1/tbl1/en/tv.action?pid=1810000401,2026-10-04
cpi_rent_index,Quebec,2015-10-01,116.6,0.865051903114189,2015-11-21,https://www150.statcan.gc.ca/t1/tbl1/en/tv.action?pid=1810000401,2026-10-04
cpi_rent_index,Quebec,2015-11-01,116.7,0.8643042350907626,2015-12-21,https://www150.statcan.gc.ca/t1/tbl1/en/tv.action?pid=1810000401,2026-10-04
cpi_rent_index,Quebec,2015-12-01,116.7,0.8643042350907626,2016-01-21,https://www150.statcan.gc.ca/t1/tbl1/en/tv.action?pid=1810000401,2026-10-04
cpi_rent_index,Quebec,2016-01-01,116.7,0.8643042350907626,2016-02-21,https://www150.statcan.gc.ca/t1/tbl1/en/tv.action?pid=1810000401,2026-10-04
cpi_rent_index,Quebec,2016-02-01,116.8,0.8635578583765069,2016-03-21,https://www150.statcan.gc.ca/t1/tbl1/en/tv.action?pid=1810000401,2026-10-04
cpi_rent_index,Quebec,2016-03-01,116.8,0.8635578583765069,2016-04-21,https://www150.statcan.gc.ca/t1/tbl1/en/tv.action?pid=1810000401,2026-10-04
cpi_rent_index,Quebec,2016-04-01,116.8,0.8635578583765069,2016-05-21,https://www150.statcan.gc.ca/t1/tbl1/en/tv.action?pid=1810000401,2026-10-04
cpi_rent_index,Quebec,2016-05-01,116.8,0.8635578583765069,2016-06-21,https://www150.statcan.gc.ca/t1/tbl1/en/tv.action?pid=1810000401,2026-10-04
cpi_rent_index,Quebec,2016-06-01,116.9,0.8628127696289845,2016-07-21,https://www150.statcan.gc.ca/t1/tbl1/en/tv.action?pid=1810000401,2026-10-04
cpi_rent_index,Quebec,2016-07-01,116.9,0.775862068965516,2016-08-21,https://www150.statcan.gc.ca/t1/tbl1/en/tv.action?pid=1810000401,2026-10-04
cpi_rent_index,Quebec,2016-08-01,117.4,0.7725321888412129,2016-09-21,https://www150.statcan.gc.ca/t1/tbl1/en/tv.action?pid=1810000401,2026-10-04
cpi_rent_index,Quebec,2016-09-01,117.5,0.7718696397941649,2016-10-21,https://www150.statcan.gc.ca/t1/tbl1/en/tv.action?pid=1810000401,2026-10-04
cpi_rent_index,Quebec,2016-10-01,117.5,0.7718696397941649,2016-11-21,https://www150.statcan.gc.ca/t1/tbl1/en/tv.action?pid=1810000401,2026-10-04
cpi_rent_index,Quebec,2016-11-01,117.5,0.6855184233076184,2016-12-21,https://www150.statcan.gc.ca/t1/tbl1/en/tv.action?pid=1810000401,2026-10-04
cpi_rent_index,Quebec,2016-12-01,117.6,0.7712082262210762,2017-01-21,https://www150.statcan.gc.ca/t1/tbl1/en/tv.action?pid=1810000401,2026-10-04
cpi_rent_index,Quebec,2017-01-01,117.6,0.7712082262210762,2017-02-21,https://www150.statcan.gc.ca/t1/tbl1/en/tv.action?pid=1810000401,2026-10-04
cpi_rent_index,Quebec,2017-02-01,117.6,0.6849315068493178,2017-03-21,https://www150.statcan.gc.ca/t1/tbl1/en/tv.action?pid=1810000401,2026-10-04
cpi_rent_index,Quebec,2017-03-01,117.7,0.7705479452054798,2017-04-21,https://www150.statcan.gc.ca/t1/tbl1/en/tv.action?pid=1810000401,2026-10-04
cpi_rent_index,Quebec,2017-04-01,117.7,0.7705479452054798,2017-05-21,https://www150.statcan.gc.ca/t1/tbl1/en/tv.action?pid=1810000401,2026-10-04
cpi_rent_index,Quebec,2017-05-01,117.8,0.8561643835616417,2017-06-21,https://www150.statcan.gc.ca/t1/tbl1/en/tv.action?pid=1810000401,2026-10-04
cpi_rent_index,Quebec,2017-06-01,117.8,0.7698887938408783,2017-07-21,https://www150.statcan.gc.ca/t1/tbl1/en/tv.action?pid=1810000401,2026-10-04
cpi_rent_index,Quebec,2017-07-01,117.8,0.7698887938408783,2017-08-21,https://www150.statcan.gc.ca/t1/tbl1/en/tv.action?pid=1810000401,2026-10-04
cpi_rent_index,Quebec,2017-08-01,118.2,0.6814310051107331,2017-09-21,https://www150.statcan.gc.ca/t1/tbl1/en/tv.action?pid=1810000401,2026-10-04
cpi_rent_index,Quebec,2017-09-01,118.3,0.6808510638297793,2017-10-21,https://www150.statcan.gc.ca/t1/tbl1/en/tv.action?pid=1810000401,2026-10-04
cpi_rent_index,Quebec,2017-10-01,118.3,0.6808510638297793,2017-11-21,https://www150.statcan.gc.ca/t1/tbl1/en/tv.action?pid=1810000401,2026-10-04
cpi_rent_index,Quebec,2017-11-01,118.3,0.6808510638297793,2017-12-21,https://www150.statcan.gc.ca/t1/tbl1/en/tv.action?pid=1810000401,2026-10-04
cpi_rent_index,Quebec,2017-12-01,118.4,0.6802721088435382,2018-01-21,https://www150.statcan.gc.ca/t1/tbl1/en/tv.action?pid=1810000401,2026-10-04
cpi_rent_index,Quebec,2018-01-01,118.4,0.6802721088435382,2018-02-21,https://www150.statcan.gc.ca/t1/tbl1/en/tv.action?pid=1810000401,2026-10-04
cpi_rent_index,Quebec,2018-02-01,118.5,0.7653061224489832,2018-03-21,https://www150.statcan.gc.ca/t1/tbl1/en/tv.action?pid=1810000401,2026-10-04
cpi_rent_index,Quebec,2018-03-01,118.5,0.679694137638065,2018-04-21,https://www150.statcan.gc.ca/t1/tbl1/en/tv.action?pid=1810000401,2026-10-04
cpi_rent_index,Quebec,2018-04-01,118.6,0.7646559048428037,2018-05-21,https://www150.statcan.gc.ca/t1/tbl1/en/tv.action?pid=1810000401,2026-10-04
cpi_rent_index,Quebec,2018-05-01,118.6,0.679117147707986,2018-06-21,https://www150.statcan.gc.ca/t1/tbl1/en/tv.action?pid=1810000401,2026-10-04
cpi_rent_index,Quebec,2018-06-01,118.6,0.679117147707986,2018-07-21,https://www150.statcan.gc.ca/t1/tbl1/en/tv.action?pid=1810000401,2026-10-04
cpi_rent_index,Quebec,2018-07-01,118.7,0.7640067911714787,2018-08-21,https://www150.statcan.gc.ca/t1/tbl1/en/tv.action?pid=1810000401,2026-10-04
cpi_rent_index,Quebec,2018-08-01,119.2,0.8460236886632888,2018-09-21,https://www150.statcan.gc.ca/t1/tbl1/en/tv.action?pid=1810000401,2026-10-04
cpi_rent_index,Quebec,2018-09-01,119.3,0.8453085376162406,2018-10-21,https://www150.statcan.gc.ca/t1/tbl1/en/tv.action?pid=1810000401,2026-10-04
cpi_rent_index,Quebec,2018-10-01,119.4,0.9298393913778513,2018-11-21,https://www150.statcan.gc.ca/t1/tbl1/en/tv.action?pid=1810000401,2026-10-04
cpi_rent_index,Quebec,2018-11-01,119.5,1.0143702451394843,2018-12-21,https://www150.statcan.gc.ca/t1/tbl1/en/tv.action?pid=1810000401,2026-10-04
cpi_rent_index,Quebec,2018-12-01,119.6,1.0135135135135087,2019-01-21,https://www150.statcan.gc.ca/t1/tbl1/en/tv.action?pid=1810000401,2026-10-04
cpi_rent_index,Quebec,2019-01-01,120.0,1.3513513513513375,2019-02-21,https://www150.statcan.gc.ca/t1/tbl1/en/tv.action?pid=1810000401,2026-10-04
cpi_rent_index,Quebec,2019-02-01,120.2,1.4345991561181437,2019-03-21,https://www150.statcan.gc.ca/t1/tbl1/en/tv.action?pid=1810000401,2026-10-04
cpi_rent_index,Quebec,2019-03-01,120.9,2.0253164556962133,2019-04-21,https://www150.statcan.gc.ca/t1/tbl1/en/tv.action?pid=1810000401,2026-10-04
cpi_rent_index,Quebec,2019-04-01,120.0,1.180438448566612,2019-05-21,https://www150.statcan.gc.ca/t1/tbl1/en/tv.action?pid=1810000401,2026-10-04
cpi_rent_index,Quebec,2019-05-01,120.3,1.4333895446880351,2019-06-21,https://www150.statcan.gc.ca/t1/tbl1/en/tv.action?pid=1810000401,2026-10-04
cpi_rent_index,Quebec,2019-06-01,120.1,1.2647554806070938,2019-07-21,https://www150.statcan.gc.ca/t1/tbl1/en/tv.action?pid=1810000401,2026-10-04
cpi_rent_index,Quebec,2019-07-01,120.0,1.0951979780960297,2019-08-21,https://www150.statcan.gc.ca/t1/tbl1/en/tv.action?pid=1810000401,2026-10-04
cpi_rent_index,Quebec,2019-08-01,121.4,1.8456375838926231,2019-09-21,https://www150.statcan.gc.ca/t1/tbl1/en/tv.action?pid=1810000401,2026-10-04
cpi_rent_index,Quebec,2019-09-01,122.7,2.849958088851645,2019-10-21,https://www150.statcan.gc.ca/t1/tbl1/en/tv.action?pid=1810000401,2026-10-04
cpi_rent_index,Quebec,2019-10-01,123.6,3.5175879396984744,2019-11-21,https://www150.statcan.gc.ca/t1/tbl1/en/tv.action?pid=1810000401,2026-10-04
cpi_rent_index,Quebec,2019-11-01,122.3,2.343096234309616,2019-12-21,https://www150.statcan.gc.ca/t1/tbl1/en/tv.action?pid=1810000401,2026-10-04
cpi_rent_index,Quebec,2019-12-01,123.0,2.842809364548504,2020-01-21,https://www150.statcan.gc.ca/t1/tbl1/en/tv.action?pid=1810000401,2026-10-04
cpi_rent_index,Quebec,2020-01-01,122.3,1.9166666666666554,2020-02-21,https://www150.statcan.gc.ca/t1/tbl1/en/tv.action?pid=1810000401,2026-10-04
cpi_rent_index,Quebec,2020-02-01,122.7,2.079866888519133,2020-03-21,https://www150.statcan.gc.ca/t1/tbl1/en/tv.action?pid=1810000401,2026-10-04
cpi_rent_index,Quebec,2020-03-01,123.2,1.9023986765922318,2020-04-21,https://www150.statcan.gc.ca/t1/tbl1/en/tv.action?pid=1810000401,2026-10-04
cpi_rent_index,Quebec,2020-04-01,121.7,1.416666666666666,2020-05-21,https://www150.statcan.gc.ca/t1/tbl1/en/tv.action?pid=1810000401,2026-10-04
cpi_rent_index,Quebec,2020-05-01,120.6,0.24937655860348684,2020-06-21,https://www150.statcan.gc.ca/t1/tbl1/en/tv.action?pid=1810000401,2026-10-04
cpi_rent_index,Quebec,2020-06-01,121.5,1.1656952539550458,2020-07-21,https://www150.statcan.gc.ca/t1/tbl1/en/tv.action?pid=1810000401,2026-10-04
cpi_rent_index,Quebec,2020-07-01,121.1,0.9166666666666545,2020-08-21,https://www150.statcan.gc.ca/t1/tbl1/en/tv.action?pid=1810000401,2026-10-04
cpi_rent_index,Quebec,2020-08-01,123.0,1.317957166392092,2020-09-21,https://www150.statcan.gc.ca/t1/tbl1/en/tv.action?pid=1810000401,2026-10-04
cpi_rent_index,Quebec,2020-09-01,122.7,0.0,2020-10-21,https://www150.statcan.gc.ca/t1/tbl1/en/tv.action?pid=1810000401,2026-10-04
cpi_rent_index,Quebec,2020-10-01,124.1,0.4045307443365731,2020-11-21,https://www150.statcan.gc.ca/t1/tbl1/en/tv.action?pid=1810000401,2026-10-04
cpi_rent_index,Quebec,2020-11-01,124.8,2.044153720359776,2020-12-21,https://www150.statcan.gc.ca/t1/tbl1/en/tv.action?pid=1810000401,2026-10-04
cpi_rent_index,Quebec,2020-12-01,124.2,0.9756097560975618,2021-01-21,https://www150.statcan.gc.ca/t1/tbl1/en/tv.action?pid=1810000401,2026-10-04
cpi_rent_index,Quebec,2021-01-01,124.5,1.7988552739166108,2021-02-21,https://www150.statcan.gc.ca/t1/tbl1/en/tv.action?pid=1810000401,2026-10-04
cpi_rent_index,Quebec,2021-02-01,124.5,1.4669926650366705,2021-03-21,https://www150.statcan.gc.ca/t1/tbl1/en/tv.action?pid=1810000401,2026-10-04
cpi_rent_index,Quebec,2021-03-01,124.2,0.8116883116883189,2021-04-21,https://www150.statcan.gc.ca/t1/tbl1/en/tv.action?pid=1810000401,2026-10-04
cpi_rent_index,Quebec,2021-04-01,124.5,2.3007395234182493,2021-05-21,https://www150.statcan.gc.ca/t1/tbl1/en/tv.action?pid=1810000401,2026-10-04
cpi_rent_index,Quebec,2021-05-01,126.0,4.47761194029852,2021-06-21,https://www150.statcan.gc.ca/t1/tbl1/en/tv.action?pid=1810000401,2026-10-04
cpi_rent_index,Quebec,2021-06-01,126.7,4.279835390946496,2021-07-21,https://www150.statcan.gc.ca/t1/tbl1/en/tv.action?pid=1810000401,2026-10-04
cpi_rent_index,Quebec,2021-07-01,127.7,5.450041288191576,2021-08-21,https://www150.statcan.gc.ca/t1/tbl1/en/tv.action?pid=1810000401,2026-10-04
cpi_rent_index,Quebec,2021-08-01,127.6,3.7398373983739797,2021-09-21,https://www150.statcan.gc.ca/t1/tbl1/en/tv.action?pid=1810000401,2026-10-04
cpi_rent_index,Quebec,2021-09-01,127.2,3.667481662591676,2021-10-21,https://www150.statcan.gc.ca/t1/tbl1/en/tv.action?pid=1810000401,2026-10-04
cpi_rent_index,Quebec,2021-10-01,126.1,1.6116035455278066,2021-11-21,https://www150.statcan.gc.ca/t1/tbl1/en/tv.action?pid=1810000401,2026-10-04
cpi_rent_index,Quebec,2021-11-01,126.3,1.2019230769230838,2021-12-21,https://www150.statcan.gc.ca/t1/tbl1/en/tv.action?pid=1810000401,2026-10-04
cpi_rent_index,Quebec,2021-12-01,127.0,2.254428341384851,2022-01-21,https://www150.statcan.gc.ca/t1/tbl1/en/tv.action?pid=1810000401,2026-10-04
cpi_rent_index,Quebec,2022-01-01,127.8,2.650602409638547,2022-02-21,https://www150.statcan.gc.ca/t1/tbl1/en/tv.action?pid=1810000401,2026-10-04
cpi_rent_index,Quebec,2022-02-01,128.8,3.4538152610441797,2022-03-21,https://www150.statcan.gc.ca/t1/tbl1/en/tv.action?pid=1810000401,2026-10-04
cpi_rent_index,Quebec,2022-03-01,128.9,3.7842190016103006,2022-04-21,https://www150.statcan.gc.ca/t1/tbl1/en/tv.action?pid=1810000401,2026-10-04
cpi_rent_index,Quebec,2022-04-01,129.9,4.337349397590362,2022-05-21,https://www150.statcan.gc.ca/t1/tbl1/en/tv.action?pid=1810000401,2026-10-04
cpi_rent_index,Quebec,2022-05-01,130.3,3.412698412698423,2022-06-21,https://www150.statcan.gc.ca/t1/tbl1/en/tv.action?pid=1810000401,2026-10-04
cpi_rent_index,Quebec,2022-06-01,130.6,3.0781373322809724,2022-07-21,https://www150.statcan.gc.ca/t1/tbl1/en/tv.action?pid=1810000401,2026-10-04
cpi_rent_index,Quebec,2022-07-01,130.2,1.9577133907595856,2022-08-21,https://www150.statcan.gc.ca/t1/tbl1/en/tv.action?pid=1810000401,2026-10-04
cpi_rent_index,Quebec,2022-08-01,131.4,2.9780564263322873,2022-09-21,https://www150.statcan.gc.ca/t1/tbl1/en/tv.action?pid=1810000401,2026-10-04
cpi_rent_index,Quebec,2022-09-01,131.0,2.9874213836478036,2022-10-21,https://www150.statcan.gc.ca/t1/tbl1/en/tv.action?pid=1810000401,2026-10-04
cpi_rent_index,Quebec,2022-10-01,130.9,3.806502775574949,2022-11-21,https://www150.statcan.gc.ca/t1/tbl1/en/tv.action?pid=1810000401,2026-10-04
cpi_rent_index,Quebec,2022-11-01,133.0,5.304829770387975,2022-12-21,https://www150.statcan.gc.ca/t1/tbl1/en/tv.action?pid=1810000401,2026-10-04
cpi_rent_index,Quebec,2022-12-01,133.9,5.4330708661417315,2023-01-21,https://www150.statcan.gc.ca/t1/tbl1/en/tv.action?pid=1810000401,2026-10-04
cpi_rent_index,Quebec,2023-01-01,134.2,5.007824726134569,2023-02-21,https://www150.statcan.gc.ca/t1/tbl1/en/tv.action?pid=1810000401,2026-10-04
cpi_rent_index,Quebec,2023-02-01,134.3,4.270186335403725,2023-03-21,https://www150.statcan.gc.ca/t1/tbl1/en/tv.action?pid=1810000401,2026-10-04
cpi_rent_index,Quebec,2023-03-01,134.3,4.189294026377044,2023-04-21,https://www150.statcan.gc.ca/t1/tbl1/en/tv.action?pid=1810000401,2026-10-04
cpi_rent_index,Quebec,2023-04-01,135.2,4.0800615858352485,2023-05-21,https://www150.statcan.gc.ca/t1/tbl1/en/tv.action?pid=1810000401,2026-10-04
cpi_rent_index,Quebec,2023-05-01,135.8,4.221028396009219,2023-06-21,https://www150.statcan.gc.ca/t1/tbl1/en/tv.action?pid=1810000401,2026-10-04
cpi_rent_index,Quebec,2023-06-01,137.0,4.900459418070446,2023-07-21,https://www150.statcan.gc.ca/t1/tbl1/en/tv.action?pid=1810000401,2026-10-04
cpi_rent_index,Quebec,2023-07-01,137.7,5.760368663594462,2023-08-21,https://www150.statcan.gc.ca/t1/tbl1/en/tv.action?pid=1810000401,2026-10-04
cpi_rent_index,Quebec,2023-08-01,140.3,6.773211567732118,2023-09-21,https://www150.statcan.gc.ca/t1/tbl1/en/tv.action?pid=1810000401,2026-10-04
cpi_rent_index,Quebec,2023-09-01,141.3,7.862595419847329,2023-10-21,https://www150.statcan.gc.ca/t1/tbl1/en/tv.action?pid=1810000401,2026-10-04
cpi_rent_index,Quebec,2023-10-01,142.8,9.090909090909104,2023-11-21,https://www150.statcan.gc.ca/t1/tbl1/en/tv.action?pid=1810000401,2026-10-04
cpi_rent_index,Quebec,2023-11-01,142.9,7.443609022556386,2023-12-21,https://www150.statcan.gc.ca/t1/tbl1/en/tv.action?pid=1810000401,2026-10-04
cpi_rent_index,Quebec,2023-12-01,143.0,6.796116504854366,2024-01-21,https://www150.statcan.gc.ca/t1/tbl1/en/tv.action?pid=1810000401,2026-10-04
cpi_rent_index,Quebec,2024-01-01,145.0,8.04769001490313,2024-02-21,https://www150.statcan.gc.ca/t1/tbl1/en/tv.action?pid=1810000401,2026-10-04
cpi_rent_index,Quebec,2024-02-01,145.6,8.413998510796716,2024-03-21,https://www150.statcan.gc.ca/t1/tbl1/en/tv.action?pid=1810000401,2026-10-04
cpi_rent_index,Quebec,2024-03-01,147.6,9.903201787043914,2024-04-21,https://www150.statcan.gc.ca/t1/tbl1/en/tv.action?pid=1810000401,2026-10-04
cpi_rent_index,Quebec,2024-04-01,147.7,9.24556213017751,2024-05-21,https://www150.statcan.gc.ca/t1/tbl1/en/tv.action?pid=1810000401,2026-10-04
cpi_rent_index,Quebec,2024-05-01,148.3,9.204712812960224,2024-06-21,https://www150.statcan.gc.ca/t1/tbl1/en/tv.action?pid=1810000401,2026-10-04
cpi_rent_index,Quebec,2024-06-01,149.3,8.978102189781033,2024-07-21,https://www150.statcan.gc.ca/t1/tbl1/en/tv.action?pid=1810000401,2026-10-04
cpi_rent_index,Quebec,2024-07-01,150.5,9.29557007988382,2024-08-21,https://www150.statcan.gc.ca/t1/tbl1/en/tv.action?pid=1810000401,2026-10-04
cpi_rent_index,Quebec,2024-08-01,154.3,9.978617248752663,2024-09-21,https://www150.statcan.gc.ca/t1/tbl1/en/tv.action?pid=1810000401,2026-10-04
cpi_rent_index,Quebec,2024-09-01,153.9,8.917197452229297,2024-10-21,https://www150.statcan.gc.ca/t1/tbl1/en/tv.action?pid=1810000401,2026-10-04
cpi_rent_index,Quebec,2024-10-01,154.1,7.913165266106437,2024-11-21,https://www150.statcan.gc.ca/t1/tbl1/en/tv.action?pid=1810000401,2026-10-04
cpi_rent_index,Quebec,2024-11-01,154.6,8.187543736878933,2024-12-21,https://www150.statcan.gc.ca/t1/tbl1/en/tv.action?pid=1810000401,2026-10-04
cpi_rent_index,Quebec,2024-12-01,155.1,8.461538461538453,2025-01-21,https://www150.statcan.gc.ca/t1/tbl1/en/tv.action?pid=1810000401,2026-10-04
cpi_rent_index,Quebec,2025-01-01,155.7,7.379310344827572,2025-02-21,https://www150.statcan.gc.ca/t1/tbl1/en/tv.action?pid=1810000401,2026-10-04
cpi_rent_index,Quebec,2025-02-01,154.6,6.181318681318682,2025-03-21,https://www150.statcan.gc.ca/t1/tbl1/en/tv.action?pid=1810000401,2026-10-04
cpi_rent_index,Quebec,2025-03-01,157.2,6.5040650406503975,2025-04-21,https://www150.statcan.gc.ca/t1/tbl1/en/tv.action?pid=1810000401,2026-10-04
cpi_rent_index,Quebec,2025-04-01,158.4,7.244414353419115,2025-05-21,https://www150.statcan.gc.ca/t1/tbl1/en/tv.action?pid=1810000401,2026-10-04
cpi_rent_index,Quebec,2025-05-01,158.2,6.675657451112604,2025-06-21,https://www150.statcan.gc.ca/t1/tbl1/en/tv.action?pid=1810000401,2026-10-04
cpi_rent_index,Quebec,2025-06-01,159.4,6.76490288010716,2025-07-21,https://www150.statcan.gc.ca/t1/tbl1/en/tv.action?pid=1810000401,2026-10-04
cpi_rent_index,Quebec,2025-07-01,161.7,7.441860465116279,2025-08-21,https://www150.statcan.gc.ca/t1/tbl1/en/tv.action?pid=1810000401,2026-10-04
cpi_rent_index,Quebec,2025-08-01,165.5,7.258587167854813,2025-09-21,https://www150.statcan.gc.ca/t1/tbl1/en/tv.action?pid=1810000401,2026-10-04
cpi_rent_index,Quebec,2025-09-01,168.6,9.551656920077956,2025-10-21,https://www150.statcan.gc.ca/t1/tbl1/en/tv.action?pid=1810000401,2026-10-04
cpi_rent_index,Quebec,2025-10-01,169.0,9.669046073977938,2025-11-21,https://www150.statcan.gc.ca/t1/tbl1/en/tv.action?pid=1810000401,2026-10-04
cpi_rent_index,Quebec,2025-11-01,167.4,8.279430789133247,2025-12-21,https://www150.statcan.gc.ca/t1/tbl1/en/tv.action?pid=1810000401,2026-10-04
cpi_rent_index,Quebec,2025-12-01,170.2,9.73565441650548,2026-01-21,https://www150.statcan.gc.ca/t1/tbl1/en/tv.action?pid=1810000401,2026-10-04
cpi_rent_index,Quebec,2026-01-01,169.0,8.542068079640352,2026-02-21,https://www150.statcan.gc.ca/t1/tbl1/en/tv.action?pid=1810000401,2026-10-04
cpi_rent_index,Quebec,2026-02-01,168.0,8.667529107373873,2026-03-21,https://www150.statcan.gc.ca/t1/tbl1/en/tv.action?pid=1810000401,2026-10-04
cpi_rent_index,Quebec,2026-03-01,165.1,5.025445292620878,2026-04-21,https://www150.statcan.gc.ca/t1/tbl1/en/tv.action?pid=1810000401,2026-10-04
cpi_rent_index,Quebec,2026-04-01,167.0,5.429292929292928,2026-05-21,https://www150.statcan.gc.ca/t1/tbl1/en/tv.action?pid=1810000401,2026-10-04
cpi_rent_index,Quebec,2026-05-01,167.2,5.689001264222493,2026-06-21,https://www150.statcan.gc.ca/t1/tbl1/en/tv.action?pid=1810000401,2026-10-04
cpi_rent_index,Quebec,2026-06-01,168.0,5.395232120451698,2026-07-21,https://www150.statcan.gc.ca/t1/tbl1/en/tv.action?pid=1810000401,2026-10-04
cpi_rent_index,Quebec,2026-07-01,168.1,3.9579468150896746,2026-08-21,https://www150.statcan.gc.ca/t1/tbl1/en/tv.action?pid=1810000401,2026-10-04
cpi_rent_index,Quebec,2026-08-01,170.5,3.0211480362537735,2026-09-21,https://www150.statcan.gc.ca/t1/tbl1/en/tv.action?pid=1810000401,2026-10-04
cpi_rent_index,Ontario,1949-01-01,,,1949-02-21,https://www150.statcan.gc.ca/t1/tbl1/en/tv.action?pid=1810000401,2026-10-04
cpi_rent_index,Ontario,1949-02-01,,,1949-03-21,https://www150.statcan.gc.ca/t1/tbl1/en/tv.action?pid=1810000401,2026-10-04
cpi_rent_index,Ontario,1949-03-01,,,1949-04-21,https://www150.statcan.gc.ca/t1/tbl1/en/tv.action?pid=1810000401,2026-10-04
cpi_rent_index,Ontario,1949-04-01,,,1949-05-21,https://www150.statcan.gc.ca/t1/tbl1/en/tv.action?pid=1810000401,2026-10-04
cpi_rent_index,Ontario,1949-05-01,,,1949-06-21,https://www150.statcan.gc.ca/t1/tbl1/en/tv.action?pid=1810000401,2026-10-04
cpi_rent_index,Ontario,1949-06-01,,,1949-07-21,https://www150.statcan.gc.ca/t1/tbl1/en/tv.action?pid=1810000401,2026-10-04
cpi_rent_index,Ontario,1949-07-01,,,1949-08-21,https://www150.statcan.gc.ca/t1/tbl1/en/tv.action?pid=1810000401,2026-10-04
cpi_rent_index,Ontario,1949-08-01,,,1949-09-21,https://www150.statcan.gc.ca/t1/tbl1/en/tv.action?pid=1810000401,2026-10-04
cpi_rent_index,Ontario,1949-09-01,,,1949-10-21,https://www150.statcan.gc.ca/t1/tbl1/en/tv.action?pid=1810000401,2026-10-04
cpi_rent_index,Ontario,1949-10-01,,,1949-11-21,https://www150.statcan.gc.ca/t1/tbl1/en/tv.action?pid=1810000401,2026-10-04
cpi_rent_index,Ontario,1949-11-01,,,1949-12-21,https://www150.statcan.gc.ca/t1/tbl1/en/tv.action?pid=1810000401,2026-10-04
cpi_rent_index,Ontario,1949-12-01,,,1950-01-21,https://www150.statcan.gc.ca/t1/tbl1/en/tv.action?pid=1810000401,2026-10-04
cpi_rent_index,Ontario,1950-01-01,,,1950-02-21,https://www150.statcan.gc.ca/t1/tbl1/en/tv.action?pid=1810000401,2026-10-04
cpi_rent_index,Ontario,1950-02-01,,,1950-03-21,https://www150.statcan.gc.ca/t1/tbl1/en/tv.action?pid=1810000401,2026-10-04
cpi_rent_index,Ontario,1950-03-01,,,1950-04-21,https://www150.statcan.gc.ca/t1/tbl1/en/tv.action?pid=1810000401,2026-10-04
cpi_rent_index,Ontario,1950-04-01,,,1950-05-21,https://www150.statcan.gc.ca/t1/tbl1/en/tv.action?pid=1810000401,2026-10-04
cpi_rent_index,Ontario,1950-05-01,,,1950-06-21,https://www150.statcan.gc.ca/t1/tbl1/en/tv.action?pid=1810000401,2026-10-04
cpi_rent_index,Ontario,1950-06-01,,,1950-07-21,https://www150.statcan.gc.ca/t1/tbl1/en/tv.action?pid=1810000401,2026-10-04
cpi_rent_index,Ontario,1950-07-01,,,1950-08-21,https://www150.statcan.gc.ca/t1/tbl1/en/tv.action?pid=1810000401,2026-10-04
cpi_rent_index,Ontario,1950-08-01,,,1950-09-21,https://www150.statcan.gc.ca/t1/tbl1/en/tv.action?pid=1810000401,2026-10-04
cpi_rent_index,Ontario,1950-09-01,,,1950-10-21,https://www150.statcan.gc.ca/t1/tbl1/en/tv.action?pid=1810000401,2026-10-04
cpi_rent_index,Ontario,1950-10-01,,,1950-11-21,https://www150.statcan.gc.ca/t1/tbl1/en/tv.action?pid=1810000401,2026-10-04
cpi_rent_index,Ontario,1950-11-01,,,1950-12-21,https://www150.statcan.gc.ca/t1/tbl1/en/tv.action?pid=1810000401,2026-10-04
cpi_rent_index,Ontario,1950-12-01,,,1951-01-21,https://www150.statcan.gc.ca/t1/tbl1/en/tv.action?pid=1810000401,2026-10-04
cpi_rent_index,Ontario,1951-01-01,,,1951-02-21,https://www150.statcan.gc.ca/t1/tbl1/en/tv.action?pid=1810000401,2026-10-04
cpi_rent_index,Ontario,1951-02-01,,,1951-03-21,https://www150.statcan.gc.ca/t1/tbl1/en/tv.action?pid=1810000401,2026-10-04
cpi_rent_index,Ontario,1951-03-01,,,1951-04-21,https://www150.statcan.gc.ca/t1/tbl1/en/tv.action?pid=1810000401,2026-10-04
cpi_rent_index,Ontario,1951-04-01,,,1951-05-21,https://www150.statcan.gc.ca/t1/tbl1/en/tv.action?pid=1810000401,2026-10-04
cpi_rent_index,Ontario,1951-05-01,,,1951-06-21,https://www150.statcan.gc.ca/t1/tbl1/en/tv.action?pid=1810000401,2026-10-04
cpi_rent_index,Ontario,1951-06-01,,,1951-07-21,https://www150.statcan.gc.ca/t1/tbl1/en/tv.action?pid=1810000401,2026-10-04
cpi_rent_index,Ontario,1951-07-01,,,1951-08-21,https://www150.statcan.gc.ca/t1/tbl1/en/tv.action?pid=1810000401,2026-10-04
cpi_rent_index,Ontario,1951-08-01,,,1951-09-21,https://www150.statcan.gc.ca/t1/tbl1/en/tv.action?pid=1810000401,2026-10-04
cpi_rent_index,Ontario,1951-09-01,,,1951-10-21,https://www150.statcan.gc.ca/t1/tbl1/en/tv.action?pid=1810000401,2026-10-04
cpi_rent_index,Ontario,1951-10-01,,,1951-11-21,https://www150.statcan.gc.ca/t1/tbl1/en/tv.action?pid=1810000401,2026-10-04
cpi_rent_index,Ontario,1951-11-01,,,1951-12-21,https://www150.statcan.gc.ca/t1/tbl1/en/tv.action?pid=1810000401,2026-10-04
cpi_rent_index,Ontario,1951-12-01,,,1952-01-21,https://www150.statcan.gc.ca/t1/tbl1/en/tv.action?pid=1810000401,2026-10-04
cpi_rent_index,Ontario,1952-01-01,,,1952-02-21,https://www150.statcan.gc.ca/t1/tbl1/en/tv.action?pid=1810000401,2026-10-04
cpi_rent_index,Ontario,1952-02-01,,,1952-03-21,https://www150.statcan.gc.ca/t1/tbl1/en/tv.action?pid=1810000401,2026-10-04
cpi_rent_index,Ontario,1952-03-01,,,1952-04-21,https://www150.statcan.gc.ca/t1/tbl1/en/tv.action?pid=1810000401,2026-10-04
cpi_rent_index,Ontario,1952-04-01,,,1952-05-21,https://www150.statcan.gc.ca/t1/tbl1/en/tv.action?pid=1810000401,2026-10-04
cpi_rent_index,Ontario,1952-05-01,,,1952-06-21,https://www150.statcan.gc.ca/t1/tbl1/en/tv.action?pid=1810000401,2026-10-04
cpi_rent_index,Ontario,1952-06-01,,,1952-07-21,https://www150.statcan.gc.ca/t1/tbl1/en/tv.action?pid=1810000401,2026-10-04
cpi_rent_index,Ontario,1952-07-01,,,1952-08-21,https://www150.statcan.gc.ca/t1/tbl1/en/tv.action?pid=1810000401,2026-10-04
cpi_rent_index,Ontario,1952-08-01,,,1952-09-21,https://www150.statcan.gc.ca/t1/tbl1/en/tv.action?pid=1810000401,2026-10-04
cpi_rent_index,Ontario,1952-09-01,,,1952-10-21,https://www150.statcan.gc.ca/t1/tbl1/en/tv.action?pid=1810000401,2026-10-04
cpi_rent_index,Ontario,1952-10-01,,,1952-11-21,https://www150.statcan.gc.ca/t1/tbl1/en/tv.action?pid=1810000401,2026-10-04
cpi_rent_index,Ontario,1952-11-01,,,1952-12-21,https://www150.statcan.gc.ca/t1/tbl1/en/tv.action?pid=1810000401,2026-10-04
cpi_rent_index,Ontario,1952-12-01,,,1953-01-21,https://www150.statcan.gc.ca/t1/tbl1/en/tv.action?pid=1810000401,2026-10-04
cpi_rent_index,Ontario,1953-01-01,,,1953-02-21,https://www150.statcan.gc.ca/t1/tbl1/en/tv.action?pid=1810000401,2026-10-04
cpi_rent_index,Ontario,1953-02-01,,,1953-03-21,https://www150.statcan.gc.ca/t1/tbl1/en/tv.action?pid=1810000401,2026-10-04
cpi_rent_index,Ontario,1953-03-01,,,1953-04-21,https://www150.statcan.gc.ca/t1/tbl1/en/tv.action?pid=1810000401,2026-10-04
cpi_rent_index,Ontario,1953-04-01,,,1953-05-21,https://www150.statcan.gc.ca/t1/tbl1/en/tv.action?pid=1810000401,2026-10-04
cpi_rent_index,Ontario,1953-05-01,,,1953-06-21,https://www150.statcan.gc.ca/t1/tbl1/en/tv.action?pid=1810000401,2026-10-04
cpi_rent_index,Ontario,1953-06-01,,,1953-07-21,https://www150.statcan.gc.ca/t1/tbl1/en/tv.action?pid=1810000401,2026-10-04
cpi_rent_index,Ontario,1953-07-01,,,1953-08-21,https://www150.statcan.gc.ca/t1/tbl1/en/tv.action?pid=1810000401,2026-10-04
cpi_rent_index,Ontario,1953-08-01,,,1953-09-21,https://www150.statcan.gc.ca/t1/tbl1/en/tv.action?pid=1810000401,2026-10-04
cpi_rent_index,Ontario,1953-09-01,,,1953-10-21,https://www150.statcan.gc.ca/t1/tbl1/en/tv.action?pid=1810000401,2026-10-04
cpi_rent_index,Ontario,1953-10-01,,,1953-11-21,https://www150.statcan.gc.ca/t1/tbl1/en/tv.action?pid=1810000401,2026-10-04
cpi_rent_index,Ontario,1953-11-01,,,1953-12-21,https://www150.statcan.gc.ca/t1/tbl1/en/tv.action?pid=1810000401,2026-10-04
cpi_rent_index,Ontario,1953-12-01,,,1954-01-21,https://www150.statcan.gc.ca/t1/tbl1/en/tv.action?pid=1810000401,2026-10-04
cpi_rent_index,Ontario,1954-01-01,,,1954-02-21,https://www150.statcan.gc.ca/t1/tbl1/en/tv.action?pid=1810000401,2026-10-04
cpi_rent_index,Ontario,1954-02-01,,,1954-03-21,https://www150.statcan.gc.ca/t1/tbl1/en/tv.action?pid=1810000401,2026-10-04
cpi_rent_index,Ontario,1954-03-01,,,1954-04-21,https://www150.statcan.gc.ca/t1/tbl1/en/tv.action?pid=1810000401,2026-10-04
cpi_rent_index,Ontario,1954-04-01,,,1954-05-21,https://www150.statcan.gc.ca/t1/tbl1/en/tv.action?pid=1810000401,2026-10-04
cpi_rent_index,Ontario,1954-05-01,,,1954-06-21,https://www150.statcan.gc.ca/t1/tbl1/en/tv.action?pid=1810000401,2026-10-04
cpi_rent_index,Ontario,1954-06-01,,,1954-07-21,https://www150.statcan.gc.ca/t1/tbl1/en/tv.action?pid=1810000401,2026-10-04
cpi_rent_index,Ontario,1954-07-01,,,1954-08-21,https://www150.statcan.gc.ca/t1/tbl1/en/tv.action?pid=1810000401,2026-10-04
cpi_rent_index,Ontario,1954-08-01,,,1954-09-21,https://www150.statcan.gc.ca/t1/tbl1/en/tv.action?pid=1810000401,2026-10-04
cpi_rent_index,Ontario,1954-09-01,,,1954-10-21,https://www150.statcan.gc.ca/t1/tbl1/en/tv.action?pid=1810000401,2026-10-04
cpi_rent_index,Ontario,1954-10-01,,,1954-11-21,https://www150.statcan.gc.ca/t1/tbl1/en/tv.action?pid=1810000401,2026-10-04
cpi_rent_index,Ontario,1954-11-01,,,1954-12-21,https://www150.statcan.gc.ca/t1/tbl1/en/tv.action?pid=1810000401,2026-10-04
cpi_rent_index,Ontario,1954-12-01,,,1955-01-21,https://www150.statcan.gc.ca/t1/tbl1/en/tv.action?pid=1810000401,2026-10-04
cpi_rent_index,Ontario,1955-01-01,,,1955-02-21,https://www150.statcan.gc.ca/t1/tbl1/en/tv.action?pid=1810000401,2026-10-04
cpi_rent_index,Ontario,1955-02-01,,,1955-03-21,https://www150.statcan.gc.ca/t1/tbl1/en/tv.action?pid=1810000401,2026-10-04
cpi_rent_index,Ontario,1955-03-01,,,1955-04-21,https://www150.statcan.gc.ca/t1/tbl1/en/tv.action?pid=1810000401,2026-10-04
cpi_rent_index,Ontario,1955-04-01,,,1955-05-21,https://www150.statcan.gc.ca/t1/tbl1/en/tv.action?pid=1810000401,2026-10-04
cpi_rent_index,Ontario,1955-05-01,,,1955-06-21,https://www150.statcan.gc.ca/t1/tbl1/en/tv.action?pid=1810000401,2026-10-04
cpi_rent_index,Ontario,1955-06-01,,,1955-07-21,https://www150.statcan.gc.ca/t1/tbl1/en/tv.action?pid=1810000401,2026-10-04
cpi_rent_index,Ontario,1955-07-01,,,1955-08-21,https://www150.statcan.gc.ca/t1/tbl1/en/tv.action?pid=1810000401,2026-10-04
cpi_rent_index,Ontario,1955-08-01,,,1955-09-21,https://www150.statcan.gc.ca/t1/tbl1/en/tv.action?pid=1810000401,2026-10-04
cpi_rent_index,Ontario,1955-09-01,,,1955-10-21,https://www150.statcan.gc.ca/t1/tbl1/en/tv.action?pid=1810000401,2026-10-04
cpi_rent_index,Ontario,1955-10-01,,,1955-11-21,https://www150.statcan.gc.ca/t1/tbl1/en/tv.action?pid=1810000401,2026-10-04
cpi_rent_index,Ontario,1955-11-01,,,1955-12-21,https://www150.statcan.gc.ca/t1/tbl1/en/tv.action?pid=1810000401,2026-10-04
cpi_rent_index,Ontario,1955-12-01,,,1956-01-21,https://www150.statcan.gc.ca/t1/tbl1/en/tv.action?pid=1810000401,2026-10-04
cpi_rent_index,Ontario,1956-01-01,,,1956-02-21,https://www150.statcan.gc.ca/t1/tbl1/en/tv.action?pid=1810000401,2026-10-04
cpi_rent_index,Ontario,1956-02-01,,,1956-03-21,https://www150.statcan.gc.ca/t1/tbl1/en/tv.action?pid=1810000401,2026-10-04
cpi_rent_index,Ontario,1956-03-01,,,1956-04-21,https://www150.statcan.gc.ca/t1/tbl1/en/tv.action?pid=1810000401,2026-10-04
cpi_rent_index,Ontario,1956-04-01,,,1956-05-21,https://www150.statcan.gc.ca/t1/tbl1/en/tv.action?pid=1810000401,2026-10-04
cpi_rent_index,Ontario,1956-05-01,,,1956-06-21,https://www150.statcan.gc.ca/t1/tbl1/en/tv.action?pid=1810000401,2026-10-04
cpi_rent_index,Ontario,1956-06-01,,,1956-07-21,https://www150.statcan.gc.ca/t1/tbl1/en/tv.action?pid=1810000401,2026-10-04
cpi_rent_index,Ontario,1956-07-01,,,1956-08-21,https://www150.statcan.gc.ca/t1/tbl1/en/tv.action?pid=1810000401,2026-10-04
cpi_rent_index,Ontario,1956-08-01,,,1956-09-21,https://www150.statcan.gc.ca/t1/tbl1/en/tv.action?pid=1810000401,2026-10-04
cpi_rent_index,Ontario,1956-09-01,,,1956-10-21,https://www150.statcan.gc.ca/t1/tbl1/en/tv.action?pid=1810000401,2026-10-04
cpi_rent_index,Ontario,1956-10-01,,,1956-11-21,https://www150.statcan.gc.ca/t1/tbl1/en/tv.action?pid=1810000401,2026-10-04
cpi_rent_index,Ontario,1956-11-01,,,1956-12-21,https://www150.statcan.gc.ca/t1/tbl1/en/tv.action?pid=1810000401,2026-10-04
cpi_rent_index,Ontario,1956-12-01,,,1957-01-21,https://www150.statcan.gc.ca/t1/tbl1/en/tv.action?pid=1810000401,2026-10-04
cpi_rent_index,Ontario,1957-01-01,,,1957-02-21,https://www150.statcan.gc.ca/t1/tbl1/en/tv.action?pid=1810000401,2026-10-04
cpi_rent_index,Ontario,1957-02-01,,,1957-03-21,https://www150.statcan.gc.ca/t1/tbl1/en/tv.action?pid=1810000401,2026-10-04
cpi_rent_index,Ontario,1957-03-01,,,1957-04-21,https://www150.statcan.gc.ca/t1/tbl1/en/tv.action?pid=1810000401,2026-10-04
cpi_rent_index,Ontario,1957-04-01,,,1957-05-21,https://www150.statcan.gc.ca/t1/tbl1/en/tv.action?pid=1810000401,2026-10-04
cpi_rent_index,Ontario,1957-05-01,,,1957-06-21,https://www150.statcan.gc.ca/t1/tbl1/en/tv.action?pid=1810000401,2026-10-04
cpi_rent_index,Ontario,1957-06-01,,,1957-07-21,https://www150.statcan.gc.ca/t1/tbl1/en/tv.action?pid=1810000401,2026-10-04
cpi_rent_index,Ontario,1957-07-01,,,1957-08-21,https://www150.statcan.gc.ca/t1/tbl1/en/tv.action?pid=1810000401,2026-10-04
cpi_rent_index,Ontario,1957-08-01,,,1957-09-21,https://www150.statcan.gc.ca/t1/tbl1/en/tv.action?pid=1810000401,2026-10-04
cpi_rent_index,Ontario,1957-09-01,,,1957-10-21,https://www150.statcan.gc.ca/t1/tbl1/en/tv.action?pid=1810000401,2026-10-04
cpi_rent_index,Ontario,1957-10-01,,,1957-11-21,https://www150.statcan.gc.ca/t1/tbl1/en/tv.action?pid=1810000401,2026-10-04
cpi_rent_index,Ontario,1957-11-01,,,1957-12-21,https://www150.statcan.gc.ca/t1/tbl1/en/tv.action?pid=1810000401,2026-10-04
cpi_rent_index,Ontario,1957-12-01,,,1958-01-21,https://www150.statcan.gc.ca/t1/tbl1/en/tv.action?pid=1810000401,2026-10-04
cpi_rent_index,Ontario,1958-01-01,,,1958-02-21,https://www150.statcan.gc.ca/t1/tbl1/en/tv.action?pid=1810000401,2026-10-04
cpi_rent_index,Ontario,1958-02-01,,,1958-03-21,https://www150.statcan.gc.ca/t1/tbl1/en/tv.action?pid=1810000401,2026-10-04
cpi_rent_index,Ontario,1958-03-01,,,1958-04-21,https://www150.statcan.gc.ca/t1/tbl1/en/tv.action?pid=1810000401,2026-10-04
cpi_rent_index,Ontario,1958-04-01,,,1958-05-21,https://www150.statcan.gc.ca/t1/tbl1/en/tv.action?pid=1810000401,2026-10-04
cpi_rent_index,Ontario,1958-05-01,,,1958-06-21,https://www150.statcan.gc.ca/t1/tbl1/en/tv.action?pid=1810000401,2026-10-04
cpi_rent_index,Ontario,1958-06-01,,,1958-07-21,https://www150.statcan.gc.ca/t1/tbl1/en/tv.action?pid=1810000401,2026-10-04
cpi_rent_index,Ontario,1958-07-01,,,1958-08-21,https://www150.statcan.gc.ca/t1/tbl1/en/tv.action?pid=1810000401,2026-10-04
cpi_rent_index,Ontario,1958-08-01,,,1958-09-21,https://www150.statcan.gc.ca/t1/tbl1/en/tv.action?pid=1810000401,2026-10-04
cpi_rent_index,Ontario,1958-09-01,,,1958-10-21,https://www150.statcan.gc.ca/t1/tbl1/en/tv.action?pid=1810000401,2026-10-04
cpi_rent_index,Ontario,1958-10-01,,,1958-11-21,https://www150.statcan.gc.ca/t1/tbl1/en/tv.action?pid=1810000401,2026-10-04
cpi_rent_index,Ontario,1958-11-01,,,1958-12-21,https://www150.statcan.gc.ca/t1/tbl1/en/tv.action?pid=1810000401,2026-10-04
cpi_rent_index,Ontario,1958-12-01,,,1959-01-21,https://www150.statcan.gc.ca/t1/tbl1/en/tv.action?pid=1810000401,2026-10-04
cpi_rent_index,Ontario,1959-01-01,,,1959-02-21,https://www150.statcan.gc.ca/t1/tbl1/en/tv.action?pid=1810000401,2026-10-04
cpi_rent_index,Ontario,1959-02-01,,,1959-03-21,https://www150.statcan.gc.ca/t1/tbl1/en/tv.action?pid=1810000401,2026-10-04
cpi_rent_index,Ontario,1959-03-01,,,1959-04-21,https://www150.statcan.gc.ca/t1/tbl1/en/tv.action?pid=1810000401,2026-10-04
cpi_rent_index,Ontario,1959-04-01,,,1959-05-21,https://www150.statcan.gc.ca/t1/tbl1/en/tv.action?pid=1810000401,2026-10-04
cpi_rent_index,Ontario,1959-05-01,,,1959-06-21,https://www150.statcan.gc.ca/t1/tbl1/en/tv.action?pid=1810000401,2026-10-04
cpi_rent_index,Ontario,1959-06-01,,,1959-07-21,https://www150.statcan.gc.ca/t1/tbl1/en/tv.action?pid=1810000401,2026-10-04
cpi_rent_index,Ontario,1959-07-01,,,1959-08-21,https://www150.statcan.gc.ca/t1/tbl1/en/tv.action?pid=1810000401,2026-10-04
cpi_rent_index,Ontario,1959-08-01,,,1959-09-21,https://www150.statcan.gc.ca/t1/tbl1/en/tv.action?pid=1810000401,2026-10-04
cpi_rent_index,Ontario,1959-09-01,,,1959-10-21,https://www150.statcan.gc.ca/t1/tbl1/en/tv.action?pid=1810000401,2026-10-04
cpi_rent_index,Ontario,1959-10-01,,,1959-11-21,https://www150.statcan.gc.ca/t1/tbl1/en/tv.action?pid=1810000401,2026-10-04
cpi_rent_index,Ontario,1959-11-01,,,1959-12-21,https://www150.statcan.gc.ca/t1/tbl1/en/tv.action?pid=1810000401,2026-10-04
cpi_rent_index,Ontario,1959-12-01,,,1960-01-21,https://www150.statcan.gc.ca/t1/tbl1/en/tv.action?pid=1810000401,2026-10-04
cpi_rent_index,Ontario,1960-01-01,,,1960-02-21,https://www150.statcan.gc.ca/t1/tbl1/en/tv.action?pid=1810000401,2026-10-04
cpi_rent_index,Ontario,1960-02-01,,,1960-03-21,https://www150.statcan.gc.ca/t1/tbl1/en/tv.action?pid=1810000401,2026-10-04
cpi_rent_index,Ontario,1960-03-01,,,1960-04-21,https://www150.statcan.gc.ca/t1/tbl1/en/tv.action?pid=1810000401,2026-10-04
cpi_rent_index,Ontario,1960-04-01,,,1960-05-21,https://www150.statcan.gc.ca/t1/tbl1/en/tv.action?pid=1810000401,2026-10-04
cpi_rent_index,Ontario,1960-05-01,,,1960-06-21,https://www150.statcan.gc.ca/t1/tbl1/en/tv.action?pid=1810000401,2026-10-04
cpi_rent_index,Ontario,1960-06-01,,,1960-07-21,https://www150.statcan.gc.ca/t1/tbl1/en/tv.action?pid=1810000401,2026-10-04
cpi_rent_index,Ontario,1960-07-01,,,1960-08-21,https://www150.statcan.gc.ca/t1/tbl1/en/tv.action?pid=1810000401,2026-10-04
cpi_rent_index,Ontario,1960-08-01,,,1960-09-21,https://www150.statcan.gc.ca/t1/tbl1/en/tv.action?pid=1810000401,2026-10-04
cpi_rent_index,Ontario,1960-09-01,,,1960-10-21,https://www150.statcan.gc.ca/t1/tbl1/en/tv.action?pid=1810000401,2026-10-04
cpi_rent_index,Ontario,1960-10-01,,,1960-11-21,https://www150.statcan.gc.ca/t1/tbl1/en/tv.action?pid=1810000401,2026-10-04
cpi_rent_index,Ontario,1960-11-01,,,1960-12-21,https://www150.statcan.gc.ca/t1/tbl1/en/tv.action?pid=1810000401,2026-10-04
cpi_rent_index,Ontario,1960-12-01,,,1961-01-21,https://www150.statcan.gc.ca/t1/tbl1/en/tv.action?pid=1810000401,2026-10-04
cpi_rent_index,Ontario,1961-01-01,,,1961-02-21,https://www150.statcan.gc.ca/t1/tbl1/en/tv.action?pid=1810000401,2026-10-04
cpi_rent_index,Ontario,1961-02-01,,,1961-03-21,https://www150.statcan.gc.ca/t1/tbl1/en/tv.action?pid=1810000401,2026-10-04
cpi_rent_index,Ontario,1961-03-01,,,1961-04-21,https://www150.statcan.gc.ca/t1/tbl1/en/tv.action?pid=1810000401,2026-10-04
cpi_rent_index,Ontario,1961-04-01,,,1961-05-21,https://www150.statcan.gc.ca/t1/tbl1/en/tv.action?pid=1810000401,2026-10-04
cpi_rent_index,Ontario,1961-05-01,,,1961-06-21,https://www150.statcan.gc.ca/t1/tbl1/en/tv.action?pid=1810000401,2026-10-04
cpi_rent_index,Ontario,1961-06-01,,,1961-07-21,https://www150.statcan.gc.ca/t1/tbl1/en/tv.action?pid=1810000401,2026-10-04
cpi_rent_index,Ontario,1961-07-01,,,1961-08-21,https://www150.statcan.gc.ca/t1/tbl1/en/tv.action?pid=1810000401,2026-10-04
cpi_rent_index,Ontario,1961-08-01,,,1961-09-21,https://www150.statcan.gc.ca/t1/tbl1/en/tv.action?pid=1810000401,2026-10-04
cpi_rent_index,Ontario,1961-09-01,,,1961-10-21,https://www150.statcan.gc.ca/t1/tbl1/en/tv.action?pid=1810000401,2026-10-04
cpi_rent_index,Ontario,1961-10-01,,,1961-11-21,https://www150.statcan.gc.ca/t1/tbl1/en/tv.action?pid=1810000401,2026-10-04
cpi_rent_index,Ontario,1961-11-01,,,1961-12-21,https://www150.statcan.gc.ca/t1/tbl1/en/tv.action?pid=1810000401,2026-10-04
cpi_rent_index,Ontario,1961-12-01,,,1962-01-21,https://www150.statcan.gc.ca/t1/tbl1/en/tv.action?pid=1810000401,2026-10-04
cpi_rent_index,Ontario,1962-01-01,,,1962-02-21,https://www150.statcan.gc.ca/t1/tbl1/en/tv.action?pid=1810000401,2026-10-04
cpi_rent_index,Ontario,1962-02-01,,,1962-03-21,https://www150.statcan.gc.ca/t1/tbl1/en/tv.action?pid=1810000401,2026-10-04
cpi_rent_index,Ontario,1962-03-01,,,1962-04-21,https://www150.statcan.gc.ca/t1/tbl1/en/tv.action?pid=1810000401,2026-10-04
cpi_rent_index,Ontario,1962-04-01,,,1962-05-21,https://www150.statcan.gc.ca/t1/tbl1/en/tv.action?pid=1810000401,2026-10-04
cpi_rent_index,Ontario,1962-05-01,,,1962-06-21,https://www150.statcan.gc.ca/t1/tbl1/en/tv.action?pid=1810000401,2026-10-04
cpi_rent_index,Ontario,1962-06-01,,,1962-07-21,https://www150.statcan.gc.ca/t1/tbl1/en/tv.action?pid=1810000401,2026-10-04
cpi_rent_index,Ontario,1962-07-01,,,1962-08-21,https://www150.statcan.gc.ca/t1/tbl1/en/tv.action?pid=1810000401,2026-10-04
cpi_rent_index,Ontario,1962-08-01,,,1962-09-21,https://www150.statcan.gc.ca/t1/tbl1/en/tv.action?pid=1810000401,2026-10-04
cpi_rent_index,Ontario,1962-09-01,,,1962-10-21,https://www150.statcan.gc.ca/t1/tbl1/en/tv.action?pid=1810000401,2026-10-04
cpi_rent_index,Ontario,1962-10-01,,,1962-11-21,https://www150.statcan.gc.ca/t1/tbl1/en/tv.action?pid=1810000401,2026-10-04
cpi_rent_index,Ontario,1962-11-01,,,1962-12-21,https://www150.statcan.gc.ca/t1/tbl1/en/tv.action?pid=1810000401,2026-10-04
cpi_rent_index,Ontario,1962-12-01,,,1963-01-21,https://www150.statcan.gc.ca/t1/tbl1/en/tv.action?pid=1810000401,2026-10-04
cpi_rent_index,Ontario,1963-01-01,,,1963-02-21,https://www150.statcan.gc.ca/t1/tbl1/en/tv.action?pid=1810000401,2026-10-04
cpi_rent_index,Ontario,1963-02-01,,,1963-03-21,https://www150.statcan.gc.ca/t1/tbl1/en/tv.action?pid=1810000401,2026-10-04
cpi_rent_index,Ontario,1963-03-01,,,1963-04-21,https://www150.statcan.gc.ca/t1/tbl1/en/tv.action?pid=1810000401,2026-10-04
cpi_rent_index,Ontario,1963-04-01,,,1963-05-21,https://www150.statcan.gc.ca/t1/tbl1/en/tv.action?pid=1810000401,2026-10-04
cpi_rent_index,Ontario,1963-05-01,,,1963-06-21,https://www150.statcan.gc.ca/t1/tbl1/en/tv.action?pid=1810000401,2026-10-04
cpi_rent_index,Ontario,1963-06-01,,,1963-07-21,https://www150.statcan.gc.ca/t1/tbl1/en/tv.action?pid=1810000401,2026-10-04
cpi_rent_index,Ontario,1963-07-01,,,1963-08-21,https://www150.statcan.gc.ca/t1/tbl1/en/tv.action?pid=1810000401,2026-10-04
cpi_rent_index,Ontario,1963-08-01,,,1963-09-21,https://www150.statcan.gc.ca/t1/tbl1/en/tv.action?pid=1810000401,2026-10-04
cpi_rent_index,Ontario,1963-09-01,,,1963-10-21,https://www150.statcan.gc.ca/t1/tbl1/en/tv.action?pid=1810000401,2026-10-04
cpi_rent_index,Ontario,1963-10-01,,,1963-11-21,https://www150.statcan.gc.ca/t1/tbl1/en/tv.action?pid=1810000401,2026-10-04
cpi_rent_index,Ontario,1963-11-01,,,1963-12-21,https://www150.statcan.gc.ca/t1/tbl1/en/tv.action?pid=1810000401,2026-10-04
cpi_rent_index,Ontario,1963-12-01,,,1964-01-21,https://www150.statcan.gc.ca/t1/tbl1/en/tv.action?pid=1810000401,2026-10-04
cpi_rent_index,Ontario,1964-01-01,,,1964-02-21,https://www150.statcan.gc.ca/t1/tbl1/en/tv.action?pid=1810000401,2026-10-04
cpi_rent_index,Ontario,1964-02-01,,,1964-03-21,https://www150.statcan.gc.ca/t1/tbl1/en/tv.action?pid=1810000401,2026-10-04
cpi_rent_index,Ontario,1964-03-01,,,1964-04-21,https://www150.statcan.gc.ca/t1/tbl1/en/tv.action?pid=1810000401,2026-10-04
cpi_rent_index,Ontario,1964-04-01,,,1964-05-21,https://www150.statcan.gc.ca/t1/tbl1/en/tv.action?pid=1810000401,2026-10-04
cpi_rent_index,Ontario,1964-05-01,,,1964-06-21,https://www150.statcan.gc.ca/t1/tbl1/en/tv.action?pid=1810000401,2026-10-04
cpi_rent_index,Ontario,1964-06-01,,,1964-07-21,https://www150.statcan.gc.ca/t1/tbl1/en/tv.action?pid=1810000401,2026-10-04
cpi_rent_index,Ontario,1964-07-01,,,1964-08-21,https://www150.statcan.gc.ca/t1/tbl1/en/tv.action?pid=1810000401,2026-10-04
cpi_rent_index,Ontario,1964-08-01,,,1964-09-21,https://www150.statcan.gc.ca/t1/tbl1/en/tv.action?pid=1810000401,2026-10-04
cpi_rent_index,Ontario,1964-09-01,,,1964-10-21,https://www150.statcan.gc.ca/t1/tbl1/en/tv.action?pid=1810000401,2026-10-04
cpi_rent_index,Ontario,1964-10-01,,,1964-11-21,https://www150.statcan.gc.ca/t1/tbl1/en/tv.action?pid=1810000401,2026-10-04
cpi_rent_index,Ontario,1964-11-01,,,1964-12-21,https://www150.statcan.gc.ca/t1/tbl1/en/tv.action?pid=1810000401,2026-10-04
cpi_rent_index,Ontario,1964-12-01,,,1965-01-21,https://www150.statcan.gc.ca/t1/tbl1/en/tv.action?pid=1810000401,2026-10-04
cpi_rent_index,Ontario,1965-01-01,,,1965-02-21,https://www150.statcan.gc.ca/t1/tbl1/en/tv.action?pid=1810000401,2026-10-04
cpi_rent_index,Ontario,1965-02-01,,,1965-03-21,https://www150.statcan.gc.ca/t1/tbl1/en/tv.action?pid=1810000401,2026-10-04
cpi_rent_index,Ontario,1965-03-01,,,1965-04-21,https://www150.statcan.gc.ca/t1/tbl1/en/tv.action?pid=1810000401,2026-10-04
cpi_rent_index,Ontario,1965-04-01,,,1965-05-21,https://www150.statcan.gc.ca/t1/tbl1/en/tv.action?pid=1810000401,2026-10-04
cpi_rent_index,Ontario,1965-05-01,,,1965-06-21,https://www150.statcan.gc.ca/t1/tbl1/en/tv.action?pid=1810000401,2026-10-04
cpi_rent_index,Ontario,1965-06-01,,,1965-07-21,https://www150.statcan.gc.ca/t1/tbl1/en/tv.action?pid=1810000401,2026-10-04
cpi_rent_index,Ontario,1965-07-01,,,1965-08-21,https://www150.statcan.gc.ca/t1/tbl1/en/tv.action?pid=1810000401,2026-10-04
cpi_rent_index,Ontario,1965-08-01,,,1965-09-21,https://www150.statcan.gc.ca/t1/tbl1/en/tv.action?pid=1810000401,2026-10-04
cpi_rent_index,Ontario,1965-09-01,,,1965-10-21,https://www150.statcan.gc.ca/t1/tbl1/en/tv.action?pid=1810000401,2026-10-04
cpi_rent_index,Ontario,1965-10-01,,,1965-11-21,https://www150.statcan.gc.ca/t1/tbl1/en/tv.action?pid=1810000401,2026-10-04
cpi_rent_index,Ontario,1965-11-01,,,1965-12-21,https://www150.statcan.gc.ca/t1/tbl1/en/tv.action?pid=1810000401,2026-10-04
cpi_rent_index,Ontario,1965-12-01,,,1966-01-21,https://www150.statcan.gc.ca/t1/tbl1/en/tv.action?pid=1810000401,2026-10-04
cpi_rent_index,Ontario,1966-01-01,,,1966-02-21,https://www150.statcan.gc.ca/t1/tbl1/en/tv.action?pid=1810000401,2026-10-04
cpi_rent_index,Ontario,1966-02-01,,,1966-03-21,https://www150.statcan.gc.ca/t1/tbl1/en/tv.action?pid=1810000401,2026-10-04
cpi_rent_index,Ontario,1966-03-01,,,1966-04-21,https://www150.statcan.gc.ca/t1/tbl1/en/tv.action?pid=1810000401,2026-10-04
cpi_rent_index,Ontario,1966-04-01,,,1966-05-21,https://www150.statcan.gc.ca/t1/tbl1/en/tv.action?pid=1810000401,2026-10-04
cpi_rent_index,Ontario,1966-05-01,,,1966-06-21,https://www150.statcan.gc.ca/t1/tbl1/en/tv.action?pid=1810000401,2026-10-04
cpi_rent_index,Ontario,1966-06-01,,,1966-07-21,https://www150.statcan.gc.ca/t1/tbl1/en/tv.action?pid=1810000401,2026-10-04
cpi_rent_index,Ontario,1966-07-01,,,1966-08-21,https://www150.statcan.gc.ca/t1/tbl1/en/tv.action?pid=1810000401,2026-10-04
cpi_rent_index,Ontario,1966-08-01,,,1966-09-21,https://www150.statcan.gc.ca/t1/tbl1/en/tv.action?pid=1810000401,2026-10-04
cpi_rent_index,Ontario,1966-09-01,,,1966-10-21,https://www150.statcan.gc.ca/t1/tbl1/en/tv.action?pid=1810000401,2026-10-04
cpi_rent_index,Ontario,1966-10-01,,,1966-11-21,https://www150.statcan.gc.ca/t1/tbl1/en/tv.action?pid=1810000401,2026-10-04
cpi_rent_index,Ontario,1966-11-01,,,1966-12-21,https://www150.statcan.gc.ca/t1/tbl1/en/tv.action?pid=1810000401,2026-10-04
cpi_rent_index,Ontario,1966-12-01,,,1967-01-21,https://www150.statcan.gc.ca/t1/tbl1/en/tv.action?pid=1810000401,2026-10-04
cpi_rent_index,Ontario,1967-01-01,,,1967-02-21,https://www150.statcan.gc.ca/t1/tbl1/en/tv.action?pid=1810000401,2026-10-04
cpi_rent_index,Ontario,1967-02-01,,,1967-03-21,https://www150.statcan.gc.ca/t1/tbl1/en/tv.action?pid=1810000401,2026-10-04
cpi_rent_index,Ontario,1967-03-01,,,1967-04-21,https://www150.statcan.gc.ca/t1/tbl1/en/tv.action?pid=1810000401,2026-10-04
cpi_rent_index,Ontario,1967-04-01,,,1967-05-21,https://www150.statcan.gc.ca/t1/tbl1/en/tv.action?pid=1810000401,2026-10-04
cpi_rent_index,Ontario,1967-05-01,,,1967-06-21,https://www150.statcan.gc.ca/t1/tbl1/en/tv.action?pid=1810000401,2026-10-04
cpi_rent_index,Ontario,1967-06-01,,,1967-07-21,https://www150.statcan.gc.ca/t1/tbl1/en/tv.action?pid=1810000401,2026-10-04
cpi_rent_index,Ontario,1967-07-01,,,1967-08-21,https://www150.statcan.gc.ca/t1/tbl1/en/tv.action?pid=1810000401,2026-10-04
cpi_rent_index,Ontario,1967-08-01,,,1967-09-21,https://www150.statcan.gc.ca/t1/tbl1/en/tv.action?pid=1810000401,2026-10-04
cpi_rent_index,Ontario,1967-09-01,,,1967-10-21,https://www150.statcan.gc.ca/t1/tbl1/en/tv.action?pid=1810000401,2026-10-04
cpi_rent_index,Ontario,1967-10-01,,,1967-11-21,https://www150.statcan.gc.ca/t1/tbl1/en/tv.action?pid=1810000401,2026-10-04
cpi_rent_index,Ontario,1967-11-01,,,1967-12-21,https://www150.statcan.gc.ca/t1/tbl1/en/tv.action?pid=1810000401,2026-10-04
cpi_rent_index,Ontario,1967-12-01,,,1968-01-21,https://www150.statcan.gc.ca/t1/tbl1/en/tv.action?pid=1810000401,2026-10-04
cpi_rent_index,Ontario,1968-01-01,,,1968-02-21,https://www150.statcan.gc.ca/t1/tbl1/en/tv.action?pid=1810000401,2026-10-04
cpi_rent_index,Ontario,1968-02-01,,,1968-03-21,https://www150.statcan.gc.ca/t1/tbl1/en/tv.action?pid=1810000401,2026-10-04
cpi_rent_index,Ontario,1968-03-01,,,1968-04-21,https://www150.statcan.gc.ca/t1/tbl1/en/tv.action?pid=1810000401,2026-10-04
cpi_rent_index,Ontario,1968-04-01,,,1968-05-21,https://www150.statcan.gc.ca/t1/tbl1/en/tv.action?pid=1810000401,2026-10-04
cpi_rent_index,Ontario,1968-05-01,,,1968-06-21,https://www150.statcan.gc.ca/t1/tbl1/en/tv.action?pid=1810000401,2026-10-04
cpi_rent_index,Ontario,1968-06-01,,,1968-07-21,https://www150.statcan.gc.ca/t1/tbl1/en/tv.action?pid=1810000401,2026-10-04
cpi_rent_index,Ontario,1968-07-01,,,1968-08-21,https://www150.statcan.gc.ca/t1/tbl1/en/tv.action?pid=1810000401,2026-10-04
cpi_rent_index,Ontario,1968-08-01,,,1968-09-21,https://www150.statcan.gc.ca/t1/tbl1/en/tv.action?pid=1810000401,2026-10-04
cpi_rent_index,Ontario,1968-09-01,,,1968-10-21,https://www150.statcan.gc.ca/t1/tbl1/en/tv.action?pid=1810000401,2026-10-04
cpi_rent_index,Ontario,1968-10-01,,,1968-11-21,https://www150.statcan.gc.ca/t1/tbl1/en/tv.action?pid=1810000401,2026-10-04
cpi_rent_index,Ontario,1968-11-01,,,1968-12-21,https://www150.statcan.gc.ca/t1/tbl1/en/tv.action?pid=1810000401,2026-10-04
cpi_rent_index,Ontario,1968-12-01,,,1969-01-21,https://www150.statcan.gc.ca/t1/tbl1/en/tv.action?pid=1810000401,2026-10-04
cpi_rent_index,Ontario,1969-01-01,,,1969-02-21,https://www150.statcan.gc.ca/t1/tbl1/en/tv.action?pid=1810000401,2026-10-04
cpi_rent_index,Ontario,1969-02-01,,,1969-03-21,https://www150.statcan.gc.ca/t1/tbl1/en/tv.action?pid=1810000401,2026-10-04
cpi_rent_index,Ontario,1969-03-01,,,1969-04-21,https://www150.statcan.gc.ca/t1/tbl1/en/tv.action?pid=1810000401,2026-10-04
cpi_rent_index,Ontario,1969-04-01,,,1969-05-21,https://www150.statcan.gc.ca/t1/tbl1/en/tv.action?pid=1810000401,2026-10-04
cpi_rent_index,Ontario,1969-05-01,,,1969-06-21,https://www150.statcan.gc.ca/t1/tbl1/en/tv.action?pid=1810000401,2026-10-04
cpi_rent_index,Ontario,1969-06-01,,,1969-07-21,https://www150.statcan.gc.ca/t1/tbl1/en/tv.action?pid=1810000401,2026-10-04
cpi_rent_index,Ontario,1969-07-01,,,1969-08-21,https://www150.statcan.gc.ca/t1/tbl1/en/tv.action?pid=1810000401,2026-10-04
cpi_rent_index,Ontario,1969-08-01,,,1969-09-21,https://www150.statcan.gc.ca/t1/tbl1/en/tv.action?pid=1810000401,2026-10-04
cpi_rent_index,Ontario,1969-09-01,,,1969-10-21,https://www150.statcan.gc.ca/t1/tbl1/en/tv.action?pid=1810000401,2026-10-04
cpi_rent_index,Ontario,1969-10-01,,,1969-11-21,https://www150.statcan.gc.ca/t1/tbl1/en/tv.action?pid=1810000401,2026-10-04
cpi_rent_index,Ontario,1969-11-01,,,1969-12-21,https://www150.statcan.gc.ca/t1/tbl1/en/tv.action?pid=1810000401,2026-10-04
cpi_rent_index,Ontario,1969-12-01,,,1970-01-21,https://www150.statcan.gc.ca/t1/tbl1/en/tv.action?pid=1810000401,2026-10-04
cpi_rent_index,Ontario,1970-01-01,,,1970-02-21,https://www150.statcan.gc.ca/t1/tbl1/en/tv.action?pid=1810000401,2026-10-04
cpi_rent_index,Ontario,1970-02-01,,,1970-03-21,https://www150.statcan.gc.ca/t1/tbl1/en/tv.action?pid=1810000401,2026-10-04
cpi_rent_index,Ontario,1970-03-01,,,1970-04-21,https://www150.statcan.gc.ca/t1/tbl1/en/tv.action?pid=1810000401,2026-10-04
cpi_rent_index,Ontario,1970-04-01,,,1970-05-21,https://www150.statcan.gc.ca/t1/tbl1/en/tv.action?pid=1810000401,2026-10-04
cpi_rent_index,Ontario,1970-05-01,,,1970-06-21,https://www150.statcan.gc.ca/t1/tbl1/en/tv.action?pid=1810000401,2026-10-04
cpi_rent_index,Ontario,1970-06-01,,,1970-07-21,https://www150.statcan.gc.ca/t1/tbl1/en/tv.action?pid=1810000401,2026-10-04
cpi_rent_index,Ontario,1970-07-01,,,1970-08-21,https://www150.statcan.gc.ca/t1/tbl1/en/tv.action?pid=1810000401,2026-10-04
cpi_rent_index,Ontario,1970-08-01,,,1970-09-21,https://www150.statcan.gc.ca/t1/tbl1/en/tv.action?pid=1810000401,2026-10-04
cpi_rent_index,Ontario,1970-09-01,,,1970-10-21,https://www150.statcan.gc.ca/t1/tbl1/en/tv.action?pid=1810000401,2026-10-04
cpi_rent_index,Ontario,1970-10-01,,,1970-11-21,https://www150.statcan.gc.ca/t1/tbl1/en/tv.action?pid=1810000401,2026-10-04
cpi_rent_index,Ontario,1970-11-01,,,1970-12-21,https://www150.statcan.gc.ca/t1/tbl1/en/tv.action?pid=1810000401,2026-10-04
cpi_rent_index,Ontario,1970-12-01,,,1971-01-21,https://www150.statcan.gc.ca/t1/tbl1/en/tv.action?pid=1810000401,2026-10-04
cpi_rent_index,Ontario,1971-01-01,,,1971-02-21,https://www150.statcan.gc.ca/t1/tbl1/en/tv.action?pid=1810000401,2026-10-04
cpi_rent_index,Ontario,1971-02-01,,,1971-03-21,https://www150.statcan.gc.ca/t1/tbl1/en/tv.action?pid=1810000401,2026-10-04
cpi_rent_index,Ontario,1971-03-01,,,1971-04-21,https://www150.statcan.gc.ca/t1/tbl1/en/tv.action?pid=1810000401,2026-10-04
cpi_rent_index,Ontario,1971-04-01,,,1971-05-21,https://www150.statcan.gc.ca/t1/tbl1/en/tv.action?pid=1810000401,2026-10-04
cpi_rent_index,Ontario,1971-05-01,,,1971-06-21,https://www150.statcan.gc.ca/t1/tbl1/en/tv.action?pid=1810000401,2026-10-04
cpi_rent_index,Ontario,1971-06-01,,,1971-07-21,https://www150.statcan.gc.ca/t1/tbl1/en/tv.action?pid=1810000401,2026-10-04
cpi_rent_index,Ontario,1971-07-01,,,1971-08-21,https://www150.statcan.gc.ca/t1/tbl1/en/tv.action?pid=1810000401,2026-10-04
cpi_rent_index,Ontario,1971-08-01,,,1971-09-21,https://www150.statcan.gc.ca/t1/tbl1/en/tv.action?pid=1810000401,2026-10-04
cpi_rent_index,Ontario,1971-09-01,,,1971-10-21,https://www150.statcan.gc.ca/t1/tbl1/en/tv.action?pid=1810000401,2026-10-04
cpi_rent_index,Ontario,1971-10-01,,,1971-11-21,https://www150.statcan.gc.ca/t1/tbl1/en/tv.action?pid=1810000401,2026-10-04
cpi_rent_index,Ontario,1971-11-01,,,1971-12-21,https://www150.statcan.gc.ca/t1/tbl1/en/tv.action?pid=1810000401,2026-10-04
cpi_rent_index,Ontario,1971-12-01,,,1972-01-21,https://www150.statcan.gc.ca/t1/tbl1/en/tv.action?pid=1810000401,2026-10-04
cpi_rent_index,Ontario,1972-01-01,,,1972-02-21,https://www150.statcan.gc.ca/t1/tbl1/en/tv.action?pid=1810000401,2026-10-04
cpi_rent_index,Ontario,1972-02-01,,,1972-03-21,https://www150.statcan.gc.ca/t1/tbl1/en/tv.action?pid=1810000401,2026-10-04
cpi_rent_index,Ontario,1972-03-01,,,1972-04-21,https://www150.statcan.gc.ca/t1/tbl1/en/tv.action?pid=1810000401,2026-10-04
cpi_rent_index,Ontario,1972-04-01,,,1972-05-21,https://www150.statcan.gc.ca/t1/tbl1/en/tv.action?pid=1810000401,2026-10-04
cpi_rent_index,Ontario,1972-05-01,,,1972-06-21,https://www150.statcan.gc.ca/t1/tbl1/en/tv.action?pid=1810000401,2026-10-04
cpi_rent_index,Ontario,1972-06-01,,,1972-07-21,https://www150.statcan.gc.ca/t1/tbl1/en/tv.action?pid=1810000401,2026-10-04
cpi_rent_index,Ontario,1972-07-01,,,1972-08-21,https://www150.statcan.gc.ca/t1/tbl1/en/tv.action?pid=1810000401,2026-10-04
cpi_rent_index,Ontario,1972-08-01,,,1972-09-21,https://www150.statcan.gc.ca/t1/tbl1/en/tv.action?pid=1810000401,2026-10-04
cpi_rent_index,Ontario,1972-09-01,,,1972-10-21,https://www150.statcan.gc.ca/t1/tbl1/en/tv.action?pid=1810000401,2026-10-04
cpi_rent_index,Ontario,1972-10-01,,,1972-11-21,https://www150.statcan.gc.ca/t1/tbl1/en/tv.action?pid=1810000401,2026-10-04
cpi_rent_index,Ontario,1972-11-01,,,1972-12-21,https://www150.statcan.gc.ca/t1/tbl1/en/tv.action?pid=1810000401,2026-10-04
cpi_rent_index,Ontario,1972-12-01,,,1973-01-21,https://www150.statcan.gc.ca/t1/tbl1/en/tv.action?pid=1810000401,2026-10-04
cpi_rent_index,Ontario,1973-01-01,,,1973-02-21,https://www150.statcan.gc.ca/t1/tbl1/en/tv.action?pid=1810000401,2026-10-04
cpi_rent_index,Ontario,1973-02-01,,,1973-03-21,https://www150.statcan.gc.ca/t1/tbl1/en/tv.action?pid=1810000401,2026-10-04
cpi_rent_index,Ontario,1973-03-01,,,1973-04-21,https://www150.statcan.gc.ca/t1/tbl1/en/tv.action?pid=1810000401,2026-10-04
cpi_rent_index,Ontario,1973-04-01,,,1973-05-21,https://www150.statcan.gc.ca/t1/tbl1/en/tv.action?pid=1810000401,2026-10-04
cpi_rent_index,Ontario,1973-05-01,,,1973-06-21,https://www150.statcan.gc.ca/t1/tbl1/en/tv.action?pid=1810000401,2026-10-04
cpi_rent_index,Ontario,1973-06-01,,,1973-07-21,https://www150.statcan.gc.ca/t1/tbl1/en/tv.action?pid=1810000401,2026-10-04
cpi_rent_index,Ontario,1973-07-01,,,1973-08-21,https://www150.statcan.gc.ca/t1/tbl1/en/tv.action?pid=1810000401,2026-10-04
cpi_rent_index,Ontario,1973-08-01,,,1973-09-21,https://www150.statcan.gc.ca/t1/tbl1/en/tv.action?pid=1810000401,2026-10-04
cpi_rent_index,Ontario,1973-09-01,,,1973-10-21,https://www150.statcan.gc.ca/t1/tbl1/en/tv.action?pid=1810000401,2026-10-04
cpi_rent_index,Ontario,1973-10-01,,,1973-11-21,https://www150.statcan.gc.ca/t1/tbl1/en/tv.action?pid=1810000401,2026-10-04
cpi_rent_index,Ontario,1973-11-01,,,1973-12-21,https://www150.statcan.gc.ca/t1/tbl1/en/tv.action?pid=1810000401,2026-10-04
cpi_rent_index,Ontario,1973-12-01,,,1974-01-21,https://www150.statcan.gc.ca/t1/tbl1/en/tv.action?pid=1810000401,2026-10-04
cpi_rent_index,Ontario,1974-01-01,,,1974-02-21,https://www150.statcan.gc.ca/t1/tbl1/en/tv.action?pid=1810000401,2026-10-04
cpi_rent_index,Ontario,1974-02-01,,,1974-03-21,https://www150.statcan.gc.ca/t1/tbl1/en/tv.action?pid=1810000401,2026-10-04
cpi_rent_index,Ontario,1974-03-01,,,1974-04-21,https://www150.statcan.gc.ca/t1/tbl1/en/tv.action?pid=1810000401,2026-10-04
cpi_rent_index,Ontario,1974-04-01,,,1974-05-21,https://www150.statcan.gc.ca/t1/tbl1/en/tv.action?pid=1810000401,2026-10-04
cpi_rent_index,Ontario,1974-05-01,,,1974-06-21,https://www150.statcan.gc.ca/t1/tbl1/en/tv.action?pid=1810000401,2026-10-04
cpi_rent_index,Ontario,1974-06-01,,,1974-07-21,https://www150.statcan.gc.ca/t1/tbl1/en/tv.action?pid=1810000401,2026-10-04
cpi_rent_index,Ontario,1974-07-01,,,1974-08-21,https://www150.statcan.gc.ca/t1/tbl1/en/tv.action?pid=1810000401,2026-10-04
cpi_rent_index,Ontario,1974-08-01,,,1974-09-21,https://www150.statcan.gc.ca/t1/tbl1/en/tv.action?pid=1810000401,2026-10-04
cpi_rent_index,Ontario,1974-09-01,,,1974-10-21,https://www150.statcan.gc.ca/t1/tbl1/en/tv.action?pid=1810000401,2026-10-04
cpi_rent_index,Ontario,1974-10-01,,,1974-11-21,https://www150.statcan.gc.ca/t1/tbl1/en/tv.action?pid=1810000401,2026-10-04
cpi_rent_index,Ontario,1974-11-01,,,1974-12-21,https://www150.statcan.gc.ca/t1/tbl1/en/tv.action?pid=1810000401,2026-10-04
cpi_rent_index,Ontario,1974-12-01,,,1975-01-21,https://www150.statcan.gc.ca/t1/tbl1/en/tv.action?pid=1810000401,2026-10-04
cpi_rent_index,Ontario,1975-01-01,,,1975-02-21,https://www150.statcan.gc.ca/t1/tbl1/en/tv.action?pid=1810000401,2026-10-04
cpi_rent_index,Ontario,1975-02-01,,,1975-03-21,https://www150.statcan.gc.ca/t1/tbl1/en/tv.action?pid=1810000401,2026-10-04
cpi_rent_index,Ontario,1975-03-01,,,1975-04-21,https://www150.statcan.gc.ca/t1/tbl1/en/tv.action?pid=1810000401,2026-10-04
cpi_rent_index,Ontario,1975-04-01,,,1975-05-21,https://www150.statcan.gc.ca/t1/tbl1/en/tv.action?pid=1810000401,2026-10-04
cpi_rent_index,Ontario,1975-05-01,,,1975-06-21,https://www150.statcan.gc.ca/t1/tbl1/en/tv.action?pid=1810000401,2026-10-04
cpi_rent_index,Ontario,1975-06-01,,,1975-07-21,https://www150.statcan.gc.ca/t1/tbl1/en/tv.action?pid=1810000401,2026-10-04
cpi_rent_index,Ontario,1975-07-01,,,1975-08-21,https://www150.statcan.gc.ca/t1/tbl1/en/tv.action?pid=1810000401,2026-10-04
cpi_rent_index,Ontario,1975-08-01,,,1975-09-21,https://www150.statcan.gc.ca/t1/tbl1/en/tv.action?pid=1810000401,2026-10-04
cpi_rent_index,Ontario,1975-09-01,,,1975-10-21,https://www150.statcan.gc.ca/t1/tbl1/en/tv.action?pid=1810000401,2026-10-04
cpi_rent_index,Ontario,1975-10-01,,,1975-11-21,https://www150.statcan.gc.ca/t1/tbl1/en/tv.action?pid=1810000401,2026-10-04
cpi_rent_index,Ontario,1975-11-01,,,1975-12-21,https://www150.statcan.gc.ca/t1/tbl1/en/tv.action?pid=1810000401,2026-10-04
cpi_rent_index,Ontario,1975-12-01,,,1976-01-21,https://www150.statcan.gc.ca/t1/tbl1/en/tv.action?pid=1810000401,2026-10-04
cpi_rent_index,Ontario,1976-01-01,,,1976-02-21,https://www150.statcan.gc.ca/t1/tbl1/en/tv.action?pid=1810000401,2026-10-04
cpi_rent_index,Ontario,1976-02-01,,,1976-03-21,https://www150.statcan.gc.ca/t1/tbl1/en/tv.action?pid=1810000401,2026-10-04
cpi_rent_index,Ontario,1976-03-01,,,1976-04-21,https://www150.statcan.gc.ca/t1/tbl1/en/tv.action?pid=1810000401,2026-10-04
cpi_rent_index,Ontario,1976-04-01,,,1976-05-21,https://www150.statcan.gc.ca/t1/tbl1/en/tv.action?pid=1810000401,2026-10-04
cpi_rent_index,Ontario,1976-05-01,,,1976-06-21,https://www150.statcan.gc.ca/t1/tbl1/en/tv.action?pid=1810000401,2026-10-04
cpi_rent_index,Ontario,1976-06-01,,,1976-07-21,https://www150.statcan.gc.ca/t1/tbl1/en/tv.action?pid=1810000401,2026-10-04
cpi_rent_index,Ontario,1976-07-01,,,1976-08-21,https://www150.statcan.gc.ca/t1/tbl1/en/tv.action?pid=1810000401,2026-10-04
cpi_rent_index,Ontario,1976-08-01,,,1976-09-21,https://www150.statcan.gc.ca/t1/tbl1/en/tv.action?pid=1810000401,2026-10-04
cpi_rent_index,Ontario,1976-09-01,,,1976-10-21,https://www150.statcan.gc.ca/t1/tbl1/en/tv.action?pid=1810000401,2026-10-04
cpi_rent_index,Ontario,1976-10-01,,,1976-11-21,https://www150.statcan.gc.ca/t1/tbl1/en/tv.action?pid=1810000401,2026-10-04
cpi_rent_index,Ontario,1976-11-01,,,1976-12-21,https://www150.statcan.gc.ca/t1/tbl1/en/tv.action?pid=1810000401,2026-10-04
cpi_rent_index,Ontario,1976-12-01,,,1977-01-21,https://www150.statcan.gc.ca/t1/tbl1/en/tv.action?pid=1810000401,2026-10-04
cpi_rent_index,Ontario,1977-01-01,,,1977-02-21,https://www150.statcan.gc.ca/t1/tbl1/en/tv.action?pid=1810000401,2026-10-04
cpi_rent_index,Ontario,1977-02-01,,,1977-03-21,https://www150.statcan.gc.ca/t1/tbl1/en/tv.action?pid=1810000401,2026-10-04
cpi_rent_index,Ontario,1977-03-01,,,1977-04-21,https://www150.statcan.gc.ca/t1/tbl1/en/tv.action?pid=1810000401,2026-10-04
cpi_rent_index,Ontario,1977-04-01,,,1977-05-21,https://www150.statcan.gc.ca/t1/tbl1/en/tv.action?pid=1810000401,2026-10-04
cpi_rent_index,Ontario,1977-05-01,,,1977-06-21,https://www150.statcan.gc.ca/t1/tbl1/en/tv.action?pid=1810000401,2026-10-04
cpi_rent_index,Ontario,1977-06-01,,,1977-07-21,https://www150.statcan.gc.ca/t1/tbl1/en/tv.action?pid=1810000401,2026-10-04
cpi_rent_index,Ontario,1977-07-01,,,1977-08-21,https://www150.statcan.gc.ca/t1/tbl1/en/tv.action?pid=1810000401,2026-10-04
cpi_rent_index,Ontario,1977-08-01,,,1977-09-21,https://www150.statcan.gc.ca/t1/tbl1/en/tv.action?pid=1810000401,2026-10-04
cpi_rent_index,Ontario,1977-09-01,,,1977-10-21,https://www150.statcan.gc.ca/t1/tbl1/en/tv.action?pid=1810000401,2026-10-04
cpi_rent_index,Ontario,1977-10-01,,,1977-11-21,https://www150.statcan.gc.ca/t1/tbl1/en/tv.action?pid=1810000401,2026-10-04
cpi_rent_index,Ontario,1977-11-01,,,1977-12-21,https://www150.statcan.gc.ca/t1/tbl1/en/tv.action?pid=1810000401,2026-10-04
cpi_rent_index,Ontario,1977-12-01,,,1978-01-21,https://www150.statcan.gc.ca/t1/tbl1/en/tv.action?pid=1810000401,2026-10-04
cpi_rent_index,Ontario,1978-01-01,,,1978-02-21,https://www150.statcan.gc.ca/t1/tbl1/en/tv.action?pid=1810000401,2026-10-04
cpi_rent_index,Ontario,1978-02-01,,,1978-03-21,https://www150.statcan.gc.ca/t1/tbl1/en/tv.action?pid=1810000401,2026-10-04
cpi_rent_index,Ontario,1978-03-01,,,1978-04-21,https://www150.statcan.gc.ca/t1/tbl1/en/tv.action?pid=1810000401,2026-10-04
cpi_rent_index,Ontario,1978-04-01,,,1978-05-21,https://www150.statcan.gc.ca/t1/tbl1/en/tv.action?pid=1810000401,2026-10-04
cpi_rent_index,Ontario,1978-05-01,,,1978-06-21,https://www150.statcan.gc.ca/t1/tbl1/en/tv.action?pid=1810000401,2026-10-04
cpi_rent_index,Ontario,1978-06-01,,,1978-07-21,https://www150.statcan.gc.ca/t1/tbl1/en/tv.action?pid=1810000401,2026-10-04
cpi_rent_index,Ontario,1978-07-01,,,1978-08-21,https://www150.statcan.gc.ca/t1/tbl1/en/tv.action?pid=1810000401,2026-10-04
cpi_rent_index,Ontario,1978-08-01,,,1978-09-21,https://www150.statcan.gc.ca/t1/tbl1/en/tv.action?pid=1810000401,2026-10-04
cpi_rent_index,Ontario,1978-09-01,43.0,,1978-10-21,https://www150.statcan.gc.ca/t1/tbl1/en/tv.action?pid=1810000401,2026-10-04
cpi_rent_index,Ontario,1978-10-01,43.1,,1978-11-21,https://www150.statcan.gc.ca/t1/tbl1/en/tv.action?pid=1810000401,2026-10-04
cpi_rent_index,Ontario,1978-11-01,43.3,,1978-12-21,https://www150.statcan.gc.ca/t1/tbl1/en/tv.action?pid=1810000401,2026-10-04
cpi_rent_index,Ontario,1978-12-01,43.3,,1979-01-21,https://www150.statcan.gc.ca/t1/tbl1/en/tv.action?pid=1810000401,2026-10-04
cpi_rent_index,Ontario,1979-01-01,43.5,,1979-02-21,https://www150.statcan.gc.ca/t1/tbl1/en/tv.action?pid=1810000401,2026-10-04
cpi_rent_index,Ontario,1979-02-01,43.7,,1979-03-21,https://www150.statcan.gc.ca/t1/tbl1/en/tv.action?pid=1810000401,2026-10-04
cpi_rent_index,Ontario,1979-03-01,43.9,,1979-04-21,https://www150.statcan.gc.ca/t1/tbl1/en/tv.action?pid=1810000401,2026-10-04
cpi_rent_index,Ontario,1979-04-01,43.9,,1979-05-21,https://www150.statcan.gc.ca/t1/tbl1/en/tv.action?pid=1810000401,2026-10-04
cpi_rent_index,Ontario,1979-05-01,44.0,,1979-06-21,https://www150.statcan.gc.ca/t1/tbl1/en/tv.action?pid=1810000401,2026-10-04
cpi_rent_index,Ontario,1979-06-01,44.1,,1979-07-21,https://www150.statcan.gc.ca/t1/tbl1/en/tv.action?pid=1810000401,2026-10-04
cpi_rent_index,Ontario,1979-07-01,44.4,,1979-08-21,https://www150.statcan.gc.ca/t1/tbl1/en/tv.action?pid=1810000401,2026-10-04
cpi_rent_index,Ontario,1979-08-01,44.6,,1979-09-21,https://www150.statcan.gc.ca/t1/tbl1/en/tv.action?pid=1810000401,2026-10-04
cpi_rent_index,Ontario,1979-09-01,44.7,3.953488372093039,1979-10-21,https://www150.statcan.gc.ca/t1/tbl1/en/tv.action?pid=1810000401,2026-10-04
cpi_rent_index,Ontario,1979-10-01,45.0,4.408352668213444,1979-11-21,https://www150.statcan.gc.ca/t1/tbl1/en/tv.action?pid=1810000401,2026-10-04
cpi_rent_index,Ontario,1979-11-01,45.1,4.157043879907629,1979-12-21,https://www150.statcan.gc.ca/t1/tbl1/en/tv.action?pid=1810000401,2026-10-04
cpi_rent_index,Ontario,1979-12-01,45.2,4.387990762124727,1980-01-21,https://www150.statcan.gc.ca/t1/tbl1/en/tv.action?pid=1810000401,2026-10-04
cpi_rent_index,Ontario,1980-01-01,45.3,4.137931034482745,1980-02-21,https://www150.statcan.gc.ca/t1/tbl1/en/tv.action?pid=1810000401,2026-10-04
cpi_rent_index,Ontario,1980-02-01,45.6,4.347826086956519,1980-03-21,https://www150.statcan.gc.ca/t1/tbl1/en/tv.action?pid=1810000401,2026-10-04
cpi_rent_index,Ontario,1980-03-01,45.6,3.8724373576309867,1980-04-21,https://www150.statcan.gc.ca/t1/tbl1/en/tv.action?pid=1810000401,2026-10-04
cpi_rent_index,Ontario,1980-04-01,45.7,4.10022779043282,1980-05-21,https://www150.statcan.gc.ca/t1/tbl1/en/tv.action?pid=1810000401,2026-10-04
cpi_rent_index,Ontario,1980-05-01,45.9,4.318181818181821,1980-06-21,https://www150.statcan.gc.ca/t1/tbl1/en/tv.action?pid=1810000401,2026-10-04
cpi_rent_index,Ontario,1980-06-01,46.1,4.53514739229024,1980-07-21,https://www150.statcan.gc.ca/t1/tbl1/en/tv.action?pid=1810000401,2026-10-04
cpi_rent_index,Ontario,1980-07-01,46.2,4.054054054054057,1980-08-21,https://www150.statcan.gc.ca/t1/tbl1/en/tv.action?pid=1810000401,2026-10-04
cpi_rent_index,Ontario,1980-08-01,46.5,4.260089686098656,1980-09-21,https://www150.statcan.gc.ca/t1/tbl1/en/tv.action?pid=1810000401,2026-10-04
cpi_rent_index,Ontario,1980-09-01,46.6,4.250559284116329,1980-10-21,https://www150.statcan.gc.ca/t1/tbl1/en/tv.action?pid=1810000401,2026-10-04
cpi_rent_index,Ontario,1980-10-01,46.8,4.0000000000000036,1980-11-21,https://www150.statcan.gc.ca/t1/tbl1/en/tv.action?pid=1810000401,2026-10-04
cpi_rent_index,Ontario,1980-11-01,47.0,4.212860310421274,1980-12-21,https://www150.statcan.gc.ca/t1/tbl1/en/tv.action?pid=1810000401,2026-10-04
cpi_rent_index,Ontario,1980-12-01,47.2,4.424778761061954,1981-01-21,https://www150.statcan.gc.ca/t1/tbl1/en/tv.action?pid=1810000401,2026-10-04
cpi_rent_index,Ontario,1981-01-01,47.3,4.415011037527594,1981-02-21,https://www150.statcan.gc.ca/t1/tbl1/en/tv.action?pid=1810000401,2026-10-04
cpi_rent_index,Ontario,1981-02-01,47.6,4.385964912280693,1981-03-21,https://www150.statcan.gc.ca/t1/tbl1/en/tv.action?pid=1810000401,2026-10-04
cpi_rent_index,Ontario,1981-03-01,47.7,4.6052631578947345,1981-04-21,https://www150.statcan.gc.ca/t1/tbl1/en/tv.action?pid=1810000401,2026-10-04
cpi_rent_index,Ontario,1981-04-01,47.9,4.814004376367609,1981-05-21,https://www150.statcan.gc.ca/t1/tbl1/en/tv.action?pid=1810000401,2026-10-04
cpi_rent_index,Ontario,1981-05-01,48.1,4.793028322440085,1981-06-21,https://www150.statcan.gc.ca/t1/tbl1/en/tv.action?pid=1810000401,2026-10-04
cpi_rent_index,Ontario,1981-06-01,48.2,4.5553145336225676,1981-07-21,https://www150.statcan.gc.ca/t1/tbl1/en/tv.action?pid=1810000401,2026-10-04
cpi_rent_index,Ontario,1981-07-01,48.5,4.978354978354971,1981-08-21,https://www150.statcan.gc.ca/t1/tbl1/en/tv.action?pid=1810000401,2026-10-04
cpi_rent_index,Ontario,1981-08-01,48.8,4.946236559139772,1981-09-21,https://www150.statcan.gc.ca/t1/tbl1/en/tv.action?pid=1810000401,2026-10-04
cpi_rent_index,Ontario,1981-09-01,49.1,5.364806866952798,1981-10-21,https://www150.statcan.gc.ca/t1/tbl1/en/tv.action?pid=1810000401,2026-10-04
cpi_rent_index,Ontario,1981-10-01,49.4,5.555555555555558,1981-11-21,https://www150.statcan.gc.ca/t1/tbl1/en/tv.action?pid=1810000401,2026-10-04
cpi_rent_index,Ontario,1981-11-01,49.8,5.957446808510625,1981-12-21,https://www150.statcan.gc.ca/t1/tbl1/en/tv.action?pid=1810000401,2026-10-04
cpi_rent_index,Ontario,1981-12-01,50.1,6.144067796610164,1982-01-21,https://www150.statcan.gc.ca/t1/tbl1/en/tv.action?pid=1810000401,2026-10-04
cpi_rent_index,Ontario,1982-01-01,50.3,6.342494714587743,1982-02-21,https://www150.statcan.gc.ca/t1/tbl1/en/tv.action?pid=1810000401,2026-10-04
cpi_rent_index,Ontario,1982-02-01,50.5,6.0924369747899165,1982-03-21,https://www150.statcan.gc.ca/t1/tbl1/en/tv.action?pid=1810000401,2026-10-04
cpi_rent_index,Ontario,1982-03-01,50.8,6.498951781970641,1982-04-21,https://www150.statcan.gc.ca/t1/tbl1/en/tv.action?pid=1810000401,2026-10-04
cpi_rent_index,Ontario,1982-04-01,51.0,6.471816283924836,1982-05-21,https://www150.statcan.gc.ca/t1/tbl1/en/tv.action?pid=1810000401,2026-10-04
cpi_rent_index,Ontario,1982-05-01,51.3,6.652806652806653,1982-06-21,https://www150.statcan.gc.ca/t1/tbl1/en/tv.action?pid=1810000401,2026-10-04
cpi_rent_index,Ontario,1982-06-01,51.7,7.261410788381739,1982-07-21,https://www150.statcan.gc.ca/t1/tbl1/en/tv.action?pid=1810000401,2026-10-04
cpi_rent_index,Ontario,1982-07-01,52.0,7.216494845360821,1982-08-21,https://www150.statcan.gc.ca/t1/tbl1/en/tv.action?pid=1810000401,2026-10-04
cpi_rent_index,Ontario,1982-08-01,52.4,7.377049180327866,1982-09-21,https://www150.statcan.gc.ca/t1/tbl1/en/tv.action?pid=1810000401,2026-10-04
cpi_rent_index,Ontario,1982-09-01,52.9,7.7393075356415375,1982-10-21,https://www150.statcan.gc.ca/t1/tbl1/en/tv.action?pid=1810000401,2026-10-04
cpi_rent_index,Ontario,1982-10-01,53.3,7.8947368421052655,1982-11-21,https://www150.statcan.gc.ca/t1/tbl1/en/tv.action?pid=1810000401,2026-10-04
cpi_rent_index,Ontario,1982-11-01,53.8,8.032128514056236,1982-12-21,https://www150.statcan.gc.ca/t1/tbl1/en/tv.action?pid=1810000401,2026-10-04
cpi_rent_index,Ontario,1982-12-01,54.0,7.784431137724557,1983-01-21,https://www150.statcan.gc.ca/t1/tbl1/en/tv.action?pid=1810000401,2026-10-04
cpi_rent_index,Ontario,1983-01-01,54.3,7.9522862823061535,1983-02-21,https://www150.statcan.gc.ca/t1/tbl1/en/tv.action?pid=1810000401,2026-10-04
cpi_rent_index,Ontario,1983-02-01,54.6,8.118811881188126,1983-03-21,https://www150.statcan.gc.ca/t1/tbl1/en/tv.action?pid=1810000401,2026-10-04
cpi_rent_index,Ontario,1983-03-01,54.8,7.874015748031504,1983-04-21,https://www150.statcan.gc.ca/t1/tbl1/en/tv.action?pid=1810000401,2026-10-04
cpi_rent_index,Ontario,1983-04-01,55.1,8.039215686274503,1983-05-21,https://www150.statcan.gc.ca/t1/tbl1/en/tv.action?pid=1810000401,2026-10-04
cpi_rent_index,Ontario,1983-05-01,55.2,7.602339181286566,1983-06-21,https://www150.statcan.gc.ca/t1/tbl1/en/tv.action?pid=1810000401,2026-10-04
cpi_rent_index,Ontario,1983-06-01,55.5,7.350096711798826,1983-07-21,https://www150.statcan.gc.ca/t1/tbl1/en/tv.action?pid=1810000401,2026-10-04
cpi_rent_index,Ontario,1983-07-01,55.9,7.499999999999996,1983-08-21,https://www150.statcan.gc.ca/t1/tbl1/en/tv.action?pid=1810000401,2026-10-04
cpi_rent_index,Ontario,1983-08-01,56.3,7.4427480916030575,1983-09-21,https://www150.statcan.gc.ca/t1/tbl1/en/tv.action?pid=1810000401,2026-10-04
cpi_rent_index,Ontario,1983-09-01,56.6,6.994328922495274,1983-10-21,https://www150.statcan.gc.ca/t1/tbl1/en/tv.action?pid=1810000401,2026-10-04
cpi_rent_index,Ontario,1983-10-01,57.0,6.941838649155718,1983-11-21,https://www150.statcan.gc.ca/t1/tbl1/en/tv.action?pid=1810000401,2026-10-04
cpi_rent_index,Ontario,1983-11-01,57.2,6.3197026022304925,1983-12-21,https://www150.statcan.gc.ca/t1/tbl1/en/tv.action?pid=1810000401,2026-10-04
cpi_rent_index,Ontario,1983-12-01,57.5,6.481481481481488,1984-01-21,https://www150.statcan.gc.ca/t1/tbl1/en/tv.action?pid=1810000401,2026-10-04
cpi_rent_index,Ontario,1984-01-01,57.6,6.07734806629836,1984-02-21,https://www150.statcan.gc.ca/t1/tbl1/en/tv.action?pid=1810000401,2026-10-04
cpi_rent_index,Ontario,1984-02-01,57.9,6.043956043956045,1984-03-21,https://www150.statcan.gc.ca/t1/tbl1/en/tv.action?pid=1810000401,2026-10-04
cpi_rent_index,Ontario,1984-03-01,58.1,6.021897810218979,1984-04-21,https://www150.statcan.gc.ca/t1/tbl1/en/tv.action?pid=1810000401,2026-10-04
cpi_rent_index,Ontario,1984-04-01,58.3,5.807622504537191,1984-05-21,https://www150.statcan.gc.ca/t1/tbl1/en/tv.action?pid=1810000401,2026-10-04
cpi_rent_index,Ontario,1984-05-01,58.5,5.978260869565211,1984-06-21,https://www150.statcan.gc.ca/t1/tbl1/en/tv.action?pid=1810000401,2026-10-04
cpi_rent_index,Ontario,1984-06-01,58.7,5.7657657657657735,1984-07-21,https://www150.statcan.gc.ca/t1/tbl1/en/tv.action?pid=1810000401,2026-10-04
cpi_rent_index,Ontario,1984-07-01,59.0,5.545617173524153,1984-08-21,https://www150.statcan.gc.ca/t1/tbl1/en/tv.action?pid=1810000401,2026-10-04
cpi_rent_index,Ontario,1984-08-01,59.3,5.328596802841923,1984-09-21,https://www150.statcan.gc.ca/t1/tbl1/en/tv.action?pid=1810000401,2026-10-04
cpi_rent_index,Ontario,1984-09-01,59.7,5.477031802120136,1984-10-21,https://www150.statcan.gc.ca/t1/tbl1/en/tv.action?pid=1810000401,2026-10-04
cpi_rent_index,Ontario,1984-10-01,60.0,5.263157894736836,1984-11-21,https://www150.statcan.gc.ca/t1/tbl1/en/tv.action?pid=1810000401,2026-10-04
cpi_rent_index,Ontario,1984-11-01,60.2,5.24475524475525,1984-12-21,https://www150.statcan.gc.ca/t1/tbl1/en/tv.action?pid=1810000401,2026-10-04
cpi_rent_index,Ontario,1984-12-01,60.4,5.043478260869572,1985-01-21,https://www150.statcan.gc.ca/t1/tbl1/en/tv.action?pid=1810000401,2026-10-04
cpi_rent_index,Ontario,1985-01-01,60.7,5.381944444444442,1985-02-21,https://www150.statcan.gc.ca/t1/tbl1/en/tv.action?pid=1810000401,2026-10-04
cpi_rent_index,Ontario,1985-02-01,61.0,5.354058721934374,1985-03-21,https://www150.statcan.gc.ca/t1/tbl1/en/tv.action?pid=1810000401,2026-10-04
cpi_rent_index,Ontario,1985-03-01,61.2,5.335628227194489,1985-04-21,https://www150.statcan.gc.ca/t1/tbl1/en/tv.action?pid=1810000401,2026-10-04
cpi_rent_index,Ontario,1985-04-01,61.4,5.317324185248706,1985-05-21,https://www150.statcan.gc.ca/t1/tbl1/en/tv.action?pid=1810000401,2026-10-04
cpi_rent_index,Ontario,1985-05-01,61.6,5.2991452991453025,1985-06-21,https://www150.statcan.gc.ca/t1/tbl1/en/tv.action?pid=1810000401,2026-10-04
cpi_rent_index,Ontario,1985-06-01,61.9,5.451448040885842,1985-07-21,https://www150.statcan.gc.ca/t1/tbl1/en/tv.action?pid=1810000401,2026-10-04
cpi_rent_index,Ontario,1985-07-01,62.2,5.423728813559325,1985-08-21,https://www150.statcan.gc.ca/t1/tbl1/en/tv.action?pid=1810000401,2026-10-04
cpi_rent_index,Ontario,1985-08-01,62.5,5.396290050590213,1985-09-21,https://www150.statcan.gc.ca/t1/tbl1/en/tv.action?pid=1810000401,2026-10-04
cpi_rent_index,Ontario,1985-09-01,62.8,5.192629815745375,1985-10-21,https://www150.statcan.gc.ca/t1/tbl1/en/tv.action?pid=1810000401,2026-10-04
cpi_rent_index,Ontario,1985-10-01,63.3,5.499999999999994,1985-11-21,https://www150.statcan.gc.ca/t1/tbl1/en/tv.action?pid=1810000401,2026-10-04
cpi_rent_index,Ontario,1985-11-01,63.5,5.481727574750828,1985-12-21,https://www150.statcan.gc.ca/t1/tbl1/en/tv.action?pid=1810000401,2026-10-04
cpi_rent_index,Ontario,1985-12-01,63.8,5.629139072847678,1986-01-21,https://www150.statcan.gc.ca/t1/tbl1/en/tv.action?pid=1810000401,2026-10-04
cpi_rent_index,Ontario,1986-01-01,63.9,5.271828665568368,1986-02-21,https://www150.statcan.gc.ca/t1/tbl1/en/tv.action?pid=1810000401,2026-10-04
cpi_rent_index,Ontario,1986-02-01,64.3,5.40983606557377,1986-03-21,https://www150.statcan.gc.ca/t1/tbl1/en/tv.action?pid=1810000401,2026-10-04
cpi_rent_index,Ontario,1986-03-01,64.4,5.228758169934644,1986-04-21,https://www150.statcan.gc.ca/t1/tbl1/en/tv.action?pid=1810000401,2026-10-04
cpi_rent_index,Ontario,1986-04-01,64.5,5.048859934853422,1986-05-21,https://www150.statcan.gc.ca/t1/tbl1/en/tv.action?pid=1810000401,2026-10-04
cpi_rent_index,Ontario,1986-05-01,64.8,5.1948051948051965,1986-06-21,https://www150.statcan.gc.ca/t1/tbl1/en/tv.action?pid=1810000401,2026-10-04
cpi_rent_index,Ontario,1986-06-01,64.9,4.846526655896621,1986-07-21,https://www150.statcan.gc.ca/t1/tbl1/en/tv.action?pid=1810000401,2026-10-04
cpi_rent_index,Ontario,1986-07-01,65.2,4.8231511254019255,1986-08-21,https://www150.statcan.gc.ca/t1/tbl1/en/tv.action?pid=1810000401,2026-10-04
cpi_rent_index,Ontario,1986-08-01,65.4,4.64,1986-09-21,https://www150.statcan.gc.ca/t1/tbl1/en/tv.action?pid=1810000401,2026-10-04
cpi_rent_index,Ontario,1986-09-01,65.7,4.617834394904463,1986-10-21,https://www150.statcan.gc.ca/t1/tbl1/en/tv.action?pid=1810000401,2026-10-04
cpi_rent_index,Ontario,1986-10-01,65.9,4.107424960505535,1986-11-21,https://www150.statcan.gc.ca/t1/tbl1/en/tv.action?pid=1810000401,2026-10-04
cpi_rent_index,Ontario,1986-11-01,66.3,4.409448818897643,1986-12-21,https://www150.statcan.gc.ca/t1/tbl1/en/tv.action?pid=1810000401,2026-10-04
cpi_rent_index,Ontario,1986-12-01,66.5,4.2319749216300995,1987-01-21,https://www150.statcan.gc.ca/t1/tbl1/en/tv.action?pid=1810000401,2026-10-04
cpi_rent_index,Ontario,1987-01-01,66.6,4.225352112676051,1987-02-21,https://www150.statcan.gc.ca/t1/tbl1/en/tv.action?pid=1810000401,2026-10-04
cpi_rent_index,Ontario,1987-02-01,67.0,4.199066874028001,1987-03-21,https://www150.statcan.gc.ca/t1/tbl1/en/tv.action?pid=1810000401,2026-10-04
cpi_rent_index,Ontario,1987-03-01,67.2,4.347826086956519,1987-04-21,https://www150.statcan.gc.ca/t1/tbl1/en/tv.action?pid=1810000401,2026-10-04
cpi_rent_index,Ontario,1987-04-01,67.5,4.651162790697683,1987-05-21,https://www150.statcan.gc.ca/t1/tbl1/en/tv.action?pid=1810000401,2026-10-04
cpi_rent_index,Ontario,1987-05-01,67.5,4.166666666666674,1987-06-21,https://www150.statcan.gc.ca/t1/tbl1/en/tv.action?pid=1810000401,2026-10-04
cpi_rent_index,Ontario,1987-06-01,67.8,4.468412942989208,1987-07-21,https://www150.statcan.gc.ca/t1/tbl1/en/tv.action?pid=1810000401,2026-10-04
cpi_rent_index,Ontario,1987-07-01,68.1,4.447852760736182,1987-08-21,https://www150.statcan.gc.ca/t1/tbl1/en/tv.action?pid=1810000401,2026-10-04
cpi_rent_index,Ontario,1987-08-01,68.5,4.740061162079501,1987-09-21,https://www150.statcan.gc.ca/t1/tbl1/en/tv.action?pid=1810000401,2026-10-04
cpi_rent_index,Ontario,1987-09-01,68.6,4.4140030441400135,1987-10-21,https://www150.statcan.gc.ca/t1/tbl1/en/tv.action?pid=1810000401,2026-10-04
cpi_rent_index,Ontario,1987-10-01,69.1,4.855842185128956,1987-11-21,https://www150.statcan.gc.ca/t1/tbl1/en/tv.action?pid=1810000401,2026-10-04
cpi_rent_index,Ontario,1987-11-01,69.3,4.52488687782806,1987-12-21,https://www150.statcan.gc.ca/t1/tbl1/en/tv.action?pid=1810000401,2026-10-04
cpi_rent_index,Ontario,1987-12-01,69.5,4.511278195488733,1988-01-21,https://www150.statcan.gc.ca/t1/tbl1/en/tv.action?pid=1810000401,2026-10-04
cpi_rent_index,Ontario,1988-01-01,69.8,4.8048048048048075,1988-02-21,https://www150.statcan.gc.ca/t1/tbl1/en/tv.action?pid=1810000401,2026-10-04
cpi_rent_index,Ontario,1988-02-01,70.1,4.626865671641789,1988-03-21,https://www150.statcan.gc.ca/t1/tbl1/en/tv.action?pid=1810000401,2026-10-04
cpi_rent_index,Ontario,1988-03-01,70.3,4.613095238095233,1988-04-21,https://www150.statcan.gc.ca/t1/tbl1/en/tv.action?pid=1810000401,2026-10-04
cpi_rent_index,Ontario,1988-04-01,70.6,4.592592592592593,1988-05-21,https://www150.statcan.gc.ca/t1/tbl1/en/tv.action?pid=1810000401,2026-10-04
cpi_rent_index,Ontario,1988-05-01,70.7,4.740740740740734,1988-06-21,https://www150.statcan.gc.ca/t1/tbl1/en/tv.action?pid=1810000401,2026-10-04
cpi_rent_index,Ontario,1988-06-01,71.1,4.867256637168138,1988-07-21,https://www150.statcan.gc.ca/t1/tbl1/en/tv.action?pid=1810000401,2026-10-04
cpi_rent_index,Ontario,1988-07-01,71.3,4.698972099853171,1988-08-21,https://www150.statcan.gc.ca/t1/tbl1/en/tv.action?pid=1810000401,2026-10-04
cpi_rent_index,Ontario,1988-08-01,72.1,5.2554744525547425,1988-09-21,https://www150.statcan.gc.ca/t1/tbl1/en/tv.action?pid=1810000401,2026-10-04
cpi_rent_index,Ontario,1988-09-01,72.5,5.685131195335291,1988-10-21,https://www150.statcan.gc.ca/t1/tbl1/en/tv.action?pid=1810000401,2026-10-04
cpi_rent_index,Ontario,1988-10-01,72.9,5.499276410998566,1988-11-21,https://www150.statcan.gc.ca/t1/tbl1/en/tv.action?pid=1810000401,2026-10-04
cpi_rent_index,Ontario,1988-11-01,73.2,5.627705627705626,1988-12-21,https://www150.statcan.gc.ca/t1/tbl1/en/tv.action?pid=1810000401,2026-10-04
cpi_rent_index,Ontario,1988-12-01,73.6,5.899280575539567,1989-01-21,https://www150.statcan.gc.ca/t1/tbl1/en/tv.action?pid=1810000401,2026-10-04
cpi_rent_index,Ontario,1989-01-01,73.9,5.873925501432686,1989-02-21,https://www150.statcan.gc.ca/t1/tbl1/en/tv.action?pid=1810000401,2026-10-04
cpi_rent_index,Ontario,1989-02-01,74.3,5.991440798858783,1989-03-21,https://www150.statcan.gc.ca/t1/tbl1/en/tv.action?pid=1810000401,2026-10-04
cpi_rent_index,Ontario,1989-03-01,74.5,5.974395448079672,1989-04-21,https://www150.statcan.gc.ca/t1/tbl1/en/tv.action?pid=1810000401,2026-10-04
cpi_rent_index,Ontario,1989-04-01,74.9,6.0906515580736675,1989-05-21,https://www150.statcan.gc.ca/t1/tbl1/en/tv.action?pid=1810000401,2026-10-04
cpi_rent_index,Ontario,1989-05-01,75.3,6.506364922206509,1989-06-21,https://www150.statcan.gc.ca/t1/tbl1/en/tv.action?pid=1810000401,2026-10-04
cpi_rent_index,Ontario,1989-06-01,75.6,6.329113924050644,1989-07-21,https://www150.statcan.gc.ca/t1/tbl1/en/tv.action?pid=1810000401,2026-10-04
cpi_rent_index,Ontario,1989-07-01,75.9,6.451612903225823,1989-08-21,https://www150.statcan.gc.ca/t1/tbl1/en/tv.action?pid=1810000401,2026-10-04
cpi_rent_index,Ontario,1989-08-01,76.2,5.686546463245512,1989-09-21,https://www150.statcan.gc.ca/t1/tbl1/en/tv.action?pid=1810000401,2026-10-04
cpi_rent_index,Ontario,1989-09-01,76.5,5.517241379310356,1989-10-21,https://www150.statcan.gc.ca/t1/tbl1/en/tv.action?pid=1810000401,2026-10-04
cpi_rent_index,Ontario,1989-10-01,76.8,5.349794238683114,1989-11-21,https://www150.statcan.gc.ca/t1/tbl1/en/tv.action?pid=1810000401,2026-10-04
cpi_rent_index,Ontario,1989-11-01,77.0,5.191256830601088,1989-12-21,https://www150.statcan.gc.ca/t1/tbl1/en/tv.action?pid=1810000401,2026-10-04
cpi_rent_index,Ontario,1989-12-01,77.3,5.027173913043481,1990-01-21,https://www150.statcan.gc.ca/t1/tbl1/en/tv.action?pid=1810000401,2026-10-04
cpi_rent_index,Ontario,1990-01-01,77.4,4.736129905277409,1990-02-21,https://www150.statcan.gc.ca/t1/tbl1/en/tv.action?pid=1810000401,2026-10-04
cpi_rent_index,Ontario,1990-02-01,77.6,4.4414535666218,1990-03-21,https://www150.statcan.gc.ca/t1/tbl1/en/tv.action?pid=1810000401,2026-10-04
cpi_rent_index,Ontario,1990-03-01,77.9,4.563758389261752,1990-04-21,https://www150.statcan.gc.ca/t1/tbl1/en/tv.action?pid=1810000401,2026-10-04
cpi_rent_index,Ontario,1990-04-01,78.1,4.272363150867808,1990-05-21,https://www150.statcan.gc.ca/t1/tbl1/en/tv.action?pid=1810000401,2026-10-04
cpi_rent_index,Ontario,1990-05-01,78.3,3.984063745019917,1990-06-21,https://www150.statcan.gc.ca/t1/tbl1/en/tv.action?pid=1810000401,2026-10-04
cpi_rent_index,Ontario,1990-06-01,78.5,3.835978835978837,1990-07-21,https://www150.statcan.gc.ca/t1/tbl1/en/tv.action?pid=1810000401,2026-10-04
cpi_rent_index,Ontario,1990-07-01,78.8,3.820816864295118,1990-08-21,https://www150.statcan.gc.ca/t1/tbl1/en/tv.action?pid=1810000401,2026-10-04
cpi_rent_index,Ontario,1990-08-01,79.1,3.8057742782152015,1990-09-21,https://www150.statcan.gc.ca/t1/tbl1/en/tv.action?pid=1810000401,2026-10-04
cpi_rent_index,Ontario,1990-09-01,79.3,3.6601307189542354,1990-10-21,https://www150.statcan.gc.ca/t1/tbl1/en/tv.action?pid=1810000401,2026-10-04
cpi_rent_index,Ontario,1990-10-01,79.6,3.645833333333326,1990-11-21,https://www150.statcan.gc.ca/t1/tbl1/en/tv.action?pid=1810000401,2026-10-04
cpi_rent_index,Ontario,1990-11-01,80.0,3.8961038961038863,1990-12-21,https://www150.statcan.gc.ca/t1/tbl1/en/tv.action?pid=1810000401,2026-10-04
cpi_rent_index,Ontario,1990-12-01,80.2,3.751617076326008,1991-01-21,https://www150.statcan.gc.ca/t1/tbl1/en/tv.action?pid=1810000401,2026-10-04
cpi_rent_index,Ontario,1991-01-01,80.3,3.746770025839785,1991-02-21,https://www150.statcan.gc.ca/t1/tbl1/en/tv.action?pid=1810000401,2026-10-04
cpi_rent_index,Ontario,1991-02-01,80.5,3.7371134020618646,1991-03-21,https://www150.statcan.gc.ca/t1/tbl1/en/tv.action?pid=1810000401,2026-10-04
cpi_rent_index,Ontario,1991-03-01,80.7,3.594351732991008,1991-04-21,https://www150.statcan.gc.ca/t1/tbl1/en/tv.action?pid=1810000401,2026-10-04
cpi_rent_index,Ontario,1991-04-01,80.9,3.5851472471190915,1991-05-21,https://www150.statcan.gc.ca/t1/tbl1/en/tv.action?pid=1810000401,2026-10-04
cpi_rent_index,Ontario,1991-05-01,81.1,3.575989782886335,1991-06-21,https://www150.statcan.gc.ca/t1/tbl1/en/tv.action?pid=1810000401,2026-10-04
cpi_rent_index,Ontario,1991-06-01,81.3,3.566878980891719,1991-07-21,https://www150.statcan.gc.ca/t1/tbl1/en/tv.action?pid=1810000401,2026-10-04
cpi_rent_index,Ontario,1991-07-01,81.6,3.5532994923857864,1991-08-21,https://www150.statcan.gc.ca/t1/tbl1/en/tv.action?pid=1810000401,2026-10-04
cpi_rent_index,Ontario,1991-08-01,81.7,3.286978508217464,1991-09-21,https://www150.statcan.gc.ca/t1/tbl1/en/tv.action?pid=1810000401,2026-10-04
cpi_rent_index,Ontario,1991-09-01,82.0,3.4047919293821005,1991-10-21,https://www150.statcan.gc.ca/t1/tbl1/en/tv.action?pid=1810000401,2026-10-04
cpi_rent_index,Ontario,1991-10-01,82.2,3.266331658291466,1991-11-21,https://www150.statcan.gc.ca/t1/tbl1/en/tv.action?pid=1810000401,2026-10-04
cpi_rent_index,Ontario,1991-11-01,82.4,3.0000000000000027,1991-12-21,https://www150.statcan.gc.ca/t1/tbl1/en/tv.action?pid=1810000401,2026-10-04
cpi_rent_index,Ontario,1991-12-01,82.6,2.9925187032418865,1992-01-21,https://www150.statcan.gc.ca/t1/tbl1/en/tv.action?pid=1810000401,2026-10-04
cpi_rent_index,Ontario,1992-01-01,82.7,2.9887920298879322,1992-02-21,https://www150.statcan.gc.ca/t1/tbl1/en/tv.action?pid=1810000401,2026-10-04
cpi_rent_index,Ontario,1992-02-01,83.1,3.2298136645962705,1992-03-21,https://www150.statcan.gc.ca/t1/tbl1/en/tv.action?pid=1810000401,2026-10-04
cpi_rent_index,Ontario,1992-03-01,83.2,3.0978934324659146,1992-04-21,https://www150.statcan.gc.ca/t1/tbl1/en/tv.action?pid=1810000401,2026-10-04
cpi_rent_index,Ontario,1992-04-01,83.5,3.213844252163156,1992-05-21,https://www150.statcan.gc.ca/t1/tbl1/en/tv.action?pid=1810000401,2026-10-04
cpi_rent_index,Ontario,1992-05-01,83.5,2.959309494451312,1992-06-21,https://www150.statcan.gc.ca/t1/tbl1/en/tv.action?pid=1810000401,2026-10-04
cpi_rent_index,Ontario,1992-06-01,83.7,2.9520295202952074,1992-07-21,https://www150.statcan.gc.ca/t1/tbl1/en/tv.action?pid=1810000401,2026-10-04
cpi_rent_index,Ontario,1992-07-01,83.9,2.8186274509804043,1992-08-21,https://www150.statcan.gc.ca/t1/tbl1/en/tv.action?pid=1810000401,2026-10-04
cpi_rent_index,Ontario,1992-08-01,84.1,2.937576499387995,1992-09-21,https://www150.statcan.gc.ca/t1/tbl1/en/tv.action?pid=1810000401,2026-10-04
cpi_rent_index,Ontario,1992-09-01,84.3,2.8048780487804903,1992-10-21,https://www150.statcan.gc.ca/t1/tbl1/en/tv.action?pid=1810000401,2026-10-04
cpi_rent_index,Ontario,1992-10-01,84.7,3.041362530413627,1992-11-21,https://www150.statcan.gc.ca/t1/tbl1/en/tv.action?pid=1810000401,2026-10-04
cpi_rent_index,Ontario,1992-11-01,84.8,2.9126213592232997,1992-12-21,https://www150.statcan.gc.ca/t1/tbl1/en/tv.action?pid=1810000401,2026-10-04
cpi_rent_index,Ontario,1992-12-01,85.0,2.9055690072639306,1993-01-21,https://www150.statcan.gc.ca/t1/tbl1/en/tv.action?pid=1810000401,2026-10-04
cpi_rent_index,Ontario,1993-01-01,85.2,3.022974607013307,1993-02-21,https://www150.statcan.gc.ca/t1/tbl1/en/tv.action?pid=1810000401,2026-10-04
cpi_rent_index,Ontario,1993-02-01,85.3,2.6474127557160054,1993-03-21,https://www150.statcan.gc.ca/t1/tbl1/en/tv.action?pid=1810000401,2026-10-04
cpi_rent_index,Ontario,1993-03-01,85.5,2.7644230769230838,1993-04-21,https://www150.statcan.gc.ca/t1/tbl1/en/tv.action?pid=1810000401,2026-10-04
cpi_rent_index,Ontario,1993-04-01,85.7,2.6347305389221587,1993-05-21,https://www150.statcan.gc.ca/t1/tbl1/en/tv.action?pid=1810000401,2026-10-04
cpi_rent_index,Ontario,1993-05-01,85.8,2.754491017964078,1993-06-21,https://www150.statcan.gc.ca/t1/tbl1/en/tv.action?pid=1810000401,2026-10-04
cpi_rent_index,Ontario,1993-06-01,86.0,2.7479091995221028,1993-07-21,https://www150.statcan.gc.ca/t1/tbl1/en/tv.action?pid=1810000401,2026-10-04
cpi_rent_index,Ontario,1993-07-01,86.1,2.6221692491060544,1993-08-21,https://www150.statcan.gc.ca/t1/tbl1/en/tv.action?pid=1810000401,2026-10-04
cpi_rent_index,Ontario,1993-08-01,86.3,2.6159334126040434,1993-09-21,https://www150.statcan.gc.ca/t1/tbl1/en/tv.action?pid=1810000401,2026-10-04
cpi_rent_index,Ontario,1993-09-01,86.5,2.609727164887321,1993-10-21,https://www150.statcan.gc.ca/t1/tbl1/en/tv.action?pid=1810000401,2026-10-04
cpi_rent_index,Ontario,1993-10-01,86.7,2.3612750885478206,1993-11-21,https://www150.statcan.gc.ca/t1/tbl1/en/tv.action?pid=1810000401,2026-10-04
cpi_rent_index,Ontario,1993-11-01,86.9,2.4764150943396235,1993-12-21,https://www150.statcan.gc.ca/t1/tbl1/en/tv.action?pid=1810000401,2026-10-04
cpi_rent_index,Ontario,1993-12-01,87.1,2.4705882352941133,1994-01-21,https://www150.statcan.gc.ca/t1/tbl1/en/tv.action?pid=1810000401,2026-10-04
cpi_rent_index,Ontario,1994-01-01,87.3,2.464788732394352,1994-02-21,https://www150.statcan.gc.ca/t1/tbl1/en/tv.action?pid=1810000401,2026-10-04
cpi_rent_index,Ontario,1994-02-01,87.3,2.3446658851113744,1994-03-21,https://www150.statcan.gc.ca/t1/tbl1/en/tv.action?pid=1810000401,2026-10-04
cpi_rent_index,Ontario,1994-03-01,87.5,2.3391812865497075,1994-04-21,https://www150.statcan.gc.ca/t1/tbl1/en/tv.action?pid=1810000401,2026-10-04
cpi_rent_index,Ontario,1994-04-01,87.6,2.2170361726954413,1994-05-21,https://www150.statcan.gc.ca/t1/tbl1/en/tv.action?pid=1810000401,2026-10-04
cpi_rent_index,Ontario,1994-05-01,87.6,2.0979020979021046,1994-06-21,https://www150.statcan.gc.ca/t1/tbl1/en/tv.action?pid=1810000401,2026-10-04
cpi_rent_index,Ontario,1994-06-01,87.8,2.0930232558139528,1994-07-21,https://www150.statcan.gc.ca/t1/tbl1/en/tv.action?pid=1810000401,2026-10-04
cpi_rent_index,Ontario,1994-07-01,87.8,1.9744483159117365,1994-08-21,https://www150.statcan.gc.ca/t1/tbl1/en/tv.action?pid=1810000401,2026-10-04
cpi_rent_index,Ontario,1994-08-01,88.1,2.085747392815751,1994-09-21,https://www150.statcan.gc.ca/t1/tbl1/en/tv.action?pid=1810000401,2026-10-04
cpi_rent_index,Ontario,1994-09-01,88.2,1.965317919075149,1994-10-21,https://www150.statcan.gc.ca/t1/tbl1/en/tv.action?pid=1810000401,2026-10-04
cpi_rent_index,Ontario,1994-10-01,88.3,1.8454440599769306,1994-11-21,https://www150.statcan.gc.ca/t1/tbl1/en/tv.action?pid=1810000401,2026-10-04
cpi_rent_index,Ontario,1994-11-01,88.6,1.9562715765247374,1994-12-21,https://www150.statcan.gc.ca/t1/tbl1/en/tv.action?pid=1810000401,2026-10-04
cpi_rent_index,Ontario,1994-12-01,88.7,1.8369690011481143,1995-01-21,https://www150.statcan.gc.ca/t1/tbl1/en/tv.action?pid=1810000401,2026-10-04
cpi_rent_index,Ontario,1995-01-01,88.9,1.8327605956472093,1995-02-21,https://www150.statcan.gc.ca/t1/tbl1/en/tv.action?pid=1810000401,2026-10-04
cpi_rent_index,Ontario,1995-02-01,89.0,1.9473081328751363,1995-03-21,https://www150.statcan.gc.ca/t1/tbl1/en/tv.action?pid=1810000401,2026-10-04
cpi_rent_index,Ontario,1995-03-01,89.1,1.8285714285714239,1995-04-21,https://www150.statcan.gc.ca/t1/tbl1/en/tv.action?pid=1810000401,2026-10-04
cpi_rent_index,Ontario,1995-04-01,89.2,1.82648401826484,1995-05-21,https://www150.statcan.gc.ca/t1/tbl1/en/tv.action?pid=1810000401,2026-10-04
cpi_rent_index,Ontario,1995-05-01,89.3,1.9406392694063967,1995-06-21,https://www150.statcan.gc.ca/t1/tbl1/en/tv.action?pid=1810000401,2026-10-04
cpi_rent_index,Ontario,1995-06-01,89.4,1.822323462414599,1995-07-21,https://www150.statcan.gc.ca/t1/tbl1/en/tv.action?pid=1810000401,2026-10-04
cpi_rent_index,Ontario,1995-07-01,89.5,1.9362186788154823,1995-08-21,https://www150.statcan.gc.ca/t1/tbl1/en/tv.action?pid=1810000401,2026-10-04
cpi_rent_index,Ontario,1995-08-01,89.6,1.7026106696935273,1995-09-21,https://www150.statcan.gc.ca/t1/tbl1/en/tv.action?pid=1810000401,2026-10-04
cpi_rent_index,Ontario,1995-09-01,89.8,1.814058956916087,1995-10-21,https://www150.statcan.gc.ca/t1/tbl1/en/tv.action?pid=1810000401,2026-10-04
cpi_rent_index,Ontario,1995-10-01,89.9,1.8120045300113352,1995-11-21,https://www150.statcan.gc.ca/t1/tbl1/en/tv.action?pid=1810000401,2026-10-04
cpi_rent_index,Ontario,1995-11-01,89.9,1.4672686230248422,1995-12-21,https://www150.statcan.gc.ca/t1/tbl1/en/tv.action?pid=1810000401,2026-10-04
cpi_rent_index,Ontario,1995-12-01,90.1,1.5783540022547893,1996-01-21,https://www150.statcan.gc.ca/t1/tbl1/en/tv.action?pid=1810000401,2026-10-04
cpi_rent_index,Ontario,1996-01-01,90.2,1.462317210348707,1996-02-21,https://www150.statcan.gc.ca/t1/tbl1/en/tv.action?pid=1810000401,2026-10-04
cpi_rent_index,Ontario,1996-02-01,90.3,1.4606741573033766,1996-03-21,https://www150.statcan.gc.ca/t1/tbl1/en/tv.action?pid=1810000401,2026-10-04
cpi_rent_index,Ontario,1996-03-01,90.4,1.4590347923681302,1996-04-21,https://www150.statcan.gc.ca/t1/tbl1/en/tv.action?pid=1810000401,2026-10-04
cpi_rent_index,Ontario,1996-04-01,90.4,1.3452914798206317,1996-05-21,https://www150.statcan.gc.ca/t1/tbl1/en/tv.action?pid=1810000401,2026-10-04
cpi_rent_index,Ontario,1996-05-01,90.6,1.4557670772676445,1996-06-21,https://www150.statcan.gc.ca/t1/tbl1/en/tv.action?pid=1810000401,2026-10-04
cpi_rent_index,Ontario,1996-06-01,90.8,1.5659955257270708,1996-07-21,https://www150.statcan.gc.ca/t1/tbl1/en/tv.action?pid=1810000401,2026-10-04
cpi_rent_index,Ontario,1996-07-01,90.9,1.5642458100558754,1996-08-21,https://www150.statcan.gc.ca/t1/tbl1/en/tv.action?pid=1810000401,2026-10-04
cpi_rent_index,Ontario,1996-08-01,91.0,1.5625,1996-09-21,https://www150.statcan.gc.ca/t1/tbl1/en/tv.action?pid=1810000401,2026-10-04
cpi_rent_index,Ontario,1996-09-01,91.1,1.4476614699331813,1996-10-21,https://www150.statcan.gc.ca/t1/tbl1/en/tv.action?pid=1810000401,2026-10-04
cpi_rent_index,Ontario,1996-10-01,91.3,1.5572858731924155,1996-11-21,https://www150.statcan.gc.ca/t1/tbl1/en/tv.action?pid=1810000401,2026-10-04
cpi_rent_index,Ontario,1996-11-01,91.4,1.6685205784204626,1996-12-21,https://www150.statcan.gc.ca/t1/tbl1/en/tv.action?pid=1810000401,2026-10-04
cpi_rent_index,Ontario,1996-12-01,91.5,1.5538290788013276,1997-01-21,https://www150.statcan.gc.ca/t1/tbl1/en/tv.action?pid=1810000401,2026-10-04
cpi_rent_index,Ontario,1997-01-01,91.5,1.4412416851441234,1997-02-21,https://www150.statcan.gc.ca/t1/tbl1/en/tv.action?pid=1810000401,2026-10-04
cpi_rent_index,Ontario,1997-02-01,91.6,1.439645625692143,1997-03-21,https://www150.statcan.gc.ca/t1/tbl1/en/tv.action?pid=1810000401,2026-10-04
cpi_rent_index,Ontario,1997-03-01,91.6,1.327433628318575,1997-04-21,https://www150.statcan.gc.ca/t1/tbl1/en/tv.action?pid=1810000401,2026-10-04
cpi_rent_index,Ontario,1997-04-01,91.8,1.5486725663716783,1997-05-21,https://www150.statcan.gc.ca/t1/tbl1/en/tv.action?pid=1810000401,2026-10-04
cpi_rent_index,Ontario,1997-05-01,91.9,1.4348785871964864,1997-06-21,https://www150.statcan.gc.ca/t1/tbl1/en/tv.action?pid=1810000401,2026-10-04
cpi_rent_index,Ontario,1997-06-01,91.9,1.211453744493407,1997-07-21,https://www150.statcan.gc.ca/t1/tbl1/en/tv.action?pid=1810000401,2026-10-04
cpi_rent_index,Ontario,1997-07-01,92.1,1.320132013201314,1997-08-21,https://www150.statcan.gc.ca/t1/tbl1/en/tv.action?pid=1810000401,2026-10-04
cpi_rent_index,Ontario,1997-08-01,92.2,1.318681318681314,1997-09-21,https://www150.statcan.gc.ca/t1/tbl1/en/tv.action?pid=1810000401,2026-10-04
cpi_rent_index,Ontario,1997-09-01,92.3,1.317233809001106,1997-10-21,https://www150.statcan.gc.ca/t1/tbl1/en/tv.action?pid=1810000401,2026-10-04
cpi_rent_index,Ontario,1997-10-01,92.5,1.3143483023001057,1997-11-21,https://www150.statcan.gc.ca/t1/tbl1/en/tv.action?pid=1810000401,2026-10-04
cpi_rent_index,Ontario,1997-11-01,92.5,1.2035010940919078,1997-12-21,https://www150.statcan.gc.ca/t1/tbl1/en/tv.action?pid=1810000401,2026-10-04
cpi_rent_index,Ontario,1997-12-01,92.5,1.0928961748633892,1998-01-21,https://www150.statcan.gc.ca/t1/tbl1/en/tv.action?pid=1810000401,2026-10-04
cpi_rent_index,Ontario,1998-01-01,92.6,1.2021857923497192,1998-02-21,https://www150.statcan.gc.ca/t1/tbl1/en/tv.action?pid=1810000401,2026-10-04
cpi_rent_index,Ontario,1998-02-01,92.8,1.310043668122285,1998-03-21,https://www150.statcan.gc.ca/t1/tbl1/en/tv.action?pid=1810000401,2026-10-04
cpi_rent_index,Ontario,1998-03-01,92.8,1.310043668122285,1998-04-21,https://www150.statcan.gc.ca/t1/tbl1/en/tv.action?pid=1810000401,2026-10-04
cpi_rent_index,Ontario,1998-04-01,92.9,1.1982570806100323,1998-05-21,https://www150.statcan.gc.ca/t1/tbl1/en/tv.action?pid=1810000401,2026-10-04
cpi_rent_index,Ontario,1998-05-01,93.0,1.196953210010876,1998-06-21,https://www150.statcan.gc.ca/t1/tbl1/en/tv.action?pid=1810000401,2026-10-04
cpi_rent_index,Ontario,1998-06-01,93.0,1.196953210010876,1998-07-21,https://www150.statcan.gc.ca/t1/tbl1/en/tv.action?pid=1810000401,2026-10-04
cpi_rent_index,Ontario,1998-07-01,93.1,1.0857763300760048,1998-08-21,https://www150.statcan.gc.ca/t1/tbl1/en/tv.action?pid=1810000401,2026-10-04
cpi_rent_index,Ontario,1998-08-01,93.2,1.0845986984815648,1998-09-21,https://www150.statcan.gc.ca/t1/tbl1/en/tv.action?pid=1810000401,2026-10-04
cpi_rent_index,Ontario,1998-09-01,93.3,1.0834236186348933,1998-10-21,https://www150.statcan.gc.ca/t1/tbl1/en/tv.action?pid=1810000401,2026-10-04
cpi_rent_index,Ontario,1998-10-01,93.5,1.08108108108107,1998-11-21,https://www150.statcan.gc.ca/t1/tbl1/en/tv.action?pid=1810000401,2026-10-04
cpi_rent_index,Ontario,1998-11-01,93.6,1.189189189189177,1998-12-21,https://www150.statcan.gc.ca/t1/tbl1/en/tv.action?pid=1810000401,2026-10-04
cpi_rent_index,Ontario,1998-12-01,93.7,1.2972972972973063,1999-01-21,https://www150.statcan.gc.ca/t1/tbl1/en/tv.action?pid=1810000401,2026-10-04
cpi_rent_index,Ontario,1999-01-01,93.8,1.2958963282937441,1999-02-21,https://www150.statcan.gc.ca/t1/tbl1/en/tv.action?pid=1810000401,2026-10-04
cpi_rent_index,Ontario,1999-02-01,93.9,1.18534482758621,1999-03-21,https://www150.statcan.gc.ca/t1/tbl1/en/tv.action?pid=1810000401,2026-10-04
cpi_rent_index,Ontario,1999-03-01,94.0,1.2931034482758674,1999-04-21,https://www150.statcan.gc.ca/t1/tbl1/en/tv.action?pid=1810000401,2026-10-04
cpi_rent_index,Ontario,1999-04-01,94.1,1.2917115177610183,1999-05-21,https://www150.statcan.gc.ca/t1/tbl1/en/tv.action?pid=1810000401,2026-10-04
cpi_rent_index,Ontario,1999-05-01,94.2,1.2903225806451646,1999-06-21,https://www150.statcan.gc.ca/t1/tbl1/en/tv.action?pid=1810000401,2026-10-04
cpi_rent_index,Ontario,1999-06-01,94.3,1.3978494623655857,1999-07-21,https://www150.statcan.gc.ca/t1/tbl1/en/tv.action?pid=1810000401,2026-10-04
cpi_rent_index,Ontario,1999-07-01,94.4,1.3963480128893702,1999-08-21,https://www150.statcan.gc.ca/t1/tbl1/en/tv.action?pid=1810000401,2026-10-04
cpi_rent_index,Ontario,1999-08-01,94.4,1.2875536480686733,1999-09-21,https://www150.statcan.gc.ca/t1/tbl1/en/tv.action?pid=1810000401,2026-10-04
cpi_rent_index,Ontario,1999-09-01,94.6,1.3933547695605508,1999-10-21,https://www150.statcan.gc.ca/t1/tbl1/en/tv.action?pid=1810000401,2026-10-04
cpi_rent_index,Ontario,1999-10-01,94.7,1.2834224598930577,1999-11-21,https://www150.statcan.gc.ca/t1/tbl1/en/tv.action?pid=1810000401,2026-10-04
cpi_rent_index,Ontario,1999-11-01,94.8,1.2820512820512775,1999-12-21,https://www150.statcan.gc.ca/t1/tbl1/en/tv.action?pid=1810000401,2026-10-04
cpi_rent_index,Ontario,1999-12-01,94.9,1.2806830309498363,2000-01-21,https://www150.statcan.gc.ca/t1/tbl1/en/tv.action?pid=1810000401,2026-10-04
cpi_rent_index,Ontario,2000-01-01,95.0,1.279317697228155,2000-02-21,https://www150.statcan.gc.ca/t1/tbl1/en/tv.action?pid=1810000401,2026-10-04
cpi_rent_index,Ontario,2000-02-01,95.2,1.3844515441959526,2000-03-21,https://www150.statcan.gc.ca/t1/tbl1/en/tv.action?pid=1810000401,2026-10-04
cpi_rent_index,Ontario,2000-03-01,95.3,1.382978723404249,2000-04-21,https://www150.statcan.gc.ca/t1/tbl1/en/tv.action?pid=1810000401,2026-10-04
cpi_rent_index,Ontario,2000-04-01,95.4,1.3815090329436952,2000-05-21,https://www150.statcan.gc.ca/t1/tbl1/en/tv.action?pid=1810000401,2026-10-04
cpi_rent_index,Ontario,2000-05-01,95.5,1.3800424628449992,2000-06-21,https://www150.statcan.gc.ca/t1/tbl1/en/tv.action?pid=1810000401,2026-10-04
cpi_rent_index,Ontario,2000-06-01,95.7,1.4846235418876086,2000-07-21,https://www150.statcan.gc.ca/t1/tbl1/en/tv.action?pid=1810000401,2026-10-04
cpi_rent_index,Ontario,2000-07-01,95.8,1.483050847457612,2000-08-21,https://www150.statcan.gc.ca/t1/tbl1/en/tv.action?pid=1810000401,2026-10-04
cpi_rent_index,Ontario,2000-08-01,96.0,1.6949152542372836,2000-09-21,https://www150.statcan.gc.ca/t1/tbl1/en/tv.action?pid=1810000401,2026-10-04
cpi_rent_index,Ontario,2000-09-01,96.1,1.5856236786469413,2000-10-21,https://www150.statcan.gc.ca/t1/tbl1/en/tv.action?pid=1810000401,2026-10-04
cpi_rent_index,Ontario,2000-10-01,96.2,1.5839493136219573,2000-11-21,https://www150.statcan.gc.ca/t1/tbl1/en/tv.action?pid=1810000401,2026-10-04
cpi_rent_index,Ontario,2000-11-01,96.4,1.6877637130801704,2000-12-21,https://www150.statcan.gc.ca/t1/tbl1/en/tv.action?pid=1810000401,2026-10-04
cpi_rent_index,Ontario,2000-12-01,96.5,1.6859852476290849,2001-01-21,https://www150.statcan.gc.ca/t1/tbl1/en/tv.action?pid=1810000401,2026-10-04
cpi_rent_index,Ontario,2001-01-01,96.7,1.7894736842105186,2001-02-21,https://www150.statcan.gc.ca/t1/tbl1/en/tv.action?pid=1810000401,2026-10-04
cpi_rent_index,Ontario,2001-02-01,96.9,1.7857142857142794,2001-03-21,https://www150.statcan.gc.ca/t1/tbl1/en/tv.action?pid=1810000401,2026-10-04
cpi_rent_index,Ontario,2001-03-01,97.0,1.783840503672618,2001-04-21,https://www150.statcan.gc.ca/t1/tbl1/en/tv.action?pid=1810000401,2026-10-04
cpi_rent_index,Ontario,2001-04-01,97.1,1.7819706498951593,2001-05-21,https://www150.statcan.gc.ca/t1/tbl1/en/tv.action?pid=1810000401,2026-10-04
cpi_rent_index,Ontario,2001-05-01,97.3,1.884816753926688,2001-06-21,https://www150.statcan.gc.ca/t1/tbl1/en/tv.action?pid=1810000401,2026-10-04
cpi_rent_index,Ontario,2001-06-01,97.5,1.880877742946696,2001-07-21,https://www150.statcan.gc.ca/t1/tbl1/en/tv.action?pid=1810000401,2026-10-04
cpi_rent_index,Ontario,2001-07-01,97.7,1.9832985386221358,2001-08-21,https://www150.statcan.gc.ca/t1/tbl1/en/tv.action?pid=1810000401,2026-10-04
cpi_rent_index,Ontario,2001-08-01,97.9,1.9791666666666652,2001-09-21,https://www150.statcan.gc.ca/t1/tbl1/en/tv.action?pid=1810000401,2026-10-04
cpi_rent_index,Ontario,2001-09-01,98.1,2.0811654526534884,2001-10-21,https://www150.statcan.gc.ca/t1/tbl1/en/tv.action?pid=1810000401,2026-10-04
cpi_rent_index,Ontario,2001-10-01,98.3,2.182952182952169,2001-11-21,https://www150.statcan.gc.ca/t1/tbl1/en/tv.action?pid=1810000401,2026-10-04
cpi_rent_index,Ontario,2001-11-01,98.5,2.178423236514515,2001-12-21,https://www150.statcan.gc.ca/t1/tbl1/en/tv.action?pid=1810000401,2026-10-04
cpi_rent_index,Ontario,2001-12-01,98.7,2.2797927461139844,2002-01-21,https://www150.statcan.gc.ca/t1/tbl1/en/tv.action?pid=1810000401,2026-10-04
cpi_rent_index,Ontario,2002-01-01,98.8,2.171664943123064,2002-02-21,https://www150.statcan.gc.ca/t1/tbl1/en/tv.action?pid=1810000401,2026-10-04
cpi_rent_index,Ontario,2002-02-01,99.1,2.270381836945301,2002-03-21,https://www150.statcan.gc.ca/t1/tbl1/en/tv.action?pid=1810000401,2026-10-04
cpi_rent_index,Ontario,2002-03-01,99.2,2.268041237113394,2002-04-21,https://www150.statcan.gc.ca/t1/tbl1/en/tv.action?pid=1810000401,2026-10-04
cpi_rent_index,Ontario,2002-04-01,99.4,2.3686920700308978,2002-05-21,https://www150.statcan.gc.ca/t1/tbl1/en/tv.action?pid=1810000401,2026-10-04
cpi_rent_index,Ontario,2002-05-01,99.7,2.466598150051391,2002-06-21,https://www150.statcan.gc.ca/t1/tbl1/en/tv.action?pid=1810000401,2026-10-04
cpi_rent_index,Ontario,2002-06-01,99.9,2.4615384615384706,2002-07-21,https://www150.statcan.gc.ca/t1/tbl1/en/tv.action?pid=1810000401,2026-10-04
cpi_rent_index,Ontario,2002-07-01,100.1,2.456499488229258,2002-08-21,https://www150.statcan.gc.ca/t1/tbl1/en/tv.action?pid=1810000401,2026-10-04
cpi_rent_index,Ontario,2002-08-01,100.3,2.4514811031664863,2002-09-21,https://www150.statcan.gc.ca/t1/tbl1/en/tv.action?pid=1810000401,2026-10-04
cpi_rent_index,Ontario,2002-09-01,100.5,2.4464831804281495,2002-10-21,https://www150.statcan.gc.ca/t1/tbl1/en/tv.action?pid=1810000401,2026-10-04
cpi_rent_index,Ontario,2002-10-01,100.8,2.5432349949135347,2002-11-21,https://www150.statcan.gc.ca/t1/tbl1/en/tv.action?pid=1810000401,2026-10-04
cpi_rent_index,Ontario,2002-11-01,100.9,2.4365482233502656,2002-12-21,https://www150.statcan.gc.ca/t1/tbl1/en/tv.action?pid=1810000401,2026-10-04
cpi_rent_index,Ontario,2002-12-01,101.1,2.4316109422492405,2003-01-21,https://www150.statcan.gc.ca/t1/tbl1/en/tv.action?pid=1810000401,2026-10-04
cpi_rent_index,Ontario,2003-01-01,101.2,2.429149797570851,2003-02-21,https://www150.statcan.gc.ca/t1/tbl1/en/tv.action?pid=1810000401,2026-10-04
cpi_rent_index,Ontario,2003-02-01,101.2,2.1190716448032276,2003-03-21,https://www150.statcan.gc.ca/t1/tbl1/en/tv.action?pid=1810000401,2026-10-04
cpi_rent_index,Ontario,2003-03-01,101.3,2.116935483870952,2003-04-21,https://www150.statcan.gc.ca/t1/tbl1/en/tv.action?pid=1810000401,2026-10-04
cpi_rent_index,Ontario,2003-04-01,101.4,2.012072434607637,2003-05-21,https://www150.statcan.gc.ca/t1/tbl1/en/tv.action?pid=1810000401,2026-10-04
cpi_rent_index,Ontario,2003-05-01,101.5,1.8054162487462388,2003-06-21,https://www150.statcan.gc.ca/t1/tbl1/en/tv.action?pid=1810000401,2026-10-04
cpi_rent_index,Ontario,2003-06-01,101.6,1.7017017017016967,2003-07-21,https://www150.statcan.gc.ca/t1/tbl1/en/tv.action?pid=1810000401,2026-10-04
cpi_rent_index,Ontario,2003-07-01,101.7,1.598401598401611,2003-08-21,https://www150.statcan.gc.ca/t1/tbl1/en/tv.action?pid=1810000401,2026-10-04
cpi_rent_index,Ontario,2003-08-01,101.9,1.5952143569292199,2003-09-21,https://www150.statcan.gc.ca/t1/tbl1/en/tv.action?pid=1810000401,2026-10-04
cpi_rent_index,Ontario,2003-09-01,101.9,1.3930348258706537,2003-10-21,https://www150.statcan.gc.ca/t1/tbl1/en/tv.action?pid=1810000401,2026-10-04
cpi_rent_index,Ontario,2003-10-01,102.1,1.289682539682535,2003-11-21,https://www150.statcan.gc.ca/t1/tbl1/en/tv.action?pid=1810000401,2026-10-04
cpi_rent_index,Ontario,2003-11-01,102.2,1.2884043607532147,2003-12-21,https://www150.statcan.gc.ca/t1/tbl1/en/tv.action?pid=1810000401,2026-10-04
cpi_rent_index,Ontario,2003-12-01,102.3,1.1869436201780381,2004-01-21,https://www150.statcan.gc.ca/t1/tbl1/en/tv.action?pid=1810000401,2026-10-04
cpi_rent_index,Ontario,2004-01-01,102.4,1.1857707509881354,2004-02-21,https://www150.statcan.gc.ca/t1/tbl1/en/tv.action?pid=1810000401,2026-10-04
cpi_rent_index,Ontario,2004-02-01,102.4,1.1857707509881354,2004-03-21,https://www150.statcan.gc.ca/t1/tbl1/en/tv.action?pid=1810000401,2026-10-04
cpi_rent_index,Ontario,2004-03-01,102.5,1.1846001974333609,2004-04-21,https://www150.statcan.gc.ca/t1/tbl1/en/tv.action?pid=1810000401,2026-10-04
cpi_rent_index,Ontario,2004-04-01,102.6,1.1834319526627057,2004-05-21,https://www150.statcan.gc.ca/t1/tbl1/en/tv.action?pid=1810000401,2026-10-04
cpi_rent_index,Ontario,2004-05-01,102.6,1.0837438423645374,2004-06-21,https://www150.statcan.gc.ca/t1/tbl1/en/tv.action?pid=1810000401,2026-10-04
cpi_rent_index,Ontario,2004-06-01,102.7,1.0826771653543288,2004-07-21,https://www150.statcan.gc.ca/t1/tbl1/en/tv.action?pid=1810000401,2026-10-04
cpi_rent_index,Ontario,2004-07-01,102.8,1.0816125860373615,2004-08-21,https://www150.statcan.gc.ca/t1/tbl1/en/tv.action?pid=1810000401,2026-10-04
cpi_rent_index,Ontario,2004-08-01,102.9,0.981354268891077,2004-09-21,https://www150.statcan.gc.ca/t1/tbl1/en/tv.action?pid=1810000401,2026-10-04
cpi_rent_index,Ontario,2004-09-01,103.0,1.079489695780178,2004-10-21,https://www150.statcan.gc.ca/t1/tbl1/en/tv.action?pid=1810000401,2026-10-04
cpi_rent_index,Ontario,2004-10-01,103.1,0.9794319294809117,2004-11-21,https://www150.statcan.gc.ca/t1/tbl1/en/tv.action?pid=1810000401,2026-10-04
cpi_rent_index,Ontario,2004-11-01,103.2,0.9784735812133016,2004-12-21,https://www150.statcan.gc.ca/t1/tbl1/en/tv.action?pid=1810000401,2026-10-04
cpi_rent_index,Ontario,2004-12-01,103.3,0.9775171065493637,2005-01-21,https://www150.statcan.gc.ca/t1/tbl1/en/tv.action?pid=1810000401,2026-10-04
cpi_rent_index,Ontario,2005-01-01,103.4,0.9765625,2005-02-21,https://www150.statcan.gc.ca/t1/tbl1/en/tv.action?pid=1810000401,2026-10-04
cpi_rent_index,Ontario,2005-02-01,103.5,1.07421875,2005-03-21,https://www150.statcan.gc.ca/t1/tbl1/en/tv.action?pid=1810000401,2026-10-04
cpi_rent_index,Ontario,2005-03-01,103.5,0.9756097560975618,2005-04-21,https://www150.statcan.gc.ca/t1/tbl1/en/tv.action?pid=1810000401,2026-10-04
cpi_rent_index,Ontario,2005-04-01,103.5,0.8771929824561431,2005-05-21,https://www150.statcan.gc.ca/t1/tbl1/en/tv.action?pid=1810000401,2026-10-04
cpi_rent_index,Ontario,2005-05-01,103.6,0.974658869395717,2005-06-21,https://www150.statcan.gc.ca/t1/tbl1/en/tv.action?pid=1810000401,2026-10-04
cpi_rent_index,Ontario,2005-06-01,103.6,0.8763388510223846,2005-07-21,https://www150.statcan.gc.ca/t1/tbl1/en/tv.action?pid=1810000401,2026-10-04
cpi_rent_index,Ontario,2005-07-01,103.7,0.8754863813229541,2005-08-21,https://www150.statcan.gc.ca/t1/tbl1/en/tv.action?pid=1810000401,2026-10-04
cpi_rent_index,Ontario,2005-08-01,103.7,0.7774538386783325,2005-09-21,https://www150.statcan.gc.ca/t1/tbl1/en/tv.action?pid=1810000401,2026-10-04
cpi_rent_index,Ontario,2005-09-01,103.8,0.7766990291262044,2005-10-21,https://www150.statcan.gc.ca/t1/tbl1/en/tv.action?pid=1810000401,2026-10-04
cpi_rent_index,Ontario,2005-10-01,103.8,0.678952473326877,2005-11-21,https://www150.statcan.gc.ca/t1/tbl1/en/tv.action?pid=1810000401,2026-10-04
cpi_rent_index,Ontario,2005-11-01,103.9,0.6782945736434121,2005-12-21,https://www150.statcan.gc.ca/t1/tbl1/en/tv.action?pid=1810000401,2026-10-04
cpi_rent_index,Ontario,2005-12-01,104.0,0.6776379477250849,2006-01-21,https://www150.statcan.gc.ca/t1/tbl1/en/tv.action?pid=1810000401,2026-10-04
cpi_rent_index,Ontario,2006-01-01,104.0,0.5802707930367523,2006-02-21,https://www150.statcan.gc.ca/t1/tbl1/en/tv.action?pid=1810000401,2026-10-04
cpi_rent_index,Ontario,2006-02-01,104.1,0.5797101449275255,2006-03-21,https://www150.statcan.gc.ca/t1/tbl1/en/tv.action?pid=1810000401,2026-10-04
cpi_rent_index,Ontario,2006-03-01,104.2,0.6763285024154575,2006-04-21,https://www150.statcan.gc.ca/t1/tbl1/en/tv.action?pid=1810000401,2026-10-04
cpi_rent_index,Ontario,2006-04-01,104.2,0.6763285024154575,2006-05-21,https://www150.statcan.gc.ca/t1/tbl1/en/tv.action?pid=1810000401,2026-10-04
cpi_rent_index,Ontario,2006-05-01,104.3,0.6756756756756799,2006-06-21,https://www150.statcan.gc.ca/t1/tbl1/en/tv.action?pid=1810000401,2026-10-04
cpi_rent_index,Ontario,2006-06-01,104.4,0.7722007722007929,2006-07-21,https://www150.statcan.gc.ca/t1/tbl1/en/tv.action?pid=1810000401,2026-10-04
cpi_rent_index,Ontario,2006-07-01,104.5,0.7714561234329675,2006-08-21,https://www150.statcan.gc.ca/t1/tbl1/en/tv.action?pid=1810000401,2026-10-04
cpi_rent_index,Ontario,2006-08-01,104.6,0.867888138862094,2006-09-21,https://www150.statcan.gc.ca/t1/tbl1/en/tv.action?pid=1810000401,2026-10-04
cpi_rent_index,Ontario,2006-09-01,104.7,0.8670520231213841,2006-10-21,https://www150.statcan.gc.ca/t1/tbl1/en/tv.action?pid=1810000401,2026-10-04
cpi_rent_index,Ontario,2006-10-01,104.8,0.9633911368015502,2006-11-21,https://www150.statcan.gc.ca/t1/tbl1/en/tv.action?pid=1810000401,2026-10-04
cpi_rent_index,Ontario,2006-11-01,104.9,0.9624639076034613,2006-12-21,https://www150.statcan.gc.ca/t1/tbl1/en/tv.action?pid=1810000401,2026-10-04
cpi_rent_index,Ontario,2006-12-01,104.9,0.8653846153846123,2007-01-21,https://www150.statcan.gc.ca/t1/tbl1/en/tv.action?pid=1810000401,2026-10-04
cpi_rent_index,Ontario,2007-01-01,105.0,0.9615384615384581,2007-02-21,https://www150.statcan.gc.ca/t1/tbl1/en/tv.action?pid=1810000401,2026-10-04
cpi_rent_index,Ontario,2007-02-01,105.1,0.9606147934678289,2007-03-21,https://www150.statcan.gc.ca/t1/tbl1/en/tv.action?pid=1810000401,2026-10-04
cpi_rent_index,Ontario,2007-03-01,105.2,0.9596928982725572,2007-04-21,https://www150.statcan.gc.ca/t1/tbl1/en/tv.action?pid=1810000401,2026-10-04
cpi_rent_index,Ontario,2007-04-01,105.2,0.9596928982725572,2007-05-21,https://www150.statcan.gc.ca/t1/tbl1/en/tv.action?pid=1810000401,2026-10-04
cpi_rent_index,Ontario,2007-05-01,105.3,0.9587727708533,2007-06-21,https://www150.statcan.gc.ca/t1/tbl1/en/tv.action?pid=1810000401,2026-10-04
cpi_rent_index,Ontario,2007-06-01,105.5,1.0536398467432928,2007-07-21,https://www150.statcan.gc.ca/t1/tbl1/en/tv.action?pid=1810000401,2026-10-04
cpi_rent_index,Ontario,2007-07-01,105.6,1.0526315789473717,2007-08-21,https://www150.statcan.gc.ca/t1/tbl1/en/tv.action?pid=1810000401,2026-10-04
cpi_rent_index,Ontario,2007-08-01,105.6,0.9560229445506607,2007-09-21,https://www150.statcan.gc.ca/t1/tbl1/en/tv.action?pid=1810000401,2026-10-04
cpi_rent_index,Ontario,2007-09-01,105.7,0.9551098376313183,2007-10-21,https://www150.statcan.gc.ca/t1/tbl1/en/tv.action?pid=1810000401,2026-10-04
cpi_rent_index,Ontario,2007-10-01,105.8,0.9541984732824416,2007-11-21,https://www150.statcan.gc.ca/t1/tbl1/en/tv.action?pid=1810000401,2026-10-04
cpi_rent_index,Ontario,2007-11-01,105.9,0.9532888465205058,2007-12-21,https://www150.statcan.gc.ca/t1/tbl1/en/tv.action?pid=1810000401,2026-10-04
cpi_rent_index,Ontario,2007-12-01,105.9,0.9532888465205058,2008-01-21,https://www150.statcan.gc.ca/t1/tbl1/en/tv.action?pid=1810000401,2026-10-04
cpi_rent_index,Ontario,2008-01-01,106.0,0.952380952380949,2008-02-21,https://www150.statcan.gc.ca/t1/tbl1/en/tv.action?pid=1810000401,2026-10-04
cpi_rent_index,Ontario,2008-02-01,106.2,1.0466222645099998,2008-03-21,https://www150.statcan.gc.ca/t1/tbl1/en/tv.action?pid=1810000401,2026-10-04
cpi_rent_index,Ontario,2008-03-01,106.2,0.9505703422053147,2008-04-21,https://www150.statcan.gc.ca/t1/tbl1/en/tv.action?pid=1810000401,2026-10-04
cpi_rent_index,Ontario,2008-04-01,106.2,0.9505703422053147,2008-05-21,https://www150.statcan.gc.ca/t1/tbl1/en/tv.action?pid=1810000401,2026-10-04
cpi_rent_index,Ontario,2008-05-01,106.3,0.9496676163342821,2008-06-21,https://www150.statcan.gc.ca/t1/tbl1/en/tv.action?pid=1810000401,2026-10-04
cpi_rent_index,Ontario,2008-06-01,106.4,0.8530805687203769,2008-07-21,https://www150.statcan.gc.ca/t1/tbl1/en/tv.action?pid=1810000401,2026-10-04
cpi_rent_index,Ontario,2008-07-01,106.4,0.7575757575757791,2008-08-21,https://www150.statcan.gc.ca/t1/tbl1/en/tv.action?pid=1810000401,2026-10-04
cpi_rent_index,Ontario,2008-08-01,106.5,0.8522727272727293,2008-09-21,https://www150.statcan.gc.ca/t1/tbl1/en/tv.action?pid=1810000401,2026-10-04
cpi_rent_index,Ontario,2008-09-01,106.6,0.8514664143803197,2008-10-21,https://www150.statcan.gc.ca/t1/tbl1/en/tv.action?pid=1810000401,2026-10-04
cpi_rent_index,Ontario,2008-10-01,106.7,0.8506616257088817,2008-11-21,https://www150.statcan.gc.ca/t1/tbl1/en/tv.action?pid=1810000401,2026-10-04
cpi_rent_index,Ontario,2008-11-01,106.8,0.8498583569404916,2008-12-21,https://www150.statcan.gc.ca/t1/tbl1/en/tv.action?pid=1810000401,2026-10-04
cpi_rent_index,Ontario,2008-12-01,106.8,0.8498583569404916,2009-01-21,https://www150.statcan.gc.ca/t1/tbl1/en/tv.action?pid=1810000401,2026-10-04
cpi_rent_index,Ontario,2009-01-01,106.9,0.8490566037735903,2009-02-21,https://www150.statcan.gc.ca/t1/tbl1/en/tv.action?pid=1810000401,2026-10-04
cpi_rent_index,Ontario,2009-02-01,107.0,0.7532956685499137,2009-03-21,https://www150.statcan.gc.ca/t1/tbl1/en/tv.action?pid=1810000401,2026-10-04
cpi_rent_index,Ontario,2009-03-01,107.1,0.8474576271186418,2009-04-21,https://www150.statcan.gc.ca/t1/tbl1/en/tv.action?pid=1810000401,2026-10-04
cpi_rent_index,Ontario,2009-04-01,107.2,0.9416195856873921,2009-05-21,https://www150.statcan.gc.ca/t1/tbl1/en/tv.action?pid=1810000401,2026-10-04
cpi_rent_index,Ontario,2009-05-01,107.3,0.940733772342428,2009-06-21,https://www150.statcan.gc.ca/t1/tbl1/en/tv.action?pid=1810000401,2026-10-04
cpi_rent_index,Ontario,2009-06-01,107.4,0.9398496240601517,2009-07-21,https://www150.statcan.gc.ca/t1/tbl1/en/tv.action?pid=1810000401,2026-10-04
cpi_rent_index,Ontario,2009-07-01,107.5,1.0338345864661536,2009-08-21,https://www150.statcan.gc.ca/t1/tbl1/en/tv.action?pid=1810000401,2026-10-04
cpi_rent_index,Ontario,2009-08-01,107.6,1.032863849765242,2009-09-21,https://www150.statcan.gc.ca/t1/tbl1/en/tv.action?pid=1810000401,2026-10-04
cpi_rent_index,Ontario,2009-09-01,107.8,1.1257035647279645,2009-10-21,https://www150.statcan.gc.ca/t1/tbl1/en/tv.action?pid=1810000401,2026-10-04
cpi_rent_index,Ontario,2009-10-01,108.0,1.2183692596063667,2009-11-21,https://www150.statcan.gc.ca/t1/tbl1/en/tv.action?pid=1810000401,2026-10-04
cpi_rent_index,Ontario,2009-11-01,108.1,1.217228464419473,2009-12-21,https://www150.statcan.gc.ca/t1/tbl1/en/tv.action?pid=1810000401,2026-10-04
cpi_rent_index,Ontario,2009-12-01,108.3,1.404494382022481,2010-01-21,https://www150.statcan.gc.ca/t1/tbl1/en/tv.action?pid=1810000401,2026-10-04
cpi_rent_index,Ontario,2010-01-01,108.4,1.4031805425631427,2010-02-21,https://www150.statcan.gc.ca/t1/tbl1/en/tv.action?pid=1810000401,2026-10-04
cpi_rent_index,Ontario,2010-02-01,108.5,1.4018691588784993,2010-03-21,https://www150.statcan.gc.ca/t1/tbl1/en/tv.action?pid=1810000401,2026-10-04
cpi_rent_index,Ontario,2010-03-01,108.6,1.4005602240896309,2010-04-21,https://www150.statcan.gc.ca/t1/tbl1/en/tv.action?pid=1810000401,2026-10-04
cpi_rent_index,Ontario,2010-04-01,108.6,1.3059701492537323,2010-05-21,https://www150.statcan.gc.ca/t1/tbl1/en/tv.action?pid=1810000401,2026-10-04
cpi_rent_index,Ontario,2010-05-01,108.7,1.3047530288909703,2010-06-21,https://www150.statcan.gc.ca/t1/tbl1/en/tv.action?pid=1810000401,2026-10-04
cpi_rent_index,Ontario,2010-06-01,108.7,1.2104283054003684,2010-07-21,https://www150.statcan.gc.ca/t1/tbl1/en/tv.action?pid=1810000401,2026-10-04
cpi_rent_index,Ontario,2010-07-01,108.9,1.3023255813953583,2010-08-21,https://www150.statcan.gc.ca/t1/tbl1/en/tv.action?pid=1810000401,2026-10-04
cpi_rent_index,Ontario,2010-08-01,109.0,1.3011152416356975,2010-09-21,https://www150.statcan.gc.ca/t1/tbl1/en/tv.action?pid=1810000401,2026-10-04
cpi_rent_index,Ontario,2010-09-01,109.2,1.2987012987013102,2010-10-21,https://www150.statcan.gc.ca/t1/tbl1/en/tv.action?pid=1810000401,2026-10-04
cpi_rent_index,Ontario,2010-10-01,109.4,1.2962962962963065,2010-11-21,https://www150.statcan.gc.ca/t1/tbl1/en/tv.action?pid=1810000401,2026-10-04
cpi_rent_index,Ontario,2010-11-01,109.5,1.295097132284928,2010-12-21,https://www150.statcan.gc.ca/t1/tbl1/en/tv.action?pid=1810000401,2026-10-04
cpi_rent_index,Ontario,2010-12-01,109.5,1.1080332409972415,2011-01-21,https://www150.statcan.gc.ca/t1/tbl1/en/tv.action?pid=1810000401,2026-10-04
cpi_rent_index,Ontario,2011-01-01,109.6,1.1070110701106861,2011-02-21,https://www150.statcan.gc.ca/t1/tbl1/en/tv.action?pid=1810000401,2026-10-04
cpi_rent_index,Ontario,2011-02-01,109.7,1.105990783410138,2011-03-21,https://www150.statcan.gc.ca/t1/tbl1/en/tv.action?pid=1810000401,2026-10-04
cpi_rent_index,Ontario,2011-03-01,109.8,1.104972375690605,2011-04-21,https://www150.statcan.gc.ca/t1/tbl1/en/tv.action?pid=1810000401,2026-10-04
cpi_rent_index,Ontario,2011-04-01,109.8,1.104972375690605,2011-05-21,https://www150.statcan.gc.ca/t1/tbl1/en/tv.action?pid=1810000401,2026-10-04
cpi_rent_index,Ontario,2011-05-01,109.9,1.1039558417663242,2011-06-21,https://www150.statcan.gc.ca/t1/tbl1/en/tv.action?pid=1810000401,2026-10-04
cpi_rent_index,Ontario,2011-06-01,109.9,1.1039558417663242,2011-07-21,https://www150.statcan.gc.ca/t1/tbl1/en/tv.action?pid=1810000401,2026-10-04
cpi_rent_index,Ontario,2011-07-01,110.0,1.0101010101009944,2011-08-21,https://www150.statcan.gc.ca/t1/tbl1/en/tv.action?pid=1810000401,2026-10-04
cpi_rent_index,Ontario,2011-08-01,110.1,1.0091743119265972,2011-09-21,https://www150.statcan.gc.ca/t1/tbl1/en/tv.action?pid=1810000401,2026-10-04
cpi_rent_index,Ontario,2011-09-01,110.2,0.9157509157509125,2011-10-21,https://www150.statcan.gc.ca/t1/tbl1/en/tv.action?pid=1810000401,2026-10-04
cpi_rent_index,Ontario,2011-10-01,110.3,0.8226691042047429,2011-11-21,https://www150.statcan.gc.ca/t1/tbl1/en/tv.action?pid=1810000401,2026-10-04
cpi_rent_index,Ontario,2011-11-01,110.4,0.8219178082191858,2011-12-21,https://www150.statcan.gc.ca/t1/tbl1/en/tv.action?pid=1810000401,2026-10-04
cpi_rent_index,Ontario,2011-12-01,110.5,0.9132420091324311,2012-01-21,https://www150.statcan.gc.ca/t1/tbl1/en/tv.action?pid=1810000401,2026-10-04
cpi_rent_index,Ontario,2012-01-01,110.6,0.9124087591240837,2012-02-21,https://www150.statcan.gc.ca/t1/tbl1/en/tv.action?pid=1810000401,2026-10-04
cpi_rent_index,Ontario,2012-02-01,110.9,1.0938924339106704,2012-03-21,https://www150.statcan.gc.ca/t1/tbl1/en/tv.action?pid=1810000401,2026-10-04
cpi_rent_index,Ontario,2012-03-01,111.0,1.0928961748633892,2012-04-21,https://www150.statcan.gc.ca/t1/tbl1/en/tv.action?pid=1810000401,2026-10-04
cpi_rent_index,Ontario,2012-04-01,111.1,1.1839708561020013,2012-05-21,https://www150.statcan.gc.ca/t1/tbl1/en/tv.action?pid=1810000401,2026-10-04
cpi_rent_index,Ontario,2012-05-01,111.2,1.182893539581431,2012-06-21,https://www150.statcan.gc.ca/t1/tbl1/en/tv.action?pid=1810000401,2026-10-04
cpi_rent_index,Ontario,2012-06-01,111.4,1.364877161055511,2012-07-21,https://www150.statcan.gc.ca/t1/tbl1/en/tv.action?pid=1810000401,2026-10-04
cpi_rent_index,Ontario,2012-07-01,111.5,1.3636363636363669,2012-08-21,https://www150.statcan.gc.ca/t1/tbl1/en/tv.action?pid=1810000401,2026-10-04
cpi_rent_index,Ontario,2012-08-01,111.7,1.4532243415077195,2012-09-21,https://www150.statcan.gc.ca/t1/tbl1/en/tv.action?pid=1810000401,2026-10-04
cpi_rent_index,Ontario,2012-09-01,111.8,1.4519056261342866,2012-10-21,https://www150.statcan.gc.ca/t1/tbl1/en/tv.action?pid=1810000401,2026-10-04
cpi_rent_index,Ontario,2012-10-01,111.9,1.450589301903915,2012-11-21,https://www150.statcan.gc.ca/t1/tbl1/en/tv.action?pid=1810000401,2026-10-04
cpi_rent_index,Ontario,2012-11-01,112.2,1.6304347826086918,2012-12-21,https://www150.statcan.gc.ca/t1/tbl1/en/tv.action?pid=1810000401,2026-10-04
cpi_rent_index,Ontario,2012-12-01,112.3,1.6289592760180938,2013-01-21,https://www150.statcan.gc.ca/t1/tbl1/en/tv.action?pid=1810000401,2026-10-04
cpi_rent_index,Ontario,2013-01-01,112.5,1.7179023508137492,2013-02-21,https://www150.statcan.gc.ca/t1/tbl1/en/tv.action?pid=1810000401,2026-10-04
cpi_rent_index,Ontario,2013-02-01,112.7,1.623083859332719,2013-03-21,https://www150.statcan.gc.ca/t1/tbl1/en/tv.action?pid=1810000401,2026-10-04
cpi_rent_index,Ontario,2013-03-01,112.9,1.7117117117117164,2013-04-21,https://www150.statcan.gc.ca/t1/tbl1/en/tv.action?pid=1810000401,2026-10-04
cpi_rent_index,Ontario,2013-04-01,113.0,1.7101710171017137,2013-05-21,https://www150.statcan.gc.ca/t1/tbl1/en/tv.action?pid=1810000401,2026-10-04
cpi_rent_index,Ontario,2013-05-01,113.1,1.7086330935251803,2013-06-21,https://www150.statcan.gc.ca/t1/tbl1/en/tv.action?pid=1810000401,2026-10-04
cpi_rent_index,Ontario,2013-06-01,113.3,1.7055655296229766,2013-07-21,https://www150.statcan.gc.ca/t1/tbl1/en/tv.action?pid=1810000401,2026-10-04
cpi_rent_index,Ontario,2013-07-01,113.4,1.704035874439458,2013-08-21,https://www150.statcan.gc.ca/t1/tbl1/en/tv.action?pid=1810000401,2026-10-04
cpi_rent_index,Ontario,2013-08-01,113.6,1.7009847806624734,2013-09-21,https://www150.statcan.gc.ca/t1/tbl1/en/tv.action?pid=1810000401,2026-10-04
cpi_rent_index,Ontario,2013-09-01,113.7,1.6994633273702986,2013-10-21,https://www150.statcan.gc.ca/t1/tbl1/en/tv.action?pid=1810000401,2026-10-04
cpi_rent_index,Ontario,2013-10-01,114.0,1.8766756032171594,2013-11-21,https://www150.statcan.gc.ca/t1/tbl1/en/tv.action?pid=1810000401,2026-10-04
cpi_rent_index,Ontario,2013-11-01,114.1,1.6934046345810971,2013-12-21,https://www150.statcan.gc.ca/t1/tbl1/en/tv.action?pid=1810000401,2026-10-04
cpi_rent_index,Ontario,2013-12-01,114.2,1.6918967052537814,2014-01-21,https://www150.statcan.gc.ca/t1/tbl1/en/tv.action?pid=1810000401,2026-10-04
cpi_rent_index,Ontario,2014-01-01,114.3,1.6000000000000014,2014-02-21,https://www150.statcan.gc.ca/t1/tbl1/en/tv.action?pid=1810000401,2026-10-04
cpi_rent_index,Ontario,2014-02-01,114.4,1.5084294587400127,2014-03-21,https://www150.statcan.gc.ca/t1/tbl1/en/tv.action?pid=1810000401,2026-10-04
cpi_rent_index,Ontario,2014-03-01,114.6,1.5057573073516295,2014-04-21,https://www150.statcan.gc.ca/t1/tbl1/en/tv.action?pid=1810000401,2026-10-04
cpi_rent_index,Ontario,2014-04-01,114.7,1.504424778761071,2014-05-21,https://www150.statcan.gc.ca/t1/tbl1/en/tv.action?pid=1810000401,2026-10-04
cpi_rent_index,Ontario,2014-05-01,114.8,1.5030946065428763,2014-06-21,https://www150.statcan.gc.ca/t1/tbl1/en/tv.action?pid=1810000401,2026-10-04
cpi_rent_index,Ontario,2014-06-01,114.9,1.4121800529567574,2014-07-21,https://www150.statcan.gc.ca/t1/tbl1/en/tv.action?pid=1810000401,2026-10-04
cpi_rent_index,Ontario,2014-07-01,115.0,1.4109347442680775,2014-08-21,https://www150.statcan.gc.ca/t1/tbl1/en/tv.action?pid=1810000401,2026-10-04
cpi_rent_index,Ontario,2014-08-01,115.1,1.3204225352112742,2014-09-21,https://www150.statcan.gc.ca/t1/tbl1/en/tv.action?pid=1810000401,2026-10-04
cpi_rent_index,Ontario,2014-09-01,115.2,1.3192612137203241,2014-10-21,https://www150.statcan.gc.ca/t1/tbl1/en/tv.action?pid=1810000401,2026-10-04
cpi_rent_index,Ontario,2014-10-01,115.3,1.140350877192975,2014-11-21,https://www150.statcan.gc.ca/t1/tbl1/en/tv.action?pid=1810000401,2026-10-04
cpi_rent_index,Ontario,2014-11-01,115.3,1.0517090271691565,2014-12-21,https://www150.statcan.gc.ca/t1/tbl1/en/tv.action?pid=1810000401,2026-10-04
cpi_rent_index,Ontario,2014-12-01,115.5,1.138353765323985,2015-01-21,https://www150.statcan.gc.ca/t1/tbl1/en/tv.action?pid=1810000401,2026-10-04
cpi_rent_index,Ontario,2015-01-01,115.6,1.137357830271224,2015-02-21,https://www150.statcan.gc.ca/t1/tbl1/en/tv.action?pid=1810000401,2026-10-04
cpi_rent_index,Ontario,2015-02-01,115.7,1.1363636363636243,2015-03-21,https://www150.statcan.gc.ca/t1/tbl1/en/tv.action?pid=1810000401,2026-10-04
cpi_rent_index,Ontario,2015-03-01,115.8,1.0471204188481797,2015-04-21,https://www150.statcan.gc.ca/t1/tbl1/en/tv.action?pid=1810000401,2026-10-04
cpi_rent_index,Ontario,2015-04-01,115.9,1.0462074978204061,2015-05-21,https://www150.statcan.gc.ca/t1/tbl1/en/tv.action?pid=1810000401,2026-10-04
cpi_rent_index,Ontario,2015-05-01,116.0,1.0452961672473782,2015-06-21,https://www150.statcan.gc.ca/t1/tbl1/en/tv.action?pid=1810000401,2026-10-04
cpi_rent_index,Ontario,2015-06-01,116.0,0.9573542210617791,2015-07-21,https://www150.statcan.gc.ca/t1/tbl1/en/tv.action?pid=1810000401,2026-10-04
cpi_rent_index,Ontario,2015-07-01,116.1,0.9565217391304337,2015-08-21,https://www150.statcan.gc.ca/t1/tbl1/en/tv.action?pid=1810000401,2026-10-04
cpi_rent_index,Ontario,2015-08-01,116.2,0.9556907037358897,2015-09-21,https://www150.statcan.gc.ca/t1/tbl1/en/tv.action?pid=1810000401,2026-10-04
cpi_rent_index,Ontario,2015-09-01,116.3,0.954861111111116,2015-10-21,https://www150.statcan.gc.ca/t1/tbl1/en/tv.action?pid=1810000401,2026-10-04
cpi_rent_index,Ontario,2015-10-01,116.5,1.040763226366015,2015-11-21,https://www150.statcan.gc.ca/t1/tbl1/en/tv.action?pid=1810000401,2026-10-04
cpi_rent_index,Ontario,2015-11-01,116.6,1.1274934952298254,2015-12-21,https://www150.statcan.gc.ca/t1/tbl1/en/tv.action?pid=1810000401,2026-10-04
cpi_rent_index,Ontario,2015-12-01,116.7,1.0389610389610393,2016-01-21,https://www150.statcan.gc.ca/t1/tbl1/en/tv.action?pid=1810000401,2026-10-04
cpi_rent_index,Ontario,2016-01-01,116.7,0.9515570934256035,2016-02-21,https://www150.statcan.gc.ca/t1/tbl1/en/tv.action?pid=1810000401,2026-10-04
cpi_rent_index,Ontario,2016-02-01,116.8,0.9507346585998278,2016-03-21,https://www150.statcan.gc.ca/t1/tbl1/en/tv.action?pid=1810000401,2026-10-04
cpi_rent_index,Ontario,2016-03-01,116.9,0.9499136442141731,2016-04-21,https://www150.statcan.gc.ca/t1/tbl1/en/tv.action?pid=1810000401,2026-10-04
cpi_rent_index,Ontario,2016-04-01,117.0,0.9490940465918918,2016-05-21,https://www150.statcan.gc.ca/t1/tbl1/en/tv.action?pid=1810000401,2026-10-04
cpi_rent_index,Ontario,2016-05-01,117.1,0.9482758620689591,2016-06-21,https://www150.statcan.gc.ca/t1/tbl1/en/tv.action?pid=1810000401,2026-10-04
cpi_rent_index,Ontario,2016-06-01,117.2,1.0344827586207028,2016-07-21,https://www150.statcan.gc.ca/t1/tbl1/en/tv.action?pid=1810000401,2026-10-04
cpi_rent_index,Ontario,2016-07-01,117.3,1.033591731266159,2016-08-21,https://www150.statcan.gc.ca/t1/tbl1/en/tv.action?pid=1810000401,2026-10-04
cpi_rent_index,Ontario,2016-08-01,117.4,1.0327022375215211,2016-09-21,https://www150.statcan.gc.ca/t1/tbl1/en/tv.action?pid=1810000401,2026-10-04
cpi_rent_index,Ontario,2016-09-01,117.5,1.0318142734307756,2016-10-21,https://www150.statcan.gc.ca/t1/tbl1/en/tv.action?pid=1810000401,2026-10-04
cpi_rent_index,Ontario,2016-10-01,117.6,0.9442060085836923,2016-11-21,https://www150.statcan.gc.ca/t1/tbl1/en/tv.action?pid=1810000401,2026-10-04
cpi_rent_index,Ontario,2016-11-01,117.7,0.9433962264151052,2016-12-21,https://www150.statcan.gc.ca/t1/tbl1/en/tv.action?pid=1810000401,2026-10-04
cpi_rent_index,Ontario,2016-12-01,117.8,0.9425878320479919,2017-01-21,https://www150.statcan.gc.ca/t1/tbl1/en/tv.action?pid=1810000401,2026-10-04
cpi_rent_index,Ontario,2017-01-01,117.8,0.9425878320479919,2017-02-21,https://www150.statcan.gc.ca/t1/tbl1/en/tv.action?pid=1810000401,2026-10-04
cpi_rent_index,Ontario,2017-02-01,117.9,0.9417808219178259,2017-03-21,https://www150.statcan.gc.ca/t1/tbl1/en/tv.action?pid=1810000401,2026-10-04
cpi_rent_index,Ontario,2017-03-01,118.1,1.026518391787845,2017-04-21,https://www150.statcan.gc.ca/t1/tbl1/en/tv.action?pid=1810000401,2026-10-04
cpi_rent_index,Ontario,2017-04-01,118.2,1.025641025641022,2017-05-21,https://www150.statcan.gc.ca/t1/tbl1/en/tv.action?pid=1810000401,2026-10-04
cpi_rent_index,Ontario,2017-05-01,118.2,0.9393680614859123,2017-06-21,https://www150.statcan.gc.ca/t1/tbl1/en/tv.action?pid=1810000401,2026-10-04
cpi_rent_index,Ontario,2017-06-01,118.3,0.9385665529010101,2017-07-21,https://www150.statcan.gc.ca/t1/tbl1/en/tv.action?pid=1810000401,2026-10-04
cpi_rent_index,Ontario,2017-07-01,118.4,0.9377664109121886,2017-08-21,https://www150.statcan.gc.ca/t1/tbl1/en/tv.action?pid=1810000401,2026-10-04
cpi_rent_index,Ontario,2017-08-01,118.4,0.8517887563884052,2017-09-21,https://www150.statcan.gc.ca/t1/tbl1/en/tv.action?pid=1810000401,2026-10-04
cpi_rent_index,Ontario,2017-09-01,118.5,0.8510638297872353,2017-10-21,https://www150.statcan.gc.ca/t1/tbl1/en/tv.action?pid=1810000401,2026-10-04
cpi_rent_index,Ontario,2017-10-01,118.6,0.8503401360544283,2017-11-21,https://www150.statcan.gc.ca/t1/tbl1/en/tv.action?pid=1810000401,2026-10-04
cpi_rent_index,Ontario,2017-11-01,118.9,1.0195412064570863,2017-12-21,https://www150.statcan.gc.ca/t1/tbl1/en/tv.action?pid=1810000401,2026-10-04
cpi_rent_index,Ontario,2017-12-01,119.0,1.018675721561979,2018-01-21,https://www150.statcan.gc.ca/t1/tbl1/en/tv.action?pid=1810000401,2026-10-04
cpi_rent_index,Ontario,2018-01-01,119.2,1.1884550084889645,2018-02-21,https://www150.statcan.gc.ca/t1/tbl1/en/tv.action?pid=1810000401,2026-10-04
cpi_rent_index,Ontario,2018-02-01,119.4,1.2722646310432628,2018-03-21,https://www150.statcan.gc.ca/t1/tbl1/en/tv.action?pid=1810000401,2026-10-04
cpi_rent_index,Ontario,2018-03-01,119.5,1.185436071126178,2018-04-21,https://www150.statcan.gc.ca/t1/tbl1/en/tv.action?pid=1810000401,2026-10-04
cpi_rent_index,Ontario,2018-04-01,119.7,1.2690355329949332,2018-05-21,https://www150.statcan.gc.ca/t1/tbl1/en/tv.action?pid=1810000401,2026-10-04
cpi_rent_index,Ontario,2018-05-01,119.8,1.3536379018612488,2018-06-21,https://www150.statcan.gc.ca/t1/tbl1/en/tv.action?pid=1810000401,2026-10-04
cpi_rent_index,Ontario,2018-06-01,120.0,1.4370245139475823,2018-07-21,https://www150.statcan.gc.ca/t1/tbl1/en/tv.action?pid=1810000401,2026-10-04
cpi_rent_index,Ontario,2018-07-01,120.1,1.4358108108108114,2018-08-21,https://www150.statcan.gc.ca/t1/tbl1/en/tv.action?pid=1810000401,2026-10-04
cpi_rent_index,Ontario,2018-08-01,120.3,1.6047297297297147,2018-09-21,https://www150.statcan.gc.ca/t1/tbl1/en/tv.action?pid=1810000401,2026-10-04
cpi_rent_index,Ontario,2018-09-01,120.4,1.603375527426154,2018-10-21,https://www150.statcan.gc.ca/t1/tbl1/en/tv.action?pid=1810000401,2026-10-04
cpi_rent_index,Ontario,2018-10-01,120.7,1.770657672849918,2018-11-21,https://www150.statcan.gc.ca/t1/tbl1/en/tv.action?pid=1810000401,2026-10-04
cpi_rent_index,Ontario,2018-11-01,120.8,1.5979814970563444,2018-12-21,https://www150.statcan.gc.ca/t1/tbl1/en/tv.action?pid=1810000401,2026-10-04
cpi_rent_index,Ontario,2018-12-01,120.9,1.5966386554621792,2019-01-21,https://www150.statcan.gc.ca/t1/tbl1/en/tv.action?pid=1810000401,2026-10-04
cpi_rent_index,Ontario,2019-01-01,122.4,2.684563758389258,2019-02-21,https://www150.statcan.gc.ca/t1/tbl1/en/tv.action?pid=1810000401,2026-10-04
cpi_rent_index,Ontario,2019-02-01,123.7,3.6013400335008328,2019-03-21,https://www150.statcan.gc.ca/t1/tbl1/en/tv.action?pid=1810000401,2026-10-04
cpi_rent_index,Ontario,2019-03-01,123.9,3.682008368200851,2019-04-21,https://www150.statcan.gc.ca/t1/tbl1/en/tv.action?pid=1810000401,2026-10-04
cpi_rent_index,Ontario,2019-04-01,123.9,3.5087719298245723,2019-05-21,https://www150.statcan.gc.ca/t1/tbl1/en/tv.action?pid=1810000401,2026-10-04
cpi_rent_index,Ontario,2019-05-01,123.7,3.255425709515869,2019-06-21,https://www150.statcan.gc.ca/t1/tbl1/en/tv.action?pid=1810000401,2026-10-04
cpi_rent_index,Ontario,2019-06-01,124.0,3.3333333333333437,2019-07-21,https://www150.statcan.gc.ca/t1/tbl1/en/tv.action?pid=1810000401,2026-10-04
cpi_rent_index,Ontario,2019-07-01,125.2,4.24646128226478,2019-08-21,https://www150.statcan.gc.ca/t1/tbl1/en/tv.action?pid=1810000401,2026-10-04
cpi_rent_index,Ontario,2019-08-01,125.8,4.57190357439734,2019-09-21,https://www150.statcan.gc.ca/t1/tbl1/en/tv.action?pid=1810000401,2026-10-04
cpi_rent_index,Ontario,2019-09-01,125.2,3.9867109634551534,2019-10-21,https://www150.statcan.gc.ca/t1/tbl1/en/tv.action?pid=1810000401,2026-10-04
cpi_rent_index,Ontario,2019-10-01,126.3,4.639602319801162,2019-11-21,https://www150.statcan.gc.ca/t1/tbl1/en/tv.action?pid=1810000401,2026-10-04
cpi_rent_index,Ontario,2019-11-01,125.5,3.8907284768211925,2019-12-21,https://www150.statcan.gc.ca/t1/tbl1/en/tv.action?pid=1810000401,2026-10-04
cpi_rent_index,Ontario,2019-12-01,125.9,4.135649296939614,2020-01-21,https://www150.statcan.gc.ca/t1/tbl1/en/tv.action?pid=1810000401,2026-10-04
cpi_rent_index,Ontario,2020-01-01,125.7,2.6960784313725394,2020-02-21,https://www150.statcan.gc.ca/t1/tbl1/en/tv.action?pid=1810000401,2026-10-04
cpi_rent_index,Ontario,2020-02-01,126.6,2.3443815683104274,2020-03-21,https://www150.statcan.gc.ca/t1/tbl1/en/tv.action?pid=1810000401,2026-10-04
cpi_rent_index,Ontario,2020-03-01,126.7,2.259887005649719,2020-04-21,https://www150.statcan.gc.ca/t1/tbl1/en/tv.action?pid=1810000401,2026-10-04
cpi_rent_index,Ontario,2020-04-01,126.6,2.1791767554479424,2020-05-21,https://www150.statcan.gc.ca/t1/tbl1/en/tv.action?pid=1810000401,2026-10-04
cpi_rent_index,Ontario,2020-05-01,125.7,1.616814874696848,2020-06-21,https://www150.statcan.gc.ca/t1/tbl1/en/tv.action?pid=1810000401,2026-10-04
cpi_rent_index,Ontario,2020-06-01,126.5,2.016129032258074,2020-07-21,https://www150.statcan.gc.ca/t1/tbl1/en/tv.action?pid=1810000401,2026-10-04
cpi_rent_index,Ontario,2020-07-01,125.6,0.31948881789136685,2020-08-21,https://www150.statcan.gc.ca/t1/tbl1/en/tv.action?pid=1810000401,2026-10-04
cpi_rent_index,Ontario,2020-08-01,127.6,1.4308426073131875,2020-09-21,https://www150.statcan.gc.ca/t1/tbl1/en/tv.action?pid=1810000401,2026-10-04
cpi_rent_index,Ontario,2020-09-01,127.7,1.9968051118210761,2020-10-21,https://www150.statcan.gc.ca/t1/tbl1/en/tv.action?pid=1810000401,2026-10-04
cpi_rent_index,Ontario,2020-10-01,127.9,1.2668250197941378,2020-11-21,https://www150.statcan.gc.ca/t1/tbl1/en/tv.action?pid=1810000401,2026-10-04
cpi_rent_index,Ontario,2020-11-01,127.2,1.3545816733067761,2020-12-21,https://www150.statcan.gc.ca/t1/tbl1/en/tv.action?pid=1810000401,2026-10-04
cpi_rent_index,Ontario,2020-12-01,126.2,0.2382843526608447,2021-01-21,https://www150.statcan.gc.ca/t1/tbl1/en/tv.action?pid=1810000401,2026-10-04
cpi_rent_index,Ontario,2021-01-01,126.8,0.8750994431185211,2021-02-21,https://www150.statcan.gc.ca/t1/tbl1/en/tv.action?pid=1810000401,2026-10-04
cpi_rent_index,Ontario,2021-02-01,126.9,0.23696682464455776,2021-03-21,https://www150.statcan.gc.ca/t1/tbl1/en/tv.action?pid=1810000401,2026-10-04
cpi_rent_index,Ontario,2021-03-01,128.0,1.0260457774269982,2021-04-21,https://www150.statcan.gc.ca/t1/tbl1/en/tv.action?pid=1810000401,2026-10-04
cpi_rent_index,Ontario,2021-04-01,127.5,0.7109004739336511,2021-05-21,https://www150.statcan.gc.ca/t1/tbl1/en/tv.action?pid=1810000401,2026-10-04
cpi_rent_index,Ontario,2021-05-01,128.1,1.9093078758949833,2021-06-21,https://www150.statcan.gc.ca/t1/tbl1/en/tv.action?pid=1810000401,2026-10-04
cpi_rent_index,Ontario,2021-06-01,128.3,1.4229249011857847,2021-07-21,https://www150.statcan.gc.ca/t1/tbl1/en/tv.action?pid=1810000401,2026-10-04
cpi_rent_index,Ontario,2021-07-01,128.3,2.1496815286624393,2021-08-21,https://www150.statcan.gc.ca/t1/tbl1/en/tv.action?pid=1810000401,2026-10-04
cpi_rent_index,Ontario,2021-08-01,128.1,0.39184952978057463,2021-09-21,https://www150.statcan.gc.ca/t1/tbl1/en/tv.action?pid=1810000401,2026-10-04
cpi_rent_index,Ontario,2021-09-01,129.6,1.4878621769772948,2021-10-21,https://www150.statcan.gc.ca/t1/tbl1/en/tv.action?pid=1810000401,2026-10-04
cpi_rent_index,Ontario,2021-10-01,130.3,1.8764659890539548,2021-11-21,https://www150.statcan.gc.ca/t1/tbl1/en/tv.action?pid=1810000401,2026-10-04
cpi_rent_index,Ontario,2021-11-01,130.1,2.2798742138364636,2021-12-21,https://www150.statcan.gc.ca/t1/tbl1/en/tv.action?pid=1810000401,2026-10-04
cpi_rent_index,Ontario,2021-12-01,130.6,3.4865293185419866,2022-01-21,https://www150.statcan.gc.ca/t1/tbl1/en/tv.action?pid=1810000401,2026-10-04
cpi_rent_index,Ontario,2022-01-01,131.2,3.4700315457413256,2022-02-21,https://www150.statcan.gc.ca/t1/tbl1/en/tv.action?pid=1810000401,2026-10-04
cpi_rent_index,Ontario,2022-02-01,133.3,5.043341213553987,2022-03-21,https://www150.statcan.gc.ca/t1/tbl1/en/tv.action?pid=1810000401,2026-10-04
cpi_rent_index,Ontario,2022-03-01,134.2,4.843749999999991,2022-04-21,https://www150.statcan.gc.ca/t1/tbl1/en/tv.action?pid=1810000401,2026-10-04
cpi_rent_index,Ontario,2022-04-01,134.2,5.254901960784308,2022-05-21,https://www150.statcan.gc.ca/t1/tbl1/en/tv.action?pid=1810000401,2026-10-04
cpi_rent_index,Ontario,2022-05-01,135.3,5.62060889929743,2022-06-21,https://www150.statcan.gc.ca/t1/tbl1/en/tv.action?pid=1810000401,2026-10-04
cpi_rent_index,Ontario,2022-06-01,135.2,5.378020265003869,2022-07-21,https://www150.statcan.gc.ca/t1/tbl1/en/tv.action?pid=1810000401,2026-10-04
cpi_rent_index,Ontario,2022-07-01,136.5,6.391270459859699,2022-08-21,https://www150.statcan.gc.ca/t1/tbl1/en/tv.action?pid=1810000401,2026-10-04
cpi_rent_index,Ontario,2022-08-01,135.8,6.0109289617486406,2022-09-21,https://www150.statcan.gc.ca/t1/tbl1/en/tv.action?pid=1810000401,2026-10-04
cpi_rent_index,Ontario,2022-09-01,136.4,5.246913580246915,2022-10-21,https://www150.statcan.gc.ca/t1/tbl1/en/tv.action?pid=1810000401,2026-10-04
cpi_rent_index,Ontario,2022-10-01,137.6,5.602455871066758,2022-11-21,https://www150.statcan.gc.ca/t1/tbl1/en/tv.action?pid=1810000401,2026-10-04
cpi_rent_index,Ontario,2022-11-01,139.4,7.148347425057655,2022-12-21,https://www150.statcan.gc.ca/t1/tbl1/en/tv.action?pid=1810000401,2026-10-04
cpi_rent_index,Ontario,2022-12-01,139.6,6.891271056661563,2023-01-21,https://www150.statcan.gc.ca/t1/tbl1/en/tv.action?pid=1810000401,2026-10-04
cpi_rent_index,Ontario,2023-01-01,140.5,7.088414634146356,2023-02-21,https://www150.statcan.gc.ca/t1/tbl1/en/tv.action?pid=1810000401,2026-10-04
cpi_rent_index,Ontario,2023-02-01,140.6,5.476369092273048,2023-03-21,https://www150.statcan.gc.ca/t1/tbl1/en/tv.action?pid=1810000401,2026-10-04
cpi_rent_index,Ontario,2023-03-01,142.1,5.886736214605071,2023-04-21,https://www150.statcan.gc.ca/t1/tbl1/en/tv.action?pid=1810000401,2026-10-04
cpi_rent_index,Ontario,2023-04-01,142.9,6.482861400894202,2023-05-21,https://www150.statcan.gc.ca/t1/tbl1/en/tv.action?pid=1810000401,2026-10-04
cpi_rent_index,Ontario,2023-05-01,143.0,5.691056910569103,2023-06-21,https://www150.statcan.gc.ca/t1/tbl1/en/tv.action?pid=1810000401,2026-10-04
cpi_rent_index,Ontario,2023-06-01,143.9,6.434911242603558,2023-07-21,https://www150.statcan.gc.ca/t1/tbl1/en/tv.action?pid=1810000401,2026-10-04
cpi_rent_index,Ontario,2023-07-01,144.7,6.007326007326008,2023-08-21,https://www150.statcan.gc.ca/t1/tbl1/en/tv.action?pid=1810000401,2026-10-04
cpi_rent_index,Ontario,2023-08-01,145.2,6.921944035346073,2023-09-21,https://www150.statcan.gc.ca/t1/tbl1/en/tv.action?pid=1810000401,2026-10-04
cpi_rent_index,Ontario,2023-09-01,144.9,6.231671554252194,2023-10-21,https://www150.statcan.gc.ca/t1/tbl1/en/tv.action?pid=1810000401,2026-10-04
cpi_rent_index,Ontario,2023-10-01,147.3,7.049418604651181,2023-11-21,https://www150.statcan.gc.ca/t1/tbl1/en/tv.action?pid=1810000401,2026-10-04
cpi_rent_index,Ontario,2023-11-01,146.5,5.093256814921077,2023-12-21,https://www150.statcan.gc.ca/t1/tbl1/en/tv.action?pid=1810000401,2026-10-04
cpi_rent_index,Ontario,2023-12-01,149.2,6.876790830945545,2024-01-21,https://www150.statcan.gc.ca/t1/tbl1/en/tv.action?pid=1810000401,2026-10-04
cpi_rent_index,Ontario,2024-01-01,149.4,6.334519572953745,2024-02-21,https://www150.statcan.gc.ca/t1/tbl1/en/tv.action?pid=1810000401,2026-10-04
cpi_rent_index,Ontario,2024-02-01,150.6,7.112375533428161,2024-03-21,https://www150.statcan.gc.ca/t1/tbl1/en/tv.action?pid=1810000401,2026-10-04
cpi_rent_index,Ontario,2024-03-01,151.7,6.7558057705841,2024-04-21,https://www150.statcan.gc.ca/t1/tbl1/en/tv.action?pid=1810000401,2026-10-04
cpi_rent_index,Ontario,2024-04-01,151.6,6.088173547935605,2024-05-21,https://www150.statcan.gc.ca/t1/tbl1/en/tv.action?pid=1810000401,2026-10-04
cpi_rent_index,Ontario,2024-05-01,155.0,8.391608391608397,2024-06-21,https://www150.statcan.gc.ca/t1/tbl1/en/tv.action?pid=1810000401,2026-10-04
cpi_rent_index,Ontario,2024-06-01,154.2,7.157748436414169,2024-07-21,https://www150.statcan.gc.ca/t1/tbl1/en/tv.action?pid=1810000401,2026-10-04
cpi_rent_index,Ontario,2024-07-01,154.4,6.703524533517635,2024-08-21,https://www150.statcan.gc.ca/t1/tbl1/en/tv.action?pid=1810000401,2026-10-04
cpi_rent_index,Ontario,2024-08-01,155.5,7.093663911845738,2024-09-21,https://www150.statcan.gc.ca/t1/tbl1/en/tv.action?pid=1810000401,2026-10-04
cpi_rent_index,Ontario,2024-09-01,155.7,7.453416149068315,2024-10-21,https://www150.statcan.gc.ca/t1/tbl1/en/tv.action?pid=1810000401,2026-10-04
cpi_rent_index,Ontario,2024-10-01,156.1,5.974202308214527,2024-11-21,https://www150.statcan.gc.ca/t1/tbl1/en/tv.action?pid=1810000401,2026-10-04
cpi_rent_index,Ontario,2024-11-01,157.3,7.372013651877141,2024-12-21,https://www150.statcan.gc.ca/t1/tbl1/en/tv.action?pid=1810000401,2026-10-04
cpi_rent_index,Ontario,2024-12-01,158.8,6.434316353887426,2025-01-21,https://www150.statcan.gc.ca/t1/tbl1/en/tv.action?pid=1810000401,2026-10-04
cpi_rent_index,Ontario,2025-01-01,158.7,6.224899598393563,2025-02-21,https://www150.statcan.gc.ca/t1/tbl1/en/tv.action?pid=1810000401,2026-10-04
cpi_rent_index,Ontario,2025-02-01,159.6,5.976095617529875,2025-03-21,https://www150.statcan.gc.ca/t1/tbl1/en/tv.action?pid=1810000401,2026-10-04
cpi_rent_index,Ontario,2025-03-01,158.6,4.548450889914313,2025-04-21,https://www150.statcan.gc.ca/t1/tbl1/en/tv.action?pid=1810000401,2026-10-04
cpi_rent_index,Ontario,2025-04-01,159.8,5.408970976253302,2025-05-21,https://www150.statcan.gc.ca/t1/tbl1/en/tv.action?pid=1810000401,2026-10-04
cpi_rent_index,Ontario,2025-05-01,159.6,2.9677419354838586,2025-06-21,https://www150.statcan.gc.ca/t1/tbl1/en/tv.action?pid=1810000401,2026-10-04
cpi_rent_index,Ontario,2025-06-01,160.8,4.280155642023353,2025-07-21,https://www150.statcan.gc.ca/t1/tbl1/en/tv.action?pid=1810000401,2026-10-04
cpi_rent_index,Ontario,2025-07-01,160.9,4.209844559585485,2025-08-21,https://www150.statcan.gc.ca/t1/tbl1/en/tv.action?pid=1810000401,2026-10-04
cpi_rent_index,Ontario,2025-08-01,160.5,3.2154340836012762,2025-09-21,https://www150.statcan.gc.ca/t1/tbl1/en/tv.action?pid=1810000401,2026-10-04
cpi_rent_index,Ontario,2025-09-01,161.2,3.5324341682723137,2025-10-21,https://www150.statcan.gc.ca/t1/tbl1/en/tv.action?pid=1810000401,2026-10-04
cpi_rent_index,Ontario,2025-10-01,163.1,4.484304932735417,2025-11-21,https://www150.statcan.gc.ca/t1/tbl1/en/tv.action?pid=1810000401,2026-10-04
cpi_rent_index,Ontario,2025-11-01,163.7,4.068658614113141,2025-12-21,https://www150.statcan.gc.ca/t1/tbl1/en/tv.action?pid=1810000401,2026-10-04
cpi_rent_index,Ontario,2025-12-01,163.4,2.896725440806036,2026-01-21,https://www150.statcan.gc.ca/t1/tbl1/en/tv.action?pid=1810000401,2026-10-04
cpi_rent_index,Ontario,2026-01-01,161.8,1.953371140516702,2026-02-21,https://www150.statcan.gc.ca/t1/tbl1/en/tv.action?pid=1810000401,2026-10-04
cpi_rent_index,Ontario,2026-02-01,161.6,1.2531328320801949,2026-03-21,https://www150.statcan.gc.ca/t1/tbl1/en/tv.action?pid=1810000401,2026-10-04
cpi_rent_index,Ontario,2026-03-01,163.2,2.9003783102143688,2026-04-21,https://www150.statcan.gc.ca/t1/tbl1/en/tv.action?pid=1810000401,2026-10-04
cpi_rent_index,Ontario,2026-04-01,163.3,2.1902377972465636,2026-05-21,https://www150.statcan.gc.ca/t1/tbl1/en/tv.action?pid=1810000401,2026-10-04
cpi_rent_index,Ontario,2026-05-01,163.4,2.3809523809523947,2026-06-21,https://www150.statcan.gc.ca/t1/tbl1/en/tv.action?pid=1810000401,2026-10-04
cpi_rent_index,Ontario,2026-06-01,164.4,2.238805970149249,2026-07-21,https://www150.statcan.gc.ca/t1/tbl1/en/tv.action?pid=1810000401,2026-10-04
cpi_rent_index,Ontario,2026-07-01,162.1,0.7458048477315016,2026-08-21,https://www150.statcan.gc.ca/t1/tbl1/en/tv.action?pid=1810000401,2026-10-04
cpi_rent_index,Ontario,2026-08-01,164.3,2.3676012461059326,2026-09-21,https://www150.statcan.gc.ca/t1/tbl1/en/tv.action?pid=1810000401,2026-10-04
cpi_rent_index,Canada,1949-01-01,19.1,,1949-02-21,https://www150.statcan.gc.ca/t1/tbl1/en/tv.action?pid=1810000401,2026-10-04
cpi_rent_index,Canada,1949-02-01,19.1,,1949-03-21,https://www150.statcan.gc.ca/t1/tbl1/en/tv.action?pid=1810000401,2026-10-04
cpi_rent_index,Canada,1949-03-01,19.1,,1949-04-21,https://www150.statcan.gc.ca/t1/tbl1/en/tv.action?pid=1810000401,2026-10-04
cpi_rent_index,Canada,1949-04-01,19.2,,1949-05-21,https://www150.statcan.gc.ca/t1/tbl1/en/tv.action?pid=1810000401,2026-10-04
cpi_rent_index,Canada,1949-05-01,19.2,,1949-06-21,https://www150.statcan.gc.ca/t1/tbl1/en/tv.action?pid=1810000401,2026-10-04
cpi_rent_index,Canada,1949-06-01,19.2,,1949-07-21,https://www150.statcan.gc.ca/t1/tbl1/en/tv.action?pid=1810000401,2026-10-04
cpi_rent_index,Canada,1949-07-01,19.2,,1949-08-21,https://www150.statcan.gc.ca/t1/tbl1/en/tv.action?pid=1810000401,2026-10-04
cpi_rent_index,Canada,1949-08-01,19.2,,1949-09-21,https://www150.statcan.gc.ca/t1/tbl1/en/tv.action?pid=1810000401,2026-10-04
cpi_rent_index,Canada,1949-09-01,19.4,,1949-10-21,https://www150.statcan.gc.ca/t1/tbl1/en/tv.action?pid=1810000401,2026-10-04
cpi_rent_index,Canada,1949-10-01,19.4,,1949-11-21,https://www150.statcan.gc.ca/t1/tbl1/en/tv.action?pid=1810000401,2026-10-04
cpi_rent_index,Canada,1949-11-01,19.4,,1949-12-21,https://www150.statcan.gc.ca/t1/tbl1/en/tv.action?pid=1810000401,2026-10-04
cpi_rent_index,Canada,1949-12-01,19.5,,1950-01-21,https://www150.statcan.gc.ca/t1/tbl1/en/tv.action?pid=1810000401,2026-10-04
cpi_rent_index,Canada,1950-01-01,19.5,2.0942408376963373,1950-02-21,https://www150.statcan.gc.ca/t1/tbl1/en/tv.action?pid=1810000401,2026-10-04
cpi_rent_index,Canada,1950-02-01,19.5,2.0942408376963373,1950-03-21,https://www150.statcan.gc.ca/t1/tbl1/en/tv.action?pid=1810000401,2026-10-04
cpi_rent_index,Canada,1950-03-01,20.8,8.900523560209429,1950-04-21,https://www150.statcan.gc.ca/t1/tbl1/en/tv.action?pid=1810000401,2026-10-04
cpi_rent_index,Canada,1950-04-01,20.8,8.333333333333348,1950-05-21,https://www150.statcan.gc.ca/t1/tbl1/en/tv.action?pid=1810000401,2026-10-04
cpi_rent_index,Canada,1950-05-01,20.8,8.333333333333348,1950-06-21,https://www150.statcan.gc.ca/t1/tbl1/en/tv.action?pid=1810000401,2026-10-04
cpi_rent_index,Canada,1950-06-01,20.8,8.333333333333348,1950-07-21,https://www150.statcan.gc.ca/t1/tbl1/en/tv.action?pid=1810000401,2026-10-04
cpi_rent_index,Canada,1950-07-01,21.2,10.416666666666675,1950-08-21,https://www150.statcan.gc.ca/t1/tbl1/en/tv.action?pid=1810000401,2026-10-04
cpi_rent_index,Canada,1950-08-01,21.2,10.416666666666675,1950-09-21,https://www150.statcan.gc.ca/t1/tbl1/en/tv.action?pid=1810000401,2026-10-04
cpi_rent_index,Canada,1950-09-01,21.2,9.278350515463929,1950-10-21,https://www150.statcan.gc.ca/t1/tbl1/en/tv.action?pid=1810000401,2026-10-04
cpi_rent_index,Canada,1950-10-01,21.2,9.278350515463929,1950-11-21,https://www150.statcan.gc.ca/t1/tbl1/en/tv.action?pid=1810000401,2026-10-04
cpi_rent_index,Canada,1950-11-01,21.4,10.309278350515472,1950-12-21,https://www150.statcan.gc.ca/t1/tbl1/en/tv.action?pid=1810000401,2026-10-04
cpi_rent_index,Canada,1950-12-01,21.4,9.74358974358973,1951-01-21,https://www150.statcan.gc.ca/t1/tbl1/en/tv.action?pid=1810000401,2026-10-04
cpi_rent_index,Canada,1951-01-01,21.4,9.74358974358973,1951-02-21,https://www150.statcan.gc.ca/t1/tbl1/en/tv.action?pid=1810000401,2026-10-04
cpi_rent_index,Canada,1951-02-01,21.4,9.74358974358973,1951-03-21,https://www150.statcan.gc.ca/t1/tbl1/en/tv.action?pid=1810000401,2026-10-04
cpi_rent_index,Canada,1951-03-01,21.5,3.3653846153846034,1951-04-21,https://www150.statcan.gc.ca/t1/tbl1/en/tv.action?pid=1810000401,2026-10-04
cpi_rent_index,Canada,1951-04-01,21.5,3.3653846153846034,1951-05-21,https://www150.statcan.gc.ca/t1/tbl1/en/tv.action?pid=1810000401,2026-10-04
cpi_rent_index,Canada,1951-05-01,21.5,3.3653846153846034,1951-06-21,https://www150.statcan.gc.ca/t1/tbl1/en/tv.action?pid=1810000401,2026-10-04
cpi_rent_index,Canada,1951-06-01,21.9,5.28846153846152,1951-07-21,https://www150.statcan.gc.ca/t1/tbl1/en/tv.action?pid=1810000401,2026-10-04
cpi_rent_index,Canada,1951-07-01,21.9,3.301886792452824,1951-08-21,https://www150.statcan.gc.ca/t1/tbl1/en/tv.action?pid=1810000401,2026-10-04
cpi_rent_index,Canada,1951-08-01,21.9,3.301886792452824,1951-09-21,https://www150.statcan.gc.ca/t1/tbl1/en/tv.action?pid=1810000401,2026-10-04
cpi_rent_index,Canada,1951-09-01,22.5,6.132075471698117,1951-10-21,https://www150.statcan.gc.ca/t1/tbl1/en/tv.action?pid=1810000401,2026-10-04
cpi_rent_index,Canada,1951-10-01,22.5,6.132075471698117,1951-11-21,https://www150.statcan.gc.ca/t1/tbl1/en/tv.action?pid=1810000401,2026-10-04
cpi_rent_index,Canada,1951-11-01,22.8,6.542056074766367,1951-12-21,https://www150.statcan.gc.ca/t1/tbl1/en/tv.action?pid=1810000401,2026-10-04
cpi_rent_index,Canada,1951-12-01,22.8,6.542056074766367,1952-01-21,https://www150.statcan.gc.ca/t1/tbl1/en/tv.action?pid=1810000401,2026-10-04
cpi_rent_index,Canada,1952-01-01,22.8,6.542056074766367,1952-02-21,https://www150.statcan.gc.ca/t1/tbl1/en/tv.action?pid=1810000401,2026-10-04
cpi_rent_index,Canada,1952-02-01,22.8,6.542056074766367,1952-03-21,https://www150.statcan.gc.ca/t1/tbl1/en/tv.action?pid=1810000401,2026-10-04
cpi_rent_index,Canada,1952-03-01,23.1,7.441860465116279,1952-04-21,https://www150.statcan.gc.ca/t1/tbl1/en/tv.action?pid=1810000401,2026-10-04
cpi_rent_index,Canada,1952-04-01,23.1,7.441860465116279,1952-05-21,https://www150.statcan.gc.ca/t1/tbl1/en/tv.action?pid=1810000401,2026-10-04
cpi_rent_index,Canada,1952-05-01,23.1,7.441860465116279,1952-06-21,https://www150.statcan.gc.ca/t1/tbl1/en/tv.action?pid=1810000401,2026-10-04
cpi_rent_index,Canada,1952-06-01,23.2,5.936073059360725,1952-07-21,https://www150.statcan.gc.ca/t1/tbl1/en/tv.action?pid=1810000401,2026-10-04
cpi_rent_index,Canada,1952-07-01,23.2,5.936073059360725,1952-08-21,https://www150.statcan.gc.ca/t1/tbl1/en/tv.action?pid=1810000401,2026-10-04
cpi_rent_index,Canada,1952-08-01,23.2,5.936073059360725,1952-09-21,https://www150.statcan.gc.ca/t1/tbl1/en/tv.action?pid=1810000401,2026-10-04
cpi_rent_index,Canada,1952-09-01,23.5,4.444444444444451,1952-10-21,https://www150.statcan.gc.ca/t1/tbl1/en/tv.action?pid=1810000401,2026-10-04
cpi_rent_index,Canada,1952-10-01,23.5,4.444444444444451,1952-11-21,https://www150.statcan.gc.ca/t1/tbl1/en/tv.action?pid=1810000401,2026-10-04
cpi_rent_index,Canada,1952-11-01,23.5,3.0701754385964897,1952-12-21,https://www150.statcan.gc.ca/t1/tbl1/en/tv.action?pid=1810000401,2026-10-04
cpi_rent_index,Canada,1952-12-01,23.7,3.9473684210526327,1953-01-21,https://www150.statcan.gc.ca/t1/tbl1/en/tv.action?pid=1810000401,2026-10-04
cpi_rent_index,Canada,1953-01-01,23.8,4.385964912280693,1953-02-21,https://www150.statcan.gc.ca/t1/tbl1/en/tv.action?pid=1810000401,2026-10-04
cpi_rent_index,Canada,1953-02-01,23.8,4.385964912280693,1953-03-21,https://www150.statcan.gc.ca/t1/tbl1/en/tv.action?pid=1810000401,2026-10-04
cpi_rent_index,Canada,1953-03-01,23.8,3.0303030303030276,1953-04-21,https://www150.statcan.gc.ca/t1/tbl1/en/tv.action?pid=1810000401,2026-10-04
cpi_rent_index,Canada,1953-04-01,23.8,3.0303030303030276,1953-05-21,https://www150.statcan.gc.ca/t1/tbl1/en/tv.action?pid=1810000401,2026-10-04
cpi_rent_index,Canada,1953-05-01,23.8,3.0303030303030276,1953-06-21,https://www150.statcan.gc.ca/t1/tbl1/en/tv.action?pid=1810000401,2026-10-04
cpi_rent_index,Canada,1953-06-01,24.1,3.8793103448276023,1953-07-21,https://www150.statcan.gc.ca/t1/tbl1/en/tv.action?pid=1810000401,2026-10-04
cpi_rent_index,Canada,1953-07-01,24.2,4.31034482758621,1953-08-21,https://www150.statcan.gc.ca/t1/tbl1/en/tv.action?pid=1810000401,2026-10-04
cpi_rent_index,Canada,1953-08-01,24.2,4.31034482758621,1953-09-21,https://www150.statcan.gc.ca/t1/tbl1/en/tv.action?pid=1810000401,2026-10-04
cpi_rent_index,Canada,1953-09-01,24.2,2.9787234042553123,1953-10-21,https://www150.statcan.gc.ca/t1/tbl1/en/tv.action?pid=1810000401,2026-10-04
cpi_rent_index,Canada,1953-10-01,24.4,3.8297872340425476,1953-11-21,https://www150.statcan.gc.ca/t1/tbl1/en/tv.action?pid=1810000401,2026-10-04
cpi_rent_index,Canada,1953-11-01,24.4,3.8297872340425476,1953-12-21,https://www150.statcan.gc.ca/t1/tbl1/en/tv.action?pid=1810000401,2026-10-04
cpi_rent_index,Canada,1953-12-01,24.5,3.3755274261603407,1954-01-21,https://www150.statcan.gc.ca/t1/tbl1/en/tv.action?pid=1810000401,2026-10-04
cpi_rent_index,Canada,1954-01-01,24.6,3.3613445378151363,1954-02-21,https://www150.statcan.gc.ca/t1/tbl1/en/tv.action?pid=1810000401,2026-10-04
cpi_rent_index,Canada,1954-02-01,24.6,3.3613445378151363,1954-03-21,https://www150.statcan.gc.ca/t1/tbl1/en/tv.action?pid=1810000401,2026-10-04
cpi_rent_index,Canada,1954-03-01,24.6,3.3613445378151363,1954-04-21,https://www150.statcan.gc.ca/t1/tbl1/en/tv.action?pid=1810000401,2026-10-04
cpi_rent_index,Canada,1954-04-01,24.6,3.3613445378151363,1954-05-21,https://www150.statcan.gc.ca/t1/tbl1/en/tv.action?pid=1810000401,2026-10-04
cpi_rent_index,Canada,1954-05-01,24.8,4.201680672268915,1954-06-21,https://www150.statcan.gc.ca/t1/tbl1/en/tv.action?pid=1810000401,2026-10-04
cpi_rent_index,Canada,1954-06-01,25.0,3.734439834024883,1954-07-21,https://www150.statcan.gc.ca/t1/tbl1/en/tv.action?pid=1810000401,2026-10-04
cpi_rent_index,Canada,1954-07-01,25.1,3.7190082644628086,1954-08-21,https://www150.statcan.gc.ca/t1/tbl1/en/tv.action?pid=1810000401,2026-10-04
cpi_rent_index,Canada,1954-08-01,25.1,3.7190082644628086,1954-09-21,https://www150.statcan.gc.ca/t1/tbl1/en/tv.action?pid=1810000401,2026-10-04
cpi_rent_index,Canada,1954-09-01,25.1,3.7190082644628086,1954-10-21,https://www150.statcan.gc.ca/t1/tbl1/en/tv.action?pid=1810000401,2026-10-04
cpi_rent_index,Canada,1954-10-01,25.2,3.2786885245901676,1954-11-21,https://www150.statcan.gc.ca/t1/tbl1/en/tv.action?pid=1810000401,2026-10-04
cpi_rent_index,Canada,1954-11-01,25.2,3.2786885245901676,1954-12-21,https://www150.statcan.gc.ca/t1/tbl1/en/tv.action?pid=1810000401,2026-10-04
cpi_rent_index,Canada,1954-12-01,25.3,3.2653061224489743,1955-01-21,https://www150.statcan.gc.ca/t1/tbl1/en/tv.action?pid=1810000401,2026-10-04
cpi_rent_index,Canada,1955-01-01,25.4,3.2520325203251987,1955-02-21,https://www150.statcan.gc.ca/t1/tbl1/en/tv.action?pid=1810000401,2026-10-04
cpi_rent_index,Canada,1955-02-01,25.5,3.658536585365857,1955-03-21,https://www150.statcan.gc.ca/t1/tbl1/en/tv.action?pid=1810000401,2026-10-04
cpi_rent_index,Canada,1955-03-01,25.5,3.658536585365857,1955-04-21,https://www150.statcan.gc.ca/t1/tbl1/en/tv.action?pid=1810000401,2026-10-04
cpi_rent_index,Canada,1955-04-01,25.5,3.658536585365857,1955-05-21,https://www150.statcan.gc.ca/t1/tbl1/en/tv.action?pid=1810000401,2026-10-04
cpi_rent_index,Canada,1955-05-01,25.5,2.8225806451612767,1955-06-21,https://www150.statcan.gc.ca/t1/tbl1/en/tv.action?pid=1810000401,2026-10-04
cpi_rent_index,Canada,1955-06-01,25.7,2.8000000000000025,1955-07-21,https://www150.statcan.gc.ca/t1/tbl1/en/tv.action?pid=1810000401,2026-10-04
cpi_rent_index,Canada,1955-07-01,25.7,2.39043824701195,1955-08-21,https://www150.statcan.gc.ca/t1/tbl1/en/tv.action?pid=1810000401,2026-10-04
cpi_rent_index,Canada,1955-08-01,25.7,2.39043824701195,1955-09-21,https://www150.statcan.gc.ca/t1/tbl1/en/tv.action?pid=1810000401,2026-10-04
cpi_rent_index,Canada,1955-09-01,25.7,2.39043824701195,1955-10-21,https://www150.statcan.gc.ca/t1/tbl1/en/tv.action?pid=1810000401,2026-10-04
cpi_rent_index,Canada,1955-10-01,25.8,2.3809523809523947,1955-11-21,https://www150.statcan.gc.ca/t1/tbl1/en/tv.action?pid=1810000401,2026-10-04
cpi_rent_index,Canada,1955-11-01,25.8,2.3809523809523947,1955-12-21,https://www150.statcan.gc.ca/t1/tbl1/en/tv.action?pid=1810000401,2026-10-04
cpi_rent_index,Canada,1955-12-01,25.8,1.976284584980248,1956-01-21,https://www150.statcan.gc.ca/t1/tbl1/en/tv.action?pid=1810000401,2026-10-04
cpi_rent_index,Canada,1956-01-01,25.9,1.9685039370078705,1956-02-21,https://www150.statcan.gc.ca/t1/tbl1/en/tv.action?pid=1810000401,2026-10-04
cpi_rent_index,Canada,1956-02-01,25.9,1.5686274509803866,1956-03-21,https://www150.statcan.gc.ca/t1/tbl1/en/tv.action?pid=1810000401,2026-10-04
cpi_rent_index,Canada,1956-03-01,25.9,1.5686274509803866,1956-04-21,https://www150.statcan.gc.ca/t1/tbl1/en/tv.action?pid=1810000401,2026-10-04
cpi_rent_index,Canada,1956-04-01,25.9,1.5686274509803866,1956-05-21,https://www150.statcan.gc.ca/t1/tbl1/en/tv.action?pid=1810000401,2026-10-04
cpi_rent_index,Canada,1956-05-01,25.9,1.5686274509803866,1956-06-21,https://www150.statcan.gc.ca/t1/tbl1/en/tv.action?pid=1810000401,2026-10-04
cpi_rent_index,Canada,1956-06-01,26.1,1.5564202334630517,1956-07-21,https://www150.statcan.gc.ca/t1/tbl1/en/tv.action?pid=1810000401,2026-10-04
cpi_rent_index,Canada,1956-07-01,26.1,1.5564202334630517,1956-08-21,https://www150.statcan.gc.ca/t1/tbl1/en/tv.action?pid=1810000401,2026-10-04
cpi_rent_index,Canada,1956-08-01,26.2,1.9455252918287869,1956-09-21,https://www150.statcan.gc.ca/t1/tbl1/en/tv.action?pid=1810000401,2026-10-04
cpi_rent_index,Canada,1956-09-01,26.2,1.9455252918287869,1956-10-21,https://www150.statcan.gc.ca/t1/tbl1/en/tv.action?pid=1810000401,2026-10-04
cpi_rent_index,Canada,1956-10-01,26.3,1.9379844961240345,1956-11-21,https://www150.statcan.gc.ca/t1/tbl1/en/tv.action?pid=1810000401,2026-10-04
cpi_rent_index,Canada,1956-11-01,26.3,1.9379844961240345,1956-12-21,https://www150.statcan.gc.ca/t1/tbl1/en/tv.action?pid=1810000401,2026-10-04
cpi_rent_index,Canada,1956-12-01,26.3,1.9379844961240345,1957-01-21,https://www150.statcan.gc.ca/t1/tbl1/en/tv.action?pid=1810000401,2026-10-04
cpi_rent_index,Canada,1957-01-01,26.3,1.5444015444015635,1957-02-21,https://www150.statcan.gc.ca/t1/tbl1/en/tv.action?pid=1810000401,2026-10-04
cpi_rent_index,Canada,1957-02-01,26.3,1.5444015444015635,1957-03-21,https://www150.statcan.gc.ca/t1/tbl1/en/tv.action?pid=1810000401,2026-10-04
cpi_rent_index,Canada,1957-03-01,26.4,1.9305019305019266,1957-04-21,https://www150.statcan.gc.ca/t1/tbl1/en/tv.action?pid=1810000401,2026-10-04
cpi_rent_index,Canada,1957-04-01,26.4,1.9305019305019266,1957-05-21,https://www150.statcan.gc.ca/t1/tbl1/en/tv.action?pid=1810000401,2026-10-04
cpi_rent_index,Canada,1957-05-01,26.4,1.9305019305019266,1957-06-21,https://www150.statcan.gc.ca/t1/tbl1/en/tv.action?pid=1810000401,2026-10-04
cpi_rent_index,Canada,1957-06-01,26.5,1.5325670498084198,1957-07-21,https://www150.statcan.gc.ca/t1/tbl1/en/tv.action?pid=1810000401,2026-10-04
cpi_rent_index,Canada,1957-07-01,26.6,1.9157088122605304,1957-08-21,https://www150.statcan.gc.ca/t1/tbl1/en/tv.action?pid=1810000401,2026-10-04
cpi_rent_index,Canada,1957-08-01,26.6,1.526717557251911,1957-09-21,https://www150.statcan.gc.ca/t1/tbl1/en/tv.action?pid=1810000401,2026-10-04
cpi_rent_index,Canada,1957-09-01,26.7,1.9083969465648831,1957-10-21,https://www150.statcan.gc.ca/t1/tbl1/en/tv.action?pid=1810000401,2026-10-04
cpi_rent_index,Canada,1957-10-01,26.7,1.520912547528508,1957-11-21,https://www150.statcan.gc.ca/t1/tbl1/en/tv.action?pid=1810000401,2026-10-04
cpi_rent_index,Canada,1957-11-01,26.7,1.520912547528508,1957-12-21,https://www150.statcan.gc.ca/t1/tbl1/en/tv.action?pid=1810000401,2026-10-04
cpi_rent_index,Canada,1957-12-01,26.8,1.9011406844106515,1958-01-21,https://www150.statcan.gc.ca/t1/tbl1/en/tv.action?pid=1810000401,2026-10-04
cpi_rent_index,Canada,1958-01-01,26.8,1.9011406844106515,1958-02-21,https://www150.statcan.gc.ca/t1/tbl1/en/tv.action?pid=1810000401,2026-10-04
cpi_rent_index,Canada,1958-02-01,26.9,2.281368821292773,1958-03-21,https://www150.statcan.gc.ca/t1/tbl1/en/tv.action?pid=1810000401,2026-10-04
cpi_rent_index,Canada,1958-03-01,27.0,2.2727272727272707,1958-04-21,https://www150.statcan.gc.ca/t1/tbl1/en/tv.action?pid=1810000401,2026-10-04
cpi_rent_index,Canada,1958-04-01,27.0,2.2727272727272707,1958-05-21,https://www150.statcan.gc.ca/t1/tbl1/en/tv.action?pid=1810000401,2026-10-04
cpi_rent_index,Canada,1958-05-01,27.0,2.2727272727272707,1958-06-21,https://www150.statcan.gc.ca/t1/tbl1/en/tv.action?pid=1810000401,2026-10-04
cpi_rent_index,Canada,1958-06-01,27.0,1.8867924528301883,1958-07-21,https://www150.statcan.gc.ca/t1/tbl1/en/tv.action?pid=1810000401,2026-10-04
cpi_rent_index,Canada,1958-07-01,27.0,1.5037593984962294,1958-08-21,https://www150.statcan.gc.ca/t1/tbl1/en/tv.action?pid=1810000401,2026-10-04
cpi_rent_index,Canada,1958-08-01,27.1,1.8796992481203034,1958-09-21,https://www150.statcan.gc.ca/t1/tbl1/en/tv.action?pid=1810000401,2026-10-04
cpi_rent_index,Canada,1958-09-01,27.1,1.4981273408239737,1958-10-21,https://www150.statcan.gc.ca/t1/tbl1/en/tv.action?pid=1810000401,2026-10-04
cpi_rent_index,Canada,1958-10-01,27.1,1.4981273408239737,1958-11-21,https://www150.statcan.gc.ca/t1/tbl1/en/tv.action?pid=1810000401,2026-10-04
cpi_rent_index,Canada,1958-11-01,27.2,1.8726591760299671,1958-12-21,https://www150.statcan.gc.ca/t1/tbl1/en/tv.action?pid=1810000401,2026-10-04
cpi_rent_index,Canada,1958-12-01,27.2,1.4925373134328401,1959-01-21,https://www150.statcan.gc.ca/t1/tbl1/en/tv.action?pid=1810000401,2026-10-04
cpi_rent_index,Canada,1959-01-01,27.2,1.4925373134328401,1959-02-21,https://www150.statcan.gc.ca/t1/tbl1/en/tv.action?pid=1810000401,2026-10-04
cpi_rent_index,Canada,1959-02-01,27.2,1.1152416356877248,1959-03-21,https://www150.statcan.gc.ca/t1/tbl1/en/tv.action?pid=1810000401,2026-10-04
cpi_rent_index,Canada,1959-03-01,27.2,0.7407407407407307,1959-04-21,https://www150.statcan.gc.ca/t1/tbl1/en/tv.action?pid=1810000401,2026-10-04
cpi_rent_index,Canada,1959-04-01,27.2,0.7407407407407307,1959-05-21,https://www150.statcan.gc.ca/t1/tbl1/en/tv.action?pid=1810000401,2026-10-04
cpi_rent_index,Canada,1959-05-01,27.2,0.7407407407407307,1959-06-21,https://www150.statcan.gc.ca/t1/tbl1/en/tv.action?pid=1810000401,2026-10-04
cpi_rent_index,Canada,1959-06-01,27.3,1.1111111111111072,1959-07-21,https://www150.statcan.gc.ca/t1/tbl1/en/tv.action?pid=1810000401,2026-10-04
cpi_rent_index,Canada,1959-07-01,27.3,1.1111111111111072,1959-08-21,https://www150.statcan.gc.ca/t1/tbl1/en/tv.action?pid=1810000401,2026-10-04
cpi_rent_index,Canada,1959-08-01,27.3,0.7380073800737907,1959-09-21,https://www150.statcan.gc.ca/t1/tbl1/en/tv.action?pid=1810000401,2026-10-04
cpi_rent_index,Canada,1959-09-01,27.3,0.7380073800737907,1959-10-21,https://www150.statcan.gc.ca/t1/tbl1/en/tv.action?pid=1810000401,2026-10-04
cpi_rent_index,Canada,1959-10-01,27.3,0.7380073800737907,1959-11-21,https://www150.statcan.gc.ca/t1/tbl1/en/tv.action?pid=1810000401,2026-10-04
cpi_rent_index,Canada,1959-11-01,27.3,0.3676470588235281,1959-12-21,https://www150.statcan.gc.ca/t1/tbl1/en/tv.action?pid=1810000401,2026-10-04
cpi_rent_index,Canada,1959-12-01,27.3,0.3676470588235281,1960-01-21,https://www150.statcan.gc.ca/t1/tbl1/en/tv.action?pid=1810000401,2026-10-04
cpi_rent_index,Canada,1960-01-01,27.3,0.3676470588235281,1960-02-21,https://www150.statcan.gc.ca/t1/tbl1/en/tv.action?pid=1810000401,2026-10-04
cpi_rent_index,Canada,1960-02-01,27.3,0.3676470588235281,1960-03-21,https://www150.statcan.gc.ca/t1/tbl1/en/tv.action?pid=1810000401,2026-10-04
cpi_rent_index,Canada,1960-03-01,27.4,0.7352941176470562,1960-04-21,https://www150.statcan.gc.ca/t1/tbl1/en/tv.action?pid=1810000401,2026-10-04
cpi_rent_index,Canada,1960-04-01,27.4,0.7352941176470562,1960-05-21,https://www150.statcan.gc.ca/t1/tbl1/en/tv.action?pid=1810000401,2026-10-04
cpi_rent_index,Canada,1960-05-01,27.4,0.7352941176470562,1960-06-21,https://www150.statcan.gc.ca/t1/tbl1/en/tv.action?pid=1810000401,2026-10-04
cpi_rent_index,Canada,1960-06-01,27.5,0.73260073260073,1960-07-21,https://www150.statcan.gc.ca/t1/tbl1/en/tv.action?pid=1810000401,2026-10-04
cpi_rent_index,Canada,1960-07-01,27.5,0.73260073260073,1960-08-21,https://www150.statcan.gc.ca/t1/tbl1/en/tv.action?pid=1810000401,2026-10-04
cpi_rent_index,Canada,1960-08-01,27.5,0.73260073260073,1960-09-21,https://www150.statcan.gc.ca/t1/tbl1/en/tv.action?pid=1810000401,2026-10-04
cpi_rent_index,Canada,1960-09-01,27.6,1.098901098901095,1960-10-21,https://www150.statcan.gc.ca/t1/tbl1/en/tv.action?pid=1810000401,2026-10-04
cpi_rent_index,Canada,1960-10-01,27.6,1.098901098901095,1960-11-21,https://www150.statcan.gc.ca/t1/tbl1/en/tv.action?pid=1810000401,2026-10-04
cpi_rent_index,Canada,1960-11-01,27.6,1.098901098901095,1960-12-21,https://www150.statcan.gc.ca/t1/tbl1/en/tv.action?pid=1810000401,2026-10-04
cpi_rent_index,Canada,1960-12-01,27.6,1.098901098901095,1961-01-21,https://www150.statcan.gc.ca/t1/tbl1/en/tv.action?pid=1810000401,2026-10-04
cpi_rent_index,Canada,1961-01-01,27.6,1.098901098901095,1961-02-21,https://www150.statcan.gc.ca/t1/tbl1/en/tv.action?pid=1810000401,2026-10-04
cpi_rent_index,Canada,1961-02-01,27.6,1.098901098901095,1961-03-21,https://www150.statcan.gc.ca/t1/tbl1/en/tv.action?pid=1810000401,2026-10-04
cpi_rent_index,Canada,1961-03-01,27.6,0.7299270072992803,1961-04-21,https://www150.statcan.gc.ca/t1/tbl1/en/tv.action?pid=1810000401,2026-10-04
cpi_rent_index,Canada,1961-04-01,27.6,0.7299270072992803,1961-05-21,https://www150.statcan.gc.ca/t1/tbl1/en/tv.action?pid=1810000401,2026-10-04
cpi_rent_index,Canada,1961-05-01,27.6,0.7299270072992803,1961-06-21,https://www150.statcan.gc.ca/t1/tbl1/en/tv.action?pid=1810000401,2026-10-04
cpi_rent_index,Canada,1961-06-01,27.6,0.363636363636366,1961-07-21,https://www150.statcan.gc.ca/t1/tbl1/en/tv.action?pid=1810000401,2026-10-04
cpi_rent_index,Canada,1961-07-01,27.6,0.363636363636366,1961-08-21,https://www150.statcan.gc.ca/t1/tbl1/en/tv.action?pid=1810000401,2026-10-04
cpi_rent_index,Canada,1961-08-01,27.6,0.363636363636366,1961-09-21,https://www150.statcan.gc.ca/t1/tbl1/en/tv.action?pid=1810000401,2026-10-04
cpi_rent_index,Canada,1961-09-01,27.6,0.0,1961-10-21,https://www150.statcan.gc.ca/t1/tbl1/en/tv.action?pid=1810000401,2026-10-04
cpi_rent_index,Canada,1961-10-01,27.6,0.0,1961-11-21,https://www150.statcan.gc.ca/t1/tbl1/en/tv.action?pid=1810000401,2026-10-04
cpi_rent_index,Canada,1961-11-01,27.6,0.0,1961-12-21,https://www150.statcan.gc.ca/t1/tbl1/en/tv.action?pid=1810000401,2026-10-04
cpi_rent_index,Canada,1961-12-01,27.6,0.0,1962-01-21,https://www150.statcan.gc.ca/t1/tbl1/en/tv.action?pid=1810000401,2026-10-04
cpi_rent_index,Canada,1962-01-01,27.6,0.0,1962-02-21,https://www150.statcan.gc.ca/t1/tbl1/en/tv.action?pid=1810000401,2026-10-04
cpi_rent_index,Canada,1962-02-01,27.6,0.0,1962-03-21,https://www150.statcan.gc.ca/t1/tbl1/en/tv.action?pid=1810000401,2026-10-04
cpi_rent_index,Canada,1962-03-01,27.6,0.0,1962-04-21,https://www150.statcan.gc.ca/t1/tbl1/en/tv.action?pid=1810000401,2026-10-04
cpi_rent_index,Canada,1962-04-01,27.6,0.0,1962-05-21,https://www150.statcan.gc.ca/t1/tbl1/en/tv.action?pid=1810000401,2026-10-04
cpi_rent_index,Canada,1962-05-01,27.6,0.0,1962-06-21,https://www150.statcan.gc.ca/t1/tbl1/en/tv.action?pid=1810000401,2026-10-04
cpi_rent_index,Canada,1962-06-01,27.6,0.0,1962-07-21,https://www150.statcan.gc.ca/t1/tbl1/en/tv.action?pid=1810000401,2026-10-04
cpi_rent_index,Canada,1962-07-01,27.6,0.0,1962-08-21,https://www150.statcan.gc.ca/t1/tbl1/en/tv.action?pid=1810000401,2026-10-04
cpi_rent_index,Canada,1962-08-01,27.6,0.0,1962-09-21,https://www150.statcan.gc.ca/t1/tbl1/en/tv.action?pid=1810000401,2026-10-04
cpi_rent_index,Canada,1962-09-01,27.6,0.0,1962-10-21,https://www150.statcan.gc.ca/t1/tbl1/en/tv.action?pid=1810000401,2026-10-04
cpi_rent_index,Canada,1962-10-01,27.6,0.0,1962-11-21,https://www150.statcan.gc.ca/t1/tbl1/en/tv.action?pid=1810000401,2026-10-04
cpi_rent_index,Canada,1962-11-01,27.6,0.0,1962-12-21,https://www150.statcan.gc.ca/t1/tbl1/en/tv.action?pid=1810000401,2026-10-04
cpi_rent_index,Canada,1962-12-01,27.6,0.0,1963-01-21,https://www150.statcan.gc.ca/t1/tbl1/en/tv.action?pid=1810000401,2026-10-04
cpi_rent_index,Canada,1963-01-01,27.6,0.0,1963-02-21,https://www150.statcan.gc.ca/t1/tbl1/en/tv.action?pid=1810000401,2026-10-04
cpi_rent_index,Canada,1963-02-01,27.6,0.0,1963-03-21,https://www150.statcan.gc.ca/t1/tbl1/en/tv.action?pid=1810000401,2026-10-04
cpi_rent_index,Canada,1963-03-01,27.6,0.0,1963-04-21,https://www150.statcan.gc.ca/t1/tbl1/en/tv.action?pid=1810000401,2026-10-04
cpi_rent_index,Canada,1963-04-01,27.6,0.0,1963-05-21,https://www150.statcan.gc.ca/t1/tbl1/en/tv.action?pid=1810000401,2026-10-04
cpi_rent_index,Canada,1963-05-01,27.6,0.0,1963-06-21,https://www150.statcan.gc.ca/t1/tbl1/en/tv.action?pid=1810000401,2026-10-04
cpi_rent_index,Canada,1963-06-01,27.7,0.36231884057971175,1963-07-21,https://www150.statcan.gc.ca/t1/tbl1/en/tv.action?pid=1810000401,2026-10-04
cpi_rent_index,Canada,1963-07-01,27.7,0.36231884057971175,1963-08-21,https://www150.statcan.gc.ca/t1/tbl1/en/tv.action?pid=1810000401,2026-10-04
cpi_rent_index,Canada,1963-08-01,27.7,0.36231884057971175,1963-09-21,https://www150.statcan.gc.ca/t1/tbl1/en/tv.action?pid=1810000401,2026-10-04
cpi_rent_index,Canada,1963-09-01,27.7,0.36231884057971175,1963-10-21,https://www150.statcan.gc.ca/t1/tbl1/en/tv.action?pid=1810000401,2026-10-04
cpi_rent_index,Canada,1963-10-01,27.7,0.36231884057971175,1963-11-21,https://www150.statcan.gc.ca/t1/tbl1/en/tv.action?pid=1810000401,2026-10-04
cpi_rent_index,Canada,1963-11-01,27.7,0.36231884057971175,1963-12-21,https://www150.statcan.gc.ca/t1/tbl1/en/tv.action?pid=1810000401,2026-10-04
cpi_rent_index,Canada,1963-12-01,27.7,0.36231884057971175,1964-01-21,https://www150.statcan.gc.ca/t1/tbl1/en/tv.action?pid=1810000401,2026-10-04
cpi_rent_index,Canada,1964-01-01,27.7,0.36231884057971175,1964-02-21,https://www150.statcan.gc.ca/t1/tbl1/en/tv.action?pid=1810000401,2026-10-04
cpi_rent_index,Canada,1964-02-01,27.7,0.36231884057971175,1964-03-21,https://www150.statcan.gc.ca/t1/tbl1/en/tv.action?pid=1810000401,2026-10-04
cpi_rent_index,Canada,1964-03-01,27.7,0.36231884057971175,1964-04-21,https://www150.statcan.gc.ca/t1/tbl1/en/tv.action?pid=1810000401,2026-10-04
cpi_rent_index,Canada,1964-04-01,27.7,0.36231884057971175,1964-05-21,https://www150.statcan.gc.ca/t1/tbl1/en/tv.action?pid=1810000401,2026-10-04
cpi_rent_index,Canada,1964-05-01,27.7,0.36231884057971175,1964-06-21,https://www150.statcan.gc.ca/t1/tbl1/en/tv.action?pid=1810000401,2026-10-04
cpi_rent_index,Canada,1964-06-01,27.8,0.3610108303249149,1964-07-21,https://www150.statcan.gc.ca/t1/tbl1/en/tv.action?pid=1810000401,2026-10-04
cpi_rent_index,Canada,1964-07-01,27.8,0.3610108303249149,1964-08-21,https://www150.statcan.gc.ca/t1/tbl1/en/tv.action?pid=1810000401,2026-10-04
cpi_rent_index,Canada,1964-08-01,27.8,0.3610108303249149,1964-09-21,https://www150.statcan.gc.ca/t1/tbl1/en/tv.action?pid=1810000401,2026-10-04
cpi_rent_index,Canada,1964-09-01,27.9,0.7220216606498076,1964-10-21,https://www150.statcan.gc.ca/t1/tbl1/en/tv.action?pid=1810000401,2026-10-04
cpi_rent_index,Canada,1964-10-01,27.9,0.7220216606498076,1964-11-21,https://www150.statcan.gc.ca/t1/tbl1/en/tv.action?pid=1810000401,2026-10-04
cpi_rent_index,Canada,1964-11-01,27.9,0.7220216606498076,1964-12-21,https://www150.statcan.gc.ca/t1/tbl1/en/tv.action?pid=1810000401,2026-10-04
cpi_rent_index,Canada,1964-12-01,27.9,0.7220216606498076,1965-01-21,https://www150.statcan.gc.ca/t1/tbl1/en/tv.action?pid=1810000401,2026-10-04
cpi_rent_index,Canada,1965-01-01,27.9,0.7220216606498076,1965-02-21,https://www150.statcan.gc.ca/t1/tbl1/en/tv.action?pid=1810000401,2026-10-04
cpi_rent_index,Canada,1965-02-01,27.9,0.7220216606498076,1965-03-21,https://www150.statcan.gc.ca/t1/tbl1/en/tv.action?pid=1810000401,2026-10-04
cpi_rent_index,Canada,1965-03-01,27.9,0.7220216606498076,1965-04-21,https://www150.statcan.gc.ca/t1/tbl1/en/tv.action?pid=1810000401,2026-10-04
cpi_rent_index,Canada,1965-04-01,27.9,0.7220216606498076,1965-05-21,https://www150.statcan.gc.ca/t1/tbl1/en/tv.action?pid=1810000401,2026-10-04
cpi_rent_index,Canada,1965-05-01,27.9,0.7220216606498076,1965-06-21,https://www150.statcan.gc.ca/t1/tbl1/en/tv.action?pid=1810000401,2026-10-04
cpi_rent_index,Canada,1965-06-01,27.9,0.3597122302158251,1965-07-21,https://www150.statcan.gc.ca/t1/tbl1/en/tv.action?pid=1810000401,2026-10-04
cpi_rent_index,Canada,1965-07-01,27.9,0.3597122302158251,1965-08-21,https://www150.statcan.gc.ca/t1/tbl1/en/tv.action?pid=1810000401,2026-10-04
cpi_rent_index,Canada,1965-08-01,27.9,0.3597122302158251,1965-09-21,https://www150.statcan.gc.ca/t1/tbl1/en/tv.action?pid=1810000401,2026-10-04
cpi_rent_index,Canada,1965-09-01,27.9,0.0,1965-10-21,https://www150.statcan.gc.ca/t1/tbl1/en/tv.action?pid=1810000401,2026-10-04
cpi_rent_index,Canada,1965-10-01,28.1,0.7168458781362075,1965-11-21,https://www150.statcan.gc.ca/t1/tbl1/en/tv.action?pid=1810000401,2026-10-04
cpi_rent_index,Canada,1965-11-01,28.1,0.7168458781362075,1965-12-21,https://www150.statcan.gc.ca/t1/tbl1/en/tv.action?pid=1810000401,2026-10-04
cpi_rent_index,Canada,1965-12-01,28.1,0.7168458781362075,1966-01-21,https://www150.statcan.gc.ca/t1/tbl1/en/tv.action?pid=1810000401,2026-10-04
cpi_rent_index,Canada,1966-01-01,28.2,1.0752688172043001,1966-02-21,https://www150.statcan.gc.ca/t1/tbl1/en/tv.action?pid=1810000401,2026-10-04
cpi_rent_index,Canada,1966-02-01,28.2,1.0752688172043001,1966-03-21,https://www150.statcan.gc.ca/t1/tbl1/en/tv.action?pid=1810000401,2026-10-04
cpi_rent_index,Canada,1966-03-01,28.2,1.0752688172043001,1966-04-21,https://www150.statcan.gc.ca/t1/tbl1/en/tv.action?pid=1810000401,2026-10-04
cpi_rent_index,Canada,1966-04-01,28.2,1.0752688172043001,1966-05-21,https://www150.statcan.gc.ca/t1/tbl1/en/tv.action?pid=1810000401,2026-10-04
cpi_rent_index,Canada,1966-05-01,28.3,1.433691756272415,1966-06-21,https://www150.statcan.gc.ca/t1/tbl1/en/tv.action?pid=1810000401,2026-10-04
cpi_rent_index,Canada,1966-06-01,28.3,1.433691756272415,1966-07-21,https://www150.statcan.gc.ca/t1/tbl1/en/tv.action?pid=1810000401,2026-10-04
cpi_rent_index,Canada,1966-07-01,28.4,1.7921146953405076,1966-08-21,https://www150.statcan.gc.ca/t1/tbl1/en/tv.action?pid=1810000401,2026-10-04
cpi_rent_index,Canada,1966-08-01,28.5,2.1505376344086002,1966-09-21,https://www150.statcan.gc.ca/t1/tbl1/en/tv.action?pid=1810000401,2026-10-04
cpi_rent_index,Canada,1966-09-01,28.5,2.1505376344086002,1966-10-21,https://www150.statcan.gc.ca/t1/tbl1/en/tv.action?pid=1810000401,2026-10-04
cpi_rent_index,Canada,1966-10-01,28.6,1.7793594306049876,1966-11-21,https://www150.statcan.gc.ca/t1/tbl1/en/tv.action?pid=1810000401,2026-10-04
cpi_rent_index,Canada,1966-11-01,28.7,2.1352313167259718,1966-12-21,https://www150.statcan.gc.ca/t1/tbl1/en/tv.action?pid=1810000401,2026-10-04
cpi_rent_index,Canada,1966-12-01,28.8,2.491103202846978,1967-01-21,https://www150.statcan.gc.ca/t1/tbl1/en/tv.action?pid=1810000401,2026-10-04
cpi_rent_index,Canada,1967-01-01,28.9,2.482269503546086,1967-02-21,https://www150.statcan.gc.ca/t1/tbl1/en/tv.action?pid=1810000401,2026-10-04
cpi_rent_index,Canada,1967-02-01,28.9,2.482269503546086,1967-03-21,https://www150.statcan.gc.ca/t1/tbl1/en/tv.action?pid=1810000401,2026-10-04
cpi_rent_index,Canada,1967-03-01,29.0,2.8368794326241176,1967-04-21,https://www150.statcan.gc.ca/t1/tbl1/en/tv.action?pid=1810000401,2026-10-04
cpi_rent_index,Canada,1967-04-01,29.0,2.8368794326241176,1967-05-21,https://www150.statcan.gc.ca/t1/tbl1/en/tv.action?pid=1810000401,2026-10-04
cpi_rent_index,Canada,1967-05-01,29.0,2.473498233215543,1967-06-21,https://www150.statcan.gc.ca/t1/tbl1/en/tv.action?pid=1810000401,2026-10-04
cpi_rent_index,Canada,1967-06-01,29.3,3.5335689045936425,1967-07-21,https://www150.statcan.gc.ca/t1/tbl1/en/tv.action?pid=1810000401,2026-10-04
cpi_rent_index,Canada,1967-07-01,29.5,3.8732394366197243,1967-08-21,https://www150.statcan.gc.ca/t1/tbl1/en/tv.action?pid=1810000401,2026-10-04
cpi_rent_index,Canada,1967-08-01,29.6,3.8596491228070295,1967-09-21,https://www150.statcan.gc.ca/t1/tbl1/en/tv.action?pid=1810000401,2026-10-04
cpi_rent_index,Canada,1967-09-01,29.6,3.8596491228070295,1967-10-21,https://www150.statcan.gc.ca/t1/tbl1/en/tv.action?pid=1810000401,2026-10-04
cpi_rent_index,Canada,1967-10-01,29.7,3.8461538461538325,1967-11-21,https://www150.statcan.gc.ca/t1/tbl1/en/tv.action?pid=1810000401,2026-10-04
cpi_rent_index,Canada,1967-11-01,29.9,4.181184668989535,1967-12-21,https://www150.statcan.gc.ca/t1/tbl1/en/tv.action?pid=1810000401,2026-10-04
cpi_rent_index,Canada,1967-12-01,30.0,4.166666666666674,1968-01-21,https://www150.statcan.gc.ca/t1/tbl1/en/tv.action?pid=1810000401,2026-10-04
cpi_rent_index,Canada,1968-01-01,30.0,3.806228373702436,1968-02-21,https://www150.statcan.gc.ca/t1/tbl1/en/tv.action?pid=1810000401,2026-10-04
cpi_rent_index,Canada,1968-02-01,30.1,4.152249134948116,1968-03-21,https://www150.statcan.gc.ca/t1/tbl1/en/tv.action?pid=1810000401,2026-10-04
cpi_rent_index,Canada,1968-03-01,30.2,4.137931034482767,1968-04-21,https://www150.statcan.gc.ca/t1/tbl1/en/tv.action?pid=1810000401,2026-10-04
cpi_rent_index,Canada,1968-04-01,30.3,4.482758620689653,1968-05-21,https://www150.statcan.gc.ca/t1/tbl1/en/tv.action?pid=1810000401,2026-10-04
cpi_rent_index,Canada,1968-05-01,30.3,4.482758620689653,1968-06-21,https://www150.statcan.gc.ca/t1/tbl1/en/tv.action?pid=1810000401,2026-10-04
cpi_rent_index,Canada,1968-06-01,30.6,4.436860068259385,1968-07-21,https://www150.statcan.gc.ca/t1/tbl1/en/tv.action?pid=1810000401,2026-10-04
cpi_rent_index,Canada,1968-07-01,30.7,4.067796610169494,1968-08-21,https://www150.statcan.gc.ca/t1/tbl1/en/tv.action?pid=1810000401,2026-10-04
cpi_rent_index,Canada,1968-08-01,30.8,4.054054054054057,1968-09-21,https://www150.statcan.gc.ca/t1/tbl1/en/tv.action?pid=1810000401,2026-10-04
cpi_rent_index,Canada,1968-09-01,30.9,4.391891891891886,1968-10-21,https://www150.statcan.gc.ca/t1/tbl1/en/tv.action?pid=1810000401,2026-10-04
cpi_rent_index,Canada,1968-10-01,31.0,4.3771043771043905,1968-11-21,https://www150.statcan.gc.ca/t1/tbl1/en/tv.action?pid=1810000401,2026-10-04
cpi_rent_index,Canada,1968-11-01,31.1,4.013377926421424,1968-12-21,https://www150.statcan.gc.ca/t1/tbl1/en/tv.action?pid=1810000401,2026-10-04
cpi_rent_index,Canada,1968-12-01,31.2,4.0000000000000036,1969-01-21,https://www150.statcan.gc.ca/t1/tbl1/en/tv.action?pid=1810000401,2026-10-04
cpi_rent_index,Canada,1969-01-01,31.3,4.333333333333345,1969-02-21,https://www150.statcan.gc.ca/t1/tbl1/en/tv.action?pid=1810000401,2026-10-04
cpi_rent_index,Canada,1969-02-01,31.3,3.9867109634551534,1969-03-21,https://www150.statcan.gc.ca/t1/tbl1/en/tv.action?pid=1810000401,2026-10-04
cpi_rent_index,Canada,1969-03-01,31.4,3.9735099337748325,1969-04-21,https://www150.statcan.gc.ca/t1/tbl1/en/tv.action?pid=1810000401,2026-10-04
cpi_rent_index,Canada,1969-04-01,31.4,3.630363036303619,1969-05-21,https://www150.statcan.gc.ca/t1/tbl1/en/tv.action?pid=1810000401,2026-10-04
cpi_rent_index,Canada,1969-05-01,31.5,3.960396039603964,1969-06-21,https://www150.statcan.gc.ca/t1/tbl1/en/tv.action?pid=1810000401,2026-10-04
cpi_rent_index,Canada,1969-06-01,31.8,3.9215686274509887,1969-07-21,https://www150.statcan.gc.ca/t1/tbl1/en/tv.action?pid=1810000401,2026-10-04
cpi_rent_index,Canada,1969-07-01,32.0,4.234527687296419,1969-08-21,https://www150.statcan.gc.ca/t1/tbl1/en/tv.action?pid=1810000401,2026-10-04
cpi_rent_index,Canada,1969-08-01,32.0,3.8961038961038863,1969-09-21,https://www150.statcan.gc.ca/t1/tbl1/en/tv.action?pid=1810000401,2026-10-04
cpi_rent_index,Canada,1969-09-01,32.2,4.207119741100329,1969-10-21,https://www150.statcan.gc.ca/t1/tbl1/en/tv.action?pid=1810000401,2026-10-04
cpi_rent_index,Canada,1969-10-01,32.2,3.8709677419354938,1969-11-21,https://www150.statcan.gc.ca/t1/tbl1/en/tv.action?pid=1810000401,2026-10-04
cpi_rent_index,Canada,1969-11-01,32.3,3.858520900321527,1969-12-21,https://www150.statcan.gc.ca/t1/tbl1/en/tv.action?pid=1810000401,2026-10-04
cpi_rent_index,Canada,1969-12-01,32.4,3.8461538461538547,1970-01-21,https://www150.statcan.gc.ca/t1/tbl1/en/tv.action?pid=1810000401,2026-10-04
cpi_rent_index,Canada,1970-01-01,32.5,3.833865814696491,1970-02-21,https://www150.statcan.gc.ca/t1/tbl1/en/tv.action?pid=1810000401,2026-10-04
cpi_rent_index,Canada,1970-02-01,32.5,3.833865814696491,1970-03-21,https://www150.statcan.gc.ca/t1/tbl1/en/tv.action?pid=1810000401,2026-10-04
cpi_rent_index,Canada,1970-03-01,32.7,4.140127388535042,1970-04-21,https://www150.statcan.gc.ca/t1/tbl1/en/tv.action?pid=1810000401,2026-10-04
cpi_rent_index,Canada,1970-04-01,32.7,4.140127388535042,1970-05-21,https://www150.statcan.gc.ca/t1/tbl1/en/tv.action?pid=1810000401,2026-10-04
cpi_rent_index,Canada,1970-05-01,32.7,3.809523809523818,1970-06-21,https://www150.statcan.gc.ca/t1/tbl1/en/tv.action?pid=1810000401,2026-10-04
cpi_rent_index,Canada,1970-06-01,32.9,3.459119496855334,1970-07-21,https://www150.statcan.gc.ca/t1/tbl1/en/tv.action?pid=1810000401,2026-10-04
cpi_rent_index,Canada,1970-07-01,33.0,3.125,1970-08-21,https://www150.statcan.gc.ca/t1/tbl1/en/tv.action?pid=1810000401,2026-10-04
cpi_rent_index,Canada,1970-08-01,33.0,3.125,1970-09-21,https://www150.statcan.gc.ca/t1/tbl1/en/tv.action?pid=1810000401,2026-10-04
cpi_rent_index,Canada,1970-09-01,33.0,2.4844720496894235,1970-10-21,https://www150.statcan.gc.ca/t1/tbl1/en/tv.action?pid=1810000401,2026-10-04
cpi_rent_index,Canada,1970-10-01,33.1,2.795031055900621,1970-11-21,https://www150.statcan.gc.ca/t1/tbl1/en/tv.action?pid=1810000401,2026-10-04
cpi_rent_index,Canada,1970-11-01,33.2,2.786377708978338,1970-12-21,https://www150.statcan.gc.ca/t1/tbl1/en/tv.action?pid=1810000401,2026-10-04
cpi_rent_index,Canada,1970-12-01,33.2,2.4691358024691468,1971-01-21,https://www150.statcan.gc.ca/t1/tbl1/en/tv.action?pid=1810000401,2026-10-04
cpi_rent_index,Canada,1971-01-01,33.2,2.153846153846173,1971-02-21,https://www150.statcan.gc.ca/t1/tbl1/en/tv.action?pid=1810000401,2026-10-04
cpi_rent_index,Canada,1971-02-01,33.3,2.4615384615384484,1971-03-21,https://www150.statcan.gc.ca/t1/tbl1/en/tv.action?pid=1810000401,2026-10-04
cpi_rent_index,Canada,1971-03-01,33.3,1.83486238532109,1971-04-21,https://www150.statcan.gc.ca/t1/tbl1/en/tv.action?pid=1810000401,2026-10-04
cpi_rent_index,Canada,1971-04-01,33.3,1.83486238532109,1971-05-21,https://www150.statcan.gc.ca/t1/tbl1/en/tv.action?pid=1810000401,2026-10-04
cpi_rent_index,Canada,1971-05-01,33.4,2.1406727828745975,1971-06-21,https://www150.statcan.gc.ca/t1/tbl1/en/tv.action?pid=1810000401,2026-10-04
cpi_rent_index,Canada,1971-06-01,33.4,1.5197568389057725,1971-07-21,https://www150.statcan.gc.ca/t1/tbl1/en/tv.action?pid=1810000401,2026-10-04
cpi_rent_index,Canada,1971-07-01,33.4,1.2121212121211977,1971-08-21,https://www150.statcan.gc.ca/t1/tbl1/en/tv.action?pid=1810000401,2026-10-04
cpi_rent_index,Canada,1971-08-01,33.5,1.5151515151515138,1971-09-21,https://www150.statcan.gc.ca/t1/tbl1/en/tv.action?pid=1810000401,2026-10-04
cpi_rent_index,Canada,1971-09-01,33.5,1.5151515151515138,1971-10-21,https://www150.statcan.gc.ca/t1/tbl1/en/tv.action?pid=1810000401,2026-10-04
cpi_rent_index,Canada,1971-10-01,33.5,1.2084592145015005,1971-11-21,https://www150.statcan.gc.ca/t1/tbl1/en/tv.action?pid=1810000401,2026-10-04
cpi_rent_index,Canada,1971-11-01,33.5,0.9036144578313143,1971-12-21,https://www150.statcan.gc.ca/t1/tbl1/en/tv.action?pid=1810000401,2026-10-04
cpi_rent_index,Canada,1971-12-01,33.6,1.2048192771084265,1972-01-21,https://www150.statcan.gc.ca/t1/tbl1/en/tv.action?pid=1810000401,2026-10-04
cpi_rent_index,Canada,1972-01-01,33.7,1.5060240963855387,1972-02-21,https://www150.statcan.gc.ca/t1/tbl1/en/tv.action?pid=1810000401,2026-10-04
cpi_rent_index,Canada,1972-02-01,33.7,1.2012012012012185,1972-03-21,https://www150.statcan.gc.ca/t1/tbl1/en/tv.action?pid=1810000401,2026-10-04
cpi_rent_index,Canada,1972-03-01,33.7,1.2012012012012185,1972-04-21,https://www150.statcan.gc.ca/t1/tbl1/en/tv.action?pid=1810000401,2026-10-04
cpi_rent_index,Canada,1972-04-01,33.7,1.2012012012012185,1972-05-21,https://www150.statcan.gc.ca/t1/tbl1/en/tv.action?pid=1810000401,2026-10-04
cpi_rent_index,Canada,1972-05-01,33.7,0.8982035928143839,1972-06-21,https://www150.statcan.gc.ca/t1/tbl1/en/tv.action?pid=1810000401,2026-10-04
cpi_rent_index,Canada,1972-06-01,33.7,0.8982035928143839,1972-07-21,https://www150.statcan.gc.ca/t1/tbl1/en/tv.action?pid=1810000401,2026-10-04
cpi_rent_index,Canada,1972-07-01,33.8,1.197604790419149,1972-08-21,https://www150.statcan.gc.ca/t1/tbl1/en/tv.action?pid=1810000401,2026-10-04
cpi_rent_index,Canada,1972-08-01,33.8,0.8955223880596996,1972-09-21,https://www150.statcan.gc.ca/t1/tbl1/en/tv.action?pid=1810000401,2026-10-04
cpi_rent_index,Canada,1972-09-01,33.9,1.1940298507462588,1972-10-21,https://www150.statcan.gc.ca/t1/tbl1/en/tv.action?pid=1810000401,2026-10-04
cpi_rent_index,Canada,1972-10-01,33.9,1.1940298507462588,1972-11-21,https://www150.statcan.gc.ca/t1/tbl1/en/tv.action?pid=1810000401,2026-10-04
cpi_rent_index,Canada,1972-11-01,33.9,1.1940298507462588,1972-12-21,https://www150.statcan.gc.ca/t1/tbl1/en/tv.action?pid=1810000401,2026-10-04
cpi_rent_index,Canada,1972-12-01,34.1,1.4880952380952328,1973-01-21,https://www150.statcan.gc.ca/t1/tbl1/en/tv.action?pid=1810000401,2026-10-04
cpi_rent_index,Canada,1973-01-01,34.1,1.1869436201780381,1973-02-21,https://www150.statcan.gc.ca/t1/tbl1/en/tv.action?pid=1810000401,2026-10-04
cpi_rent_index,Canada,1973-02-01,34.1,1.1869436201780381,1973-03-21,https://www150.statcan.gc.ca/t1/tbl1/en/tv.action?pid=1810000401,2026-10-04
cpi_rent_index,Canada,1973-03-01,34.1,1.1869436201780381,1973-04-21,https://www150.statcan.gc.ca/t1/tbl1/en/tv.action?pid=1810000401,2026-10-04
cpi_rent_index,Canada,1973-04-01,34.1,1.1869436201780381,1973-05-21,https://www150.statcan.gc.ca/t1/tbl1/en/tv.action?pid=1810000401,2026-10-04
cpi_rent_index,Canada,1973-05-01,34.1,1.1869436201780381,1973-06-21,https://www150.statcan.gc.ca/t1/tbl1/en/tv.action?pid=1810000401,2026-10-04
cpi_rent_index,Canada,1973-06-01,34.3,1.780415430267035,1973-07-21,https://www150.statcan.gc.ca/t1/tbl1/en/tv.action?pid=1810000401,2026-10-04
cpi_rent_index,Canada,1973-07-01,34.3,1.4792899408283988,1973-08-21,https://www150.statcan.gc.ca/t1/tbl1/en/tv.action?pid=1810000401,2026-10-04
cpi_rent_index,Canada,1973-08-01,34.3,1.4792899408283988,1973-09-21,https://www150.statcan.gc.ca/t1/tbl1/en/tv.action?pid=1810000401,2026-10-04
cpi_rent_index,Canada,1973-09-01,34.3,1.179941002949847,1973-10-21,https://www150.statcan.gc.ca/t1/tbl1/en/tv.action?pid=1810000401,2026-10-04
cpi_rent_index,Canada,1973-10-01,34.5,1.7699115044247815,1973-11-21,https://www150.statcan.gc.ca/t1/tbl1/en/tv.action?pid=1810000401,2026-10-04
cpi_rent_index,Canada,1973-11-01,34.5,1.7699115044247815,1973-12-21,https://www150.statcan.gc.ca/t1/tbl1/en/tv.action?pid=1810000401,2026-10-04
cpi_rent_index,Canada,1973-12-01,34.6,1.4662756598240456,1974-01-21,https://www150.statcan.gc.ca/t1/tbl1/en/tv.action?pid=1810000401,2026-10-04
cpi_rent_index,Canada,1974-01-01,34.6,1.4662756598240456,1974-02-21,https://www150.statcan.gc.ca/t1/tbl1/en/tv.action?pid=1810000401,2026-10-04
cpi_rent_index,Canada,1974-02-01,34.7,1.7595307917888547,1974-03-21,https://www150.statcan.gc.ca/t1/tbl1/en/tv.action?pid=1810000401,2026-10-04
cpi_rent_index,Canada,1974-03-01,34.7,1.7595307917888547,1974-04-21,https://www150.statcan.gc.ca/t1/tbl1/en/tv.action?pid=1810000401,2026-10-04
cpi_rent_index,Canada,1974-04-01,34.8,2.052785923753664,1974-05-21,https://www150.statcan.gc.ca/t1/tbl1/en/tv.action?pid=1810000401,2026-10-04
cpi_rent_index,Canada,1974-05-01,34.8,2.052785923753664,1974-06-21,https://www150.statcan.gc.ca/t1/tbl1/en/tv.action?pid=1810000401,2026-10-04
cpi_rent_index,Canada,1974-06-01,35.2,2.6239067055393805,1974-07-21,https://www150.statcan.gc.ca/t1/tbl1/en/tv.action?pid=1810000401,2026-10-04
cpi_rent_index,Canada,1974-07-01,35.4,3.206997084548102,1974-08-21,https://www150.statcan.gc.ca/t1/tbl1/en/tv.action?pid=1810000401,2026-10-04
cpi_rent_index,Canada,1974-08-01,35.4,3.206997084548102,1974-09-21,https://www150.statcan.gc.ca/t1/tbl1/en/tv.action?pid=1810000401,2026-10-04
cpi_rent_index,Canada,1974-09-01,35.5,3.498542274052485,1974-10-21,https://www150.statcan.gc.ca/t1/tbl1/en/tv.action?pid=1810000401,2026-10-04
cpi_rent_index,Canada,1974-10-01,35.7,3.4782608695652195,1974-11-21,https://www150.statcan.gc.ca/t1/tbl1/en/tv.action?pid=1810000401,2026-10-04
cpi_rent_index,Canada,1974-11-01,35.9,4.057971014492745,1974-12-21,https://www150.statcan.gc.ca/t1/tbl1/en/tv.action?pid=1810000401,2026-10-04
cpi_rent_index,Canada,1974-12-01,36.0,4.046242774566466,1975-01-21,https://www150.statcan.gc.ca/t1/tbl1/en/tv.action?pid=1810000401,2026-10-04
cpi_rent_index,Canada,1975-01-01,36.1,4.335260115606943,1975-02-21,https://www150.statcan.gc.ca/t1/tbl1/en/tv.action?pid=1810000401,2026-10-04
cpi_rent_index,Canada,1975-02-01,36.1,4.034582132564846,1975-03-21,https://www150.statcan.gc.ca/t1/tbl1/en/tv.action?pid=1810000401,2026-10-04
cpi_rent_index,Canada,1975-03-01,36.3,4.610951008645525,1975-04-21,https://www150.statcan.gc.ca/t1/tbl1/en/tv.action?pid=1810000401,2026-10-04
cpi_rent_index,Canada,1975-04-01,36.4,4.597701149425282,1975-05-21,https://www150.statcan.gc.ca/t1/tbl1/en/tv.action?pid=1810000401,2026-10-04
cpi_rent_index,Canada,1975-05-01,36.6,5.17241379310347,1975-06-21,https://www150.statcan.gc.ca/t1/tbl1/en/tv.action?pid=1810000401,2026-10-04
cpi_rent_index,Canada,1975-06-01,36.9,4.829545454545436,1975-07-21,https://www150.statcan.gc.ca/t1/tbl1/en/tv.action?pid=1810000401,2026-10-04
cpi_rent_index,Canada,1975-07-01,37.1,4.8022598870056665,1975-08-21,https://www150.statcan.gc.ca/t1/tbl1/en/tv.action?pid=1810000401,2026-10-04
cpi_rent_index,Canada,1975-08-01,37.4,5.649717514124286,1975-09-21,https://www150.statcan.gc.ca/t1/tbl1/en/tv.action?pid=1810000401,2026-10-04
cpi_rent_index,Canada,1975-09-01,37.7,6.197183098591563,1975-10-21,https://www150.statcan.gc.ca/t1/tbl1/en/tv.action?pid=1810000401,2026-10-04
cpi_rent_index,Canada,1975-10-01,38.1,6.72268907563025,1975-11-21,https://www150.statcan.gc.ca/t1/tbl1/en/tv.action?pid=1810000401,2026-10-04
cpi_rent_index,Canada,1975-11-01,38.2,6.4066852367688165,1975-12-21,https://www150.statcan.gc.ca/t1/tbl1/en/tv.action?pid=1810000401,2026-10-04
cpi_rent_index,Canada,1975-12-01,38.4,6.666666666666665,1976-01-21,https://www150.statcan.gc.ca/t1/tbl1/en/tv.action?pid=1810000401,2026-10-04
cpi_rent_index,Canada,1976-01-01,38.7,7.202216066481992,1976-02-21,https://www150.statcan.gc.ca/t1/tbl1/en/tv.action?pid=1810000401,2026-10-04
cpi_rent_index,Canada,1976-02-01,38.9,7.756232686980602,1976-03-21,https://www150.statcan.gc.ca/t1/tbl1/en/tv.action?pid=1810000401,2026-10-04
cpi_rent_index,Canada,1976-03-01,39.1,7.713498622589543,1976-04-21,https://www150.statcan.gc.ca/t1/tbl1/en/tv.action?pid=1810000401,2026-10-04
cpi_rent_index,Canada,1976-04-01,39.1,7.417582417582436,1976-05-21,https://www150.statcan.gc.ca/t1/tbl1/en/tv.action?pid=1810000401,2026-10-04
cpi_rent_index,Canada,1976-05-01,39.2,7.10382513661203,1976-06-21,https://www150.statcan.gc.ca/t1/tbl1/en/tv.action?pid=1810000401,2026-10-04
cpi_rent_index,Canada,1976-06-01,39.4,6.77506775067751,1976-07-21,https://www150.statcan.gc.ca/t1/tbl1/en/tv.action?pid=1810000401,2026-10-04
cpi_rent_index,Canada,1976-07-01,39.7,7.008086253369283,1976-08-21,https://www150.statcan.gc.ca/t1/tbl1/en/tv.action?pid=1810000401,2026-10-04
cpi_rent_index,Canada,1976-08-01,40.1,7.219251336898402,1976-09-21,https://www150.statcan.gc.ca/t1/tbl1/en/tv.action?pid=1810000401,2026-10-04
cpi_rent_index,Canada,1976-09-01,40.3,6.896551724137923,1976-10-21,https://www150.statcan.gc.ca/t1/tbl1/en/tv.action?pid=1810000401,2026-10-04
cpi_rent_index,Canada,1976-10-01,40.5,6.299212598425186,1976-11-21,https://www150.statcan.gc.ca/t1/tbl1/en/tv.action?pid=1810000401,2026-10-04
cpi_rent_index,Canada,1976-11-01,40.8,6.806282722513068,1976-12-21,https://www150.statcan.gc.ca/t1/tbl1/en/tv.action?pid=1810000401,2026-10-04
cpi_rent_index,Canada,1976-12-01,40.9,6.510416666666674,1977-01-21,https://www150.statcan.gc.ca/t1/tbl1/en/tv.action?pid=1810000401,2026-10-04
cpi_rent_index,Canada,1977-01-01,41.0,5.943152454780365,1977-02-21,https://www150.statcan.gc.ca/t1/tbl1/en/tv.action?pid=1810000401,2026-10-04
cpi_rent_index,Canada,1977-02-01,41.3,6.169665809768632,1977-03-21,https://www150.statcan.gc.ca/t1/tbl1/en/tv.action?pid=1810000401,2026-10-04
cpi_rent_index,Canada,1977-03-01,41.5,6.13810741687979,1977-04-21,https://www150.statcan.gc.ca/t1/tbl1/en/tv.action?pid=1810000401,2026-10-04
cpi_rent_index,Canada,1977-04-01,41.6,6.39386189258313,1977-05-21,https://www150.statcan.gc.ca/t1/tbl1/en/tv.action?pid=1810000401,2026-10-04
cpi_rent_index,Canada,1977-05-01,41.7,6.3775510204081565,1977-06-21,https://www150.statcan.gc.ca/t1/tbl1/en/tv.action?pid=1810000401,2026-10-04
cpi_rent_index,Canada,1977-06-01,41.9,6.345177664974622,1977-07-21,https://www150.statcan.gc.ca/t1/tbl1/en/tv.action?pid=1810000401,2026-10-04
cpi_rent_index,Canada,1977-07-01,42.1,6.045340050377823,1977-08-21,https://www150.statcan.gc.ca/t1/tbl1/en/tv.action?pid=1810000401,2026-10-04
cpi_rent_index,Canada,1977-08-01,42.6,6.234413965087282,1977-09-21,https://www150.statcan.gc.ca/t1/tbl1/en/tv.action?pid=1810000401,2026-10-04
cpi_rent_index,Canada,1977-09-01,42.8,6.203473945409432,1977-10-21,https://www150.statcan.gc.ca/t1/tbl1/en/tv.action?pid=1810000401,2026-10-04
cpi_rent_index,Canada,1977-10-01,43.1,6.419753086419755,1977-11-21,https://www150.statcan.gc.ca/t1/tbl1/en/tv.action?pid=1810000401,2026-10-04
cpi_rent_index,Canada,1977-11-01,43.3,6.127450980392157,1977-12-21,https://www150.statcan.gc.ca/t1/tbl1/en/tv.action?pid=1810000401,2026-10-04
cpi_rent_index,Canada,1977-12-01,43.3,5.867970660146704,1978-01-21,https://www150.statcan.gc.ca/t1/tbl1/en/tv.action?pid=1810000401,2026-10-04
cpi_rent_index,Canada,1978-01-01,43.5,6.0975609756097615,1978-02-21,https://www150.statcan.gc.ca/t1/tbl1/en/tv.action?pid=1810000401,2026-10-04
cpi_rent_index,Canada,1978-02-01,43.8,6.0532687651331685,1978-03-21,https://www150.statcan.gc.ca/t1/tbl1/en/tv.action?pid=1810000401,2026-10-04
cpi_rent_index,Canada,1978-03-01,43.9,5.783132530120483,1978-04-21,https://www150.statcan.gc.ca/t1/tbl1/en/tv.action?pid=1810000401,2026-10-04
cpi_rent_index,Canada,1978-04-01,43.9,5.528846153846145,1978-05-21,https://www150.statcan.gc.ca/t1/tbl1/en/tv.action?pid=1810000401,2026-10-04
cpi_rent_index,Canada,1978-05-01,44.0,5.515587529976007,1978-06-21,https://www150.statcan.gc.ca/t1/tbl1/en/tv.action?pid=1810000401,2026-10-04
cpi_rent_index,Canada,1978-06-01,44.2,5.489260143198105,1978-07-21,https://www150.statcan.gc.ca/t1/tbl1/en/tv.action?pid=1810000401,2026-10-04
cpi_rent_index,Canada,1978-07-01,44.3,5.2256532066508266,1978-08-21,https://www150.statcan.gc.ca/t1/tbl1/en/tv.action?pid=1810000401,2026-10-04
cpi_rent_index,Canada,1978-08-01,44.8,5.164319248826277,1978-09-21,https://www150.statcan.gc.ca/t1/tbl1/en/tv.action?pid=1810000401,2026-10-04
cpi_rent_index,Canada,1978-09-01,45.0,5.140186915887868,1978-10-21,https://www150.statcan.gc.ca/t1/tbl1/en/tv.action?pid=1810000401,2026-10-04
cpi_rent_index,Canada,1978-10-01,45.2,4.872389791183296,1978-11-21,https://www150.statcan.gc.ca/t1/tbl1/en/tv.action?pid=1810000401,2026-10-04
cpi_rent_index,Canada,1978-11-01,45.2,4.387990762124727,1978-12-21,https://www150.statcan.gc.ca/t1/tbl1/en/tv.action?pid=1810000401,2026-10-04
cpi_rent_index,Canada,1978-12-01,45.3,4.618937644341803,1979-01-21,https://www150.statcan.gc.ca/t1/tbl1/en/tv.action?pid=1810000401,2026-10-04
cpi_rent_index,Canada,1979-01-01,45.4,4.367816091954024,1979-02-21,https://www150.statcan.gc.ca/t1/tbl1/en/tv.action?pid=1810000401,2026-10-04
cpi_rent_index,Canada,1979-02-01,45.7,4.337899543378998,1979-03-21,https://www150.statcan.gc.ca/t1/tbl1/en/tv.action?pid=1810000401,2026-10-04
cpi_rent_index,Canada,1979-03-01,45.9,4.555808656036442,1979-04-21,https://www150.statcan.gc.ca/t1/tbl1/en/tv.action?pid=1810000401,2026-10-04
cpi_rent_index,Canada,1979-04-01,45.9,4.555808656036442,1979-05-21,https://www150.statcan.gc.ca/t1/tbl1/en/tv.action?pid=1810000401,2026-10-04
cpi_rent_index,Canada,1979-05-01,46.0,4.545454545454541,1979-06-21,https://www150.statcan.gc.ca/t1/tbl1/en/tv.action?pid=1810000401,2026-10-04
cpi_rent_index,Canada,1979-06-01,46.1,4.2986425339366585,1979-07-21,https://www150.statcan.gc.ca/t1/tbl1/en/tv.action?pid=1810000401,2026-10-04
cpi_rent_index,Canada,1979-07-01,46.2,4.288939051918739,1979-08-21,https://www150.statcan.gc.ca/t1/tbl1/en/tv.action?pid=1810000401,2026-10-04
cpi_rent_index,Canada,1979-08-01,46.7,4.241071428571441,1979-09-21,https://www150.statcan.gc.ca/t1/tbl1/en/tv.action?pid=1810000401,2026-10-04
cpi_rent_index,Canada,1979-09-01,46.9,4.222222222222216,1979-10-21,https://www150.statcan.gc.ca/t1/tbl1/en/tv.action?pid=1810000401,2026-10-04
cpi_rent_index,Canada,1979-10-01,47.1,4.2035398230088505,1979-11-21,https://www150.statcan.gc.ca/t1/tbl1/en/tv.action?pid=1810000401,2026-10-04
cpi_rent_index,Canada,1979-11-01,47.2,4.424778761061954,1979-12-21,https://www150.statcan.gc.ca/t1/tbl1/en/tv.action?pid=1810000401,2026-10-04
cpi_rent_index,Canada,1979-12-01,47.3,4.415011037527594,1980-01-21,https://www150.statcan.gc.ca/t1/tbl1/en/tv.action?pid=1810000401,2026-10-04
cpi_rent_index,Canada,1980-01-01,47.4,4.405286343612325,1980-02-21,https://www150.statcan.gc.ca/t1/tbl1/en/tv.action?pid=1810000401,2026-10-04
cpi_rent_index,Canada,1980-02-01,47.7,4.37636761487965,1980-03-21,https://www150.statcan.gc.ca/t1/tbl1/en/tv.action?pid=1810000401,2026-10-04
cpi_rent_index,Canada,1980-03-01,47.8,4.139433551198257,1980-04-21,https://www150.statcan.gc.ca/t1/tbl1/en/tv.action?pid=1810000401,2026-10-04
cpi_rent_index,Canada,1980-04-01,47.9,4.357298474945526,1980-05-21,https://www150.statcan.gc.ca/t1/tbl1/en/tv.action?pid=1810000401,2026-10-04
cpi_rent_index,Canada,1980-05-01,48.0,4.347826086956519,1980-06-21,https://www150.statcan.gc.ca/t1/tbl1/en/tv.action?pid=1810000401,2026-10-04
cpi_rent_index,Canada,1980-06-01,48.2,4.5553145336225676,1980-07-21,https://www150.statcan.gc.ca/t1/tbl1/en/tv.action?pid=1810000401,2026-10-04
cpi_rent_index,Canada,1980-07-01,48.3,4.545454545454541,1980-08-21,https://www150.statcan.gc.ca/t1/tbl1/en/tv.action?pid=1810000401,2026-10-04
cpi_rent_index,Canada,1980-08-01,49.1,5.139186295503206,1980-09-21,https://www150.statcan.gc.ca/t1/tbl1/en/tv.action?pid=1810000401,2026-10-04
cpi_rent_index,Canada,1980-09-01,49.3,5.117270788912576,1980-10-21,https://www150.statcan.gc.ca/t1/tbl1/en/tv.action?pid=1810000401,2026-10-04
cpi_rent_index,Canada,1980-10-01,49.6,5.307855626326963,1980-11-21,https://www150.statcan.gc.ca/t1/tbl1/en/tv.action?pid=1810000401,2026-10-04
cpi_rent_index,Canada,1980-11-01,49.8,5.508474576271172,1980-12-21,https://www150.statcan.gc.ca/t1/tbl1/en/tv.action?pid=1810000401,2026-10-04
cpi_rent_index,Canada,1980-12-01,49.9,5.496828752642702,1981-01-21,https://www150.statcan.gc.ca/t1/tbl1/en/tv.action?pid=1810000401,2026-10-04
cpi_rent_index,Canada,1981-01-01,50.0,5.485232067510548,1981-02-21,https://www150.statcan.gc.ca/t1/tbl1/en/tv.action?pid=1810000401,2026-10-04
cpi_rent_index,Canada,1981-02-01,50.4,5.660377358490565,1981-03-21,https://www150.statcan.gc.ca/t1/tbl1/en/tv.action?pid=1810000401,2026-10-04
cpi_rent_index,Canada,1981-03-01,50.5,5.648535564853563,1981-04-21,https://www150.statcan.gc.ca/t1/tbl1/en/tv.action?pid=1810000401,2026-10-04
cpi_rent_index,Canada,1981-04-01,50.7,5.845511482254717,1981-05-21,https://www150.statcan.gc.ca/t1/tbl1/en/tv.action?pid=1810000401,2026-10-04
cpi_rent_index,Canada,1981-05-01,51.0,6.25,1981-06-21,https://www150.statcan.gc.ca/t1/tbl1/en/tv.action?pid=1810000401,2026-10-04
cpi_rent_index,Canada,1981-06-01,51.2,6.224066390041494,1981-07-21,https://www150.statcan.gc.ca/t1/tbl1/en/tv.action?pid=1810000401,2026-10-04
cpi_rent_index,Canada,1981-07-01,51.4,6.418219461697716,1981-08-21,https://www150.statcan.gc.ca/t1/tbl1/en/tv.action?pid=1810000401,2026-10-04
cpi_rent_index,Canada,1981-08-01,52.4,6.720977596741329,1981-09-21,https://www150.statcan.gc.ca/t1/tbl1/en/tv.action?pid=1810000401,2026-10-04
cpi_rent_index,Canada,1981-09-01,52.6,6.693711967545646,1981-10-21,https://www150.statcan.gc.ca/t1/tbl1/en/tv.action?pid=1810000401,2026-10-04
cpi_rent_index,Canada,1981-10-01,53.0,6.854838709677424,1981-11-21,https://www150.statcan.gc.ca/t1/tbl1/en/tv.action?pid=1810000401,2026-10-04
cpi_rent_index,Canada,1981-11-01,53.5,7.429718875502012,1981-12-21,https://www150.statcan.gc.ca/t1/tbl1/en/tv.action?pid=1810000401,2026-10-04
cpi_rent_index,Canada,1981-12-01,53.7,7.615230460921851,1982-01-21,https://www150.statcan.gc.ca/t1/tbl1/en/tv.action?pid=1810000401,2026-10-04
cpi_rent_index,Canada,1982-01-01,53.9,7.800000000000007,1982-02-21,https://www150.statcan.gc.ca/t1/tbl1/en/tv.action?pid=1810000401,2026-10-04
cpi_rent_index,Canada,1982-02-01,54.3,7.738095238095233,1982-03-21,https://www150.statcan.gc.ca/t1/tbl1/en/tv.action?pid=1810000401,2026-10-04
cpi_rent_index,Canada,1982-03-01,54.6,8.118811881188126,1982-04-21,https://www150.statcan.gc.ca/t1/tbl1/en/tv.action?pid=1810000401,2026-10-04
cpi_rent_index,Canada,1982-04-01,55.0,8.481262327416172,1982-05-21,https://www150.statcan.gc.ca/t1/tbl1/en/tv.action?pid=1810000401,2026-10-04
cpi_rent_index,Canada,1982-05-01,55.3,8.4313725490196,1982-06-21,https://www150.statcan.gc.ca/t1/tbl1/en/tv.action?pid=1810000401,2026-10-04
cpi_rent_index,Canada,1982-06-01,55.6,8.59375,1982-07-21,https://www150.statcan.gc.ca/t1/tbl1/en/tv.action?pid=1810000401,2026-10-04
cpi_rent_index,Canada,1982-07-01,55.9,8.754863813229562,1982-08-21,https://www150.statcan.gc.ca/t1/tbl1/en/tv.action?pid=1810000401,2026-10-04
cpi_rent_index,Canada,1982-08-01,57.4,9.541984732824439,1982-09-21,https://www150.statcan.gc.ca/t1/tbl1/en/tv.action?pid=1810000401,2026-10-04
cpi_rent_index,Canada,1982-09-01,58.0,10.266159695817478,1982-10-21,https://www150.statcan.gc.ca/t1/tbl1/en/tv.action?pid=1810000401,2026-10-04
cpi_rent_index,Canada,1982-10-01,58.4,10.188679245283016,1982-11-21,https://www150.statcan.gc.ca/t1/tbl1/en/tv.action?pid=1810000401,2026-10-04
cpi_rent_index,Canada,1982-11-01,58.8,9.906542056074752,1982-12-21,https://www150.statcan.gc.ca/t1/tbl1/en/tv.action?pid=1810000401,2026-10-04
cpi_rent_index,Canada,1982-12-01,58.9,9.683426443202968,1983-01-21,https://www150.statcan.gc.ca/t1/tbl1/en/tv.action?pid=1810000401,2026-10-04
cpi_rent_index,Canada,1983-01-01,59.1,9.64749536178109,1983-02-21,https://www150.statcan.gc.ca/t1/tbl1/en/tv.action?pid=1810000401,2026-10-04
cpi_rent_index,Canada,1983-02-01,59.4,9.392265193370175,1983-03-21,https://www150.statcan.gc.ca/t1/tbl1/en/tv.action?pid=1810000401,2026-10-04
cpi_rent_index,Canada,1983-03-01,59.5,8.974358974358964,1983-04-21,https://www150.statcan.gc.ca/t1/tbl1/en/tv.action?pid=1810000401,2026-10-04
cpi_rent_index,Canada,1983-04-01,59.7,8.545454545454545,1983-05-21,https://www150.statcan.gc.ca/t1/tbl1/en/tv.action?pid=1810000401,2026-10-04
cpi_rent_index,Canada,1983-05-01,59.8,8.137432188065109,1983-06-21,https://www150.statcan.gc.ca/t1/tbl1/en/tv.action?pid=1810000401,2026-10-04
cpi_rent_index,Canada,1983-06-01,60.1,8.093525179856108,1983-07-21,https://www150.statcan.gc.ca/t1/tbl1/en/tv.action?pid=1810000401,2026-10-04
cpi_rent_index,Canada,1983-07-01,60.2,7.692307692307709,1983-08-21,https://www150.statcan.gc.ca/t1/tbl1/en/tv.action?pid=1810000401,2026-10-04
cpi_rent_index,Canada,1983-08-01,61.3,6.794425087108014,1983-09-21,https://www150.statcan.gc.ca/t1/tbl1/en/tv.action?pid=1810000401,2026-10-04
cpi_rent_index,Canada,1983-09-01,61.5,6.034482758620685,1983-10-21,https://www150.statcan.gc.ca/t1/tbl1/en/tv.action?pid=1810000401,2026-10-04
cpi_rent_index,Canada,1983-10-01,61.8,5.821917808219168,1983-11-21,https://www150.statcan.gc.ca/t1/tbl1/en/tv.action?pid=1810000401,2026-10-04
cpi_rent_index,Canada,1983-11-01,62.2,5.7823129251700855,1983-12-21,https://www150.statcan.gc.ca/t1/tbl1/en/tv.action?pid=1810000401,2026-10-04
cpi_rent_index,Canada,1983-12-01,62.2,5.602716468590829,1984-01-21,https://www150.statcan.gc.ca/t1/tbl1/en/tv.action?pid=1810000401,2026-10-04
cpi_rent_index,Canada,1984-01-01,62.4,5.583756345177671,1984-02-21,https://www150.statcan.gc.ca/t1/tbl1/en/tv.action?pid=1810000401,2026-10-04
cpi_rent_index,Canada,1984-02-01,62.7,5.555555555555558,1984-03-21,https://www150.statcan.gc.ca/t1/tbl1/en/tv.action?pid=1810000401,2026-10-04
cpi_rent_index,Canada,1984-03-01,62.8,5.5462184873949605,1984-04-21,https://www150.statcan.gc.ca/t1/tbl1/en/tv.action?pid=1810000401,2026-10-04
cpi_rent_index,Canada,1984-04-01,62.9,5.36013400335007,1984-05-21,https://www150.statcan.gc.ca/t1/tbl1/en/tv.action?pid=1810000401,2026-10-04
cpi_rent_index,Canada,1984-05-01,63.1,5.518394648829439,1984-06-21,https://www150.statcan.gc.ca/t1/tbl1/en/tv.action?pid=1810000401,2026-10-04
cpi_rent_index,Canada,1984-06-01,63.2,5.15806988352745,1984-07-21,https://www150.statcan.gc.ca/t1/tbl1/en/tv.action?pid=1810000401,2026-10-04
cpi_rent_index,Canada,1984-07-01,63.5,5.481727574750828,1984-08-21,https://www150.statcan.gc.ca/t1/tbl1/en/tv.action?pid=1810000401,2026-10-04
cpi_rent_index,Canada,1984-08-01,64.1,4.567699836867867,1984-09-21,https://www150.statcan.gc.ca/t1/tbl1/en/tv.action?pid=1810000401,2026-10-04
cpi_rent_index,Canada,1984-09-01,64.4,4.715447154471564,1984-10-21,https://www150.statcan.gc.ca/t1/tbl1/en/tv.action?pid=1810000401,2026-10-04
cpi_rent_index,Canada,1984-10-01,64.6,4.53074433656957,1984-11-21,https://www150.statcan.gc.ca/t1/tbl1/en/tv.action?pid=1810000401,2026-10-04
cpi_rent_index,Canada,1984-11-01,64.8,4.1800643086816525,1984-12-21,https://www150.statcan.gc.ca/t1/tbl1/en/tv.action?pid=1810000401,2026-10-04
cpi_rent_index,Canada,1984-12-01,65.0,4.5016077170418,1985-01-21,https://www150.statcan.gc.ca/t1/tbl1/en/tv.action?pid=1810000401,2026-10-04
cpi_rent_index,Canada,1985-01-01,65.2,4.487179487179493,1985-02-21,https://www150.statcan.gc.ca/t1/tbl1/en/tv.action?pid=1810000401,2026-10-04
cpi_rent_index,Canada,1985-02-01,65.4,4.306220095693791,1985-03-21,https://www150.statcan.gc.ca/t1/tbl1/en/tv.action?pid=1810000401,2026-10-04
cpi_rent_index,Canada,1985-03-01,65.4,4.140127388535042,1985-04-21,https://www150.statcan.gc.ca/t1/tbl1/en/tv.action?pid=1810000401,2026-10-04
cpi_rent_index,Canada,1985-04-01,65.6,4.292527821939585,1985-05-21,https://www150.statcan.gc.ca/t1/tbl1/en/tv.action?pid=1810000401,2026-10-04
cpi_rent_index,Canada,1985-05-01,65.8,4.278922345483349,1985-06-21,https://www150.statcan.gc.ca/t1/tbl1/en/tv.action?pid=1810000401,2026-10-04
cpi_rent_index,Canada,1985-06-01,65.9,4.272151898734178,1985-07-21,https://www150.statcan.gc.ca/t1/tbl1/en/tv.action?pid=1810000401,2026-10-04
cpi_rent_index,Canada,1985-07-01,66.1,4.094488188976375,1985-08-21,https://www150.statcan.gc.ca/t1/tbl1/en/tv.action?pid=1810000401,2026-10-04
cpi_rent_index,Canada,1985-08-01,66.8,4.212168486739465,1985-09-21,https://www150.statcan.gc.ca/t1/tbl1/en/tv.action?pid=1810000401,2026-10-04
cpi_rent_index,Canada,1985-09-01,67.0,4.0372670807453215,1985-10-21,https://www150.statcan.gc.ca/t1/tbl1/en/tv.action?pid=1810000401,2026-10-04
cpi_rent_index,Canada,1985-10-01,67.3,4.179566563467496,1985-11-21,https://www150.statcan.gc.ca/t1/tbl1/en/tv.action?pid=1810000401,2026-10-04
cpi_rent_index,Canada,1985-11-01,67.5,4.166666666666674,1985-12-21,https://www150.statcan.gc.ca/t1/tbl1/en/tv.action?pid=1810000401,2026-10-04
cpi_rent_index,Canada,1985-12-01,67.7,4.153846153846152,1986-01-21,https://www150.statcan.gc.ca/t1/tbl1/en/tv.action?pid=1810000401,2026-10-04
cpi_rent_index,Canada,1986-01-01,67.9,4.141104294478537,1986-02-21,https://www150.statcan.gc.ca/t1/tbl1/en/tv.action?pid=1810000401,2026-10-04
cpi_rent_index,Canada,1986-02-01,68.1,4.128440366972463,1986-03-21,https://www150.statcan.gc.ca/t1/tbl1/en/tv.action?pid=1810000401,2026-10-04
cpi_rent_index,Canada,1986-03-01,68.2,4.281345565749239,1986-04-21,https://www150.statcan.gc.ca/t1/tbl1/en/tv.action?pid=1810000401,2026-10-04
cpi_rent_index,Canada,1986-04-01,68.3,4.115853658536595,1986-05-21,https://www150.statcan.gc.ca/t1/tbl1/en/tv.action?pid=1810000401,2026-10-04
cpi_rent_index,Canada,1986-05-01,68.6,4.255319148936176,1986-06-21,https://www150.statcan.gc.ca/t1/tbl1/en/tv.action?pid=1810000401,2026-10-04
cpi_rent_index,Canada,1986-06-01,68.7,4.248861911987856,1986-07-21,https://www150.statcan.gc.ca/t1/tbl1/en/tv.action?pid=1810000401,2026-10-04
cpi_rent_index,Canada,1986-07-01,68.9,4.2360060514372355,1986-08-21,https://www150.statcan.gc.ca/t1/tbl1/en/tv.action?pid=1810000401,2026-10-04
cpi_rent_index,Canada,1986-08-01,69.5,4.041916167664672,1986-09-21,https://www150.statcan.gc.ca/t1/tbl1/en/tv.action?pid=1810000401,2026-10-04
cpi_rent_index,Canada,1986-09-01,69.7,4.029850746268671,1986-10-21,https://www150.statcan.gc.ca/t1/tbl1/en/tv.action?pid=1810000401,2026-10-04
cpi_rent_index,Canada,1986-10-01,70.0,4.011887072808329,1986-11-21,https://www150.statcan.gc.ca/t1/tbl1/en/tv.action?pid=1810000401,2026-10-04
cpi_rent_index,Canada,1986-11-01,70.2,4.0000000000000036,1986-12-21,https://www150.statcan.gc.ca/t1/tbl1/en/tv.action?pid=1810000401,2026-10-04
cpi_rent_index,Canada,1986-12-01,70.3,3.840472673559825,1987-01-21,https://www150.statcan.gc.ca/t1/tbl1/en/tv.action?pid=1810000401,2026-10-04
cpi_rent_index,Canada,1987-01-01,70.5,3.8291605301914444,1987-02-21,https://www150.statcan.gc.ca/t1/tbl1/en/tv.action?pid=1810000401,2026-10-04
cpi_rent_index,Canada,1987-02-01,70.6,3.6710719530102853,1987-03-21,https://www150.statcan.gc.ca/t1/tbl1/en/tv.action?pid=1810000401,2026-10-04
cpi_rent_index,Canada,1987-03-01,70.8,3.8123167155425186,1987-04-21,https://www150.statcan.gc.ca/t1/tbl1/en/tv.action?pid=1810000401,2026-10-04
cpi_rent_index,Canada,1987-04-01,70.9,3.8067349926793614,1987-05-21,https://www150.statcan.gc.ca/t1/tbl1/en/tv.action?pid=1810000401,2026-10-04
cpi_rent_index,Canada,1987-05-01,71.1,3.6443148688046545,1987-06-21,https://www150.statcan.gc.ca/t1/tbl1/en/tv.action?pid=1810000401,2026-10-04
cpi_rent_index,Canada,1987-06-01,71.3,3.784570596797665,1987-07-21,https://www150.statcan.gc.ca/t1/tbl1/en/tv.action?pid=1810000401,2026-10-04
cpi_rent_index,Canada,1987-07-01,71.4,3.6284470246734424,1987-08-21,https://www150.statcan.gc.ca/t1/tbl1/en/tv.action?pid=1810000401,2026-10-04
cpi_rent_index,Canada,1987-08-01,72.0,3.597122302158273,1987-09-21,https://www150.statcan.gc.ca/t1/tbl1/en/tv.action?pid=1810000401,2026-10-04
cpi_rent_index,Canada,1987-09-01,72.2,3.5868005738880937,1987-10-21,https://www150.statcan.gc.ca/t1/tbl1/en/tv.action?pid=1810000401,2026-10-04
cpi_rent_index,Canada,1987-10-01,72.6,3.7142857142857144,1987-11-21,https://www150.statcan.gc.ca/t1/tbl1/en/tv.action?pid=1810000401,2026-10-04
cpi_rent_index,Canada,1987-11-01,72.6,3.4188034188034067,1987-12-21,https://www150.statcan.gc.ca/t1/tbl1/en/tv.action?pid=1810000401,2026-10-04
cpi_rent_index,Canada,1987-12-01,72.8,3.5561877667140918,1988-01-21,https://www150.statcan.gc.ca/t1/tbl1/en/tv.action?pid=1810000401,2026-10-04
cpi_rent_index,Canada,1988-01-01,73.0,3.546099290780136,1988-02-21,https://www150.statcan.gc.ca/t1/tbl1/en/tv.action?pid=1810000401,2026-10-04
cpi_rent_index,Canada,1988-02-01,73.2,3.682719546742219,1988-03-21,https://www150.statcan.gc.ca/t1/tbl1/en/tv.action?pid=1810000401,2026-10-04
cpi_rent_index,Canada,1988-03-01,73.3,3.5310734463276816,1988-04-21,https://www150.statcan.gc.ca/t1/tbl1/en/tv.action?pid=1810000401,2026-10-04
cpi_rent_index,Canada,1988-04-01,73.5,3.667136812411842,1988-05-21,https://www150.statcan.gc.ca/t1/tbl1/en/tv.action?pid=1810000401,2026-10-04
cpi_rent_index,Canada,1988-05-01,73.7,3.6568213783403802,1988-06-21,https://www150.statcan.gc.ca/t1/tbl1/en/tv.action?pid=1810000401,2026-10-04
cpi_rent_index,Canada,1988-06-01,73.9,3.6465638148667656,1988-07-21,https://www150.statcan.gc.ca/t1/tbl1/en/tv.action?pid=1810000401,2026-10-04
cpi_rent_index,Canada,1988-07-01,74.0,3.6414565826330403,1988-08-21,https://www150.statcan.gc.ca/t1/tbl1/en/tv.action?pid=1810000401,2026-10-04
cpi_rent_index,Canada,1988-08-01,75.0,4.166666666666674,1988-09-21,https://www150.statcan.gc.ca/t1/tbl1/en/tv.action?pid=1810000401,2026-10-04
cpi_rent_index,Canada,1988-09-01,75.4,4.432132963988922,1988-10-21,https://www150.statcan.gc.ca/t1/tbl1/en/tv.action?pid=1810000401,2026-10-04
cpi_rent_index,Canada,1988-10-01,75.8,4.40771349862259,1988-11-21,https://www150.statcan.gc.ca/t1/tbl1/en/tv.action?pid=1810000401,2026-10-04
cpi_rent_index,Canada,1988-11-01,76.0,4.683195592286515,1988-12-21,https://www150.statcan.gc.ca/t1/tbl1/en/tv.action?pid=1810000401,2026-10-04
cpi_rent_index,Canada,1988-12-01,76.4,4.94505494505495,1989-01-21,https://www150.statcan.gc.ca/t1/tbl1/en/tv.action?pid=1810000401,2026-10-04
cpi_rent_index,Canada,1989-01-01,76.6,4.93150684931507,1989-02-21,https://www150.statcan.gc.ca/t1/tbl1/en/tv.action?pid=1810000401,2026-10-04
cpi_rent_index,Canada,1989-02-01,77.0,5.191256830601088,1989-03-21,https://www150.statcan.gc.ca/t1/tbl1/en/tv.action?pid=1810000401,2026-10-04
cpi_rent_index,Canada,1989-03-01,77.1,5.184174624829474,1989-04-21,https://www150.statcan.gc.ca/t1/tbl1/en/tv.action?pid=1810000401,2026-10-04
cpi_rent_index,Canada,1989-04-01,77.4,5.306122448979589,1989-05-21,https://www150.statcan.gc.ca/t1/tbl1/en/tv.action?pid=1810000401,2026-10-04
cpi_rent_index,Canada,1989-05-01,77.8,5.563093622795101,1989-06-21,https://www150.statcan.gc.ca/t1/tbl1/en/tv.action?pid=1810000401,2026-10-04
cpi_rent_index,Canada,1989-06-01,78.1,5.683355886332864,1989-07-21,https://www150.statcan.gc.ca/t1/tbl1/en/tv.action?pid=1810000401,2026-10-04
cpi_rent_index,Canada,1989-07-01,78.4,5.945945945945952,1989-08-21,https://www150.statcan.gc.ca/t1/tbl1/en/tv.action?pid=1810000401,2026-10-04
cpi_rent_index,Canada,1989-08-01,79.1,5.466666666666664,1989-09-21,https://www150.statcan.gc.ca/t1/tbl1/en/tv.action?pid=1810000401,2026-10-04
cpi_rent_index,Canada,1989-09-01,79.4,5.305039787798416,1989-10-21,https://www150.statcan.gc.ca/t1/tbl1/en/tv.action?pid=1810000401,2026-10-04
cpi_rent_index,Canada,1989-10-01,79.7,5.145118733509246,1989-11-21,https://www150.statcan.gc.ca/t1/tbl1/en/tv.action?pid=1810000401,2026-10-04
cpi_rent_index,Canada,1989-11-01,79.8,5.000000000000004,1989-12-21,https://www150.statcan.gc.ca/t1/tbl1/en/tv.action?pid=1810000401,2026-10-04
cpi_rent_index,Canada,1989-12-01,80.0,4.712041884816753,1990-01-21,https://www150.statcan.gc.ca/t1/tbl1/en/tv.action?pid=1810000401,2026-10-04
cpi_rent_index,Canada,1990-01-01,80.1,4.569190600522188,1990-02-21,https://www150.statcan.gc.ca/t1/tbl1/en/tv.action?pid=1810000401,2026-10-04
cpi_rent_index,Canada,1990-02-01,80.4,4.415584415584428,1990-03-21,https://www150.statcan.gc.ca/t1/tbl1/en/tv.action?pid=1810000401,2026-10-04
cpi_rent_index,Canada,1990-03-01,80.6,4.5395590142671916,1990-04-21,https://www150.statcan.gc.ca/t1/tbl1/en/tv.action?pid=1810000401,2026-10-04
cpi_rent_index,Canada,1990-04-01,80.8,4.392764857881115,1990-05-21,https://www150.statcan.gc.ca/t1/tbl1/en/tv.action?pid=1810000401,2026-10-04
cpi_rent_index,Canada,1990-05-01,81.0,4.113110539845755,1990-06-21,https://www150.statcan.gc.ca/t1/tbl1/en/tv.action?pid=1810000401,2026-10-04
cpi_rent_index,Canada,1990-06-01,81.2,3.969270166453276,1990-07-21,https://www150.statcan.gc.ca/t1/tbl1/en/tv.action?pid=1810000401,2026-10-04
cpi_rent_index,Canada,1990-07-01,81.5,3.9540816326530503,1990-08-21,https://www150.statcan.gc.ca/t1/tbl1/en/tv.action?pid=1810000401,2026-10-04
cpi_rent_index,Canada,1990-08-01,82.1,3.792667509481662,1990-09-21,https://www150.statcan.gc.ca/t1/tbl1/en/tv.action?pid=1810000401,2026-10-04
cpi_rent_index,Canada,1990-09-01,82.3,3.652392947103267,1990-10-21,https://www150.statcan.gc.ca/t1/tbl1/en/tv.action?pid=1810000401,2026-10-04
cpi_rent_index,Canada,1990-10-01,82.6,3.638644918444145,1990-11-21,https://www150.statcan.gc.ca/t1/tbl1/en/tv.action?pid=1810000401,2026-10-04
cpi_rent_index,Canada,1990-11-01,82.9,3.884711779448624,1990-12-21,https://www150.statcan.gc.ca/t1/tbl1/en/tv.action?pid=1810000401,2026-10-04
cpi_rent_index,Canada,1990-12-01,83.0,3.750000000000009,1991-01-21,https://www150.statcan.gc.ca/t1/tbl1/en/tv.action?pid=1810000401,2026-10-04
cpi_rent_index,Canada,1991-01-01,83.1,3.7453183520599342,1991-02-21,https://www150.statcan.gc.ca/t1/tbl1/en/tv.action?pid=1810000401,2026-10-04
cpi_rent_index,Canada,1991-02-01,83.5,3.8557213930348277,1991-03-21,https://www150.statcan.gc.ca/t1/tbl1/en/tv.action?pid=1810000401,2026-10-04
cpi_rent_index,Canada,1991-03-01,83.6,3.7220843672456594,1991-04-21,https://www150.statcan.gc.ca/t1/tbl1/en/tv.action?pid=1810000401,2026-10-04
cpi_rent_index,Canada,1991-04-01,83.7,3.5891089108911034,1991-05-21,https://www150.statcan.gc.ca/t1/tbl1/en/tv.action?pid=1810000401,2026-10-04
cpi_rent_index,Canada,1991-05-01,83.9,3.580246913580254,1991-06-21,https://www150.statcan.gc.ca/t1/tbl1/en/tv.action?pid=1810000401,2026-10-04
cpi_rent_index,Canada,1991-06-01,84.1,3.5714285714285587,1991-07-21,https://www150.statcan.gc.ca/t1/tbl1/en/tv.action?pid=1810000401,2026-10-04
cpi_rent_index,Canada,1991-07-01,84.3,3.435582822085892,1991-08-21,https://www150.statcan.gc.ca/t1/tbl1/en/tv.action?pid=1810000401,2026-10-04
cpi_rent_index,Canada,1991-08-01,84.9,3.410475030450688,1991-09-21,https://www150.statcan.gc.ca/t1/tbl1/en/tv.action?pid=1810000401,2026-10-04
cpi_rent_index,Canada,1991-09-01,84.9,3.1591737545565213,1991-10-21,https://www150.statcan.gc.ca/t1/tbl1/en/tv.action?pid=1810000401,2026-10-04
cpi_rent_index,Canada,1991-10-01,85.2,3.14769975786926,1991-11-21,https://www150.statcan.gc.ca/t1/tbl1/en/tv.action?pid=1810000401,2026-10-04
cpi_rent_index,Canada,1991-11-01,85.4,3.0156815440289586,1991-12-21,https://www150.statcan.gc.ca/t1/tbl1/en/tv.action?pid=1810000401,2026-10-04
cpi_rent_index,Canada,1991-12-01,85.5,3.0120481927710774,1992-01-21,https://www150.statcan.gc.ca/t1/tbl1/en/tv.action?pid=1810000401,2026-10-04
cpi_rent_index,Canada,1992-01-01,85.6,3.0084235860409203,1992-02-21,https://www150.statcan.gc.ca/t1/tbl1/en/tv.action?pid=1810000401,2026-10-04
cpi_rent_index,Canada,1992-02-01,85.8,2.754491017964078,1992-03-21,https://www150.statcan.gc.ca/t1/tbl1/en/tv.action?pid=1810000401,2026-10-04
cpi_rent_index,Canada,1992-03-01,86.0,2.8708133971292016,1992-04-21,https://www150.statcan.gc.ca/t1/tbl1/en/tv.action?pid=1810000401,2026-10-04
cpi_rent_index,Canada,1992-04-01,86.2,2.9868578255675127,1992-05-21,https://www150.statcan.gc.ca/t1/tbl1/en/tv.action?pid=1810000401,2026-10-04
cpi_rent_index,Canada,1992-05-01,86.2,2.741358760429069,1992-06-21,https://www150.statcan.gc.ca/t1/tbl1/en/tv.action?pid=1810000401,2026-10-04
cpi_rent_index,Canada,1992-06-01,86.5,2.853745541022601,1992-07-21,https://www150.statcan.gc.ca/t1/tbl1/en/tv.action?pid=1810000401,2026-10-04
cpi_rent_index,Canada,1992-07-01,86.6,2.7283511269276417,1992-08-21,https://www150.statcan.gc.ca/t1/tbl1/en/tv.action?pid=1810000401,2026-10-04
cpi_rent_index,Canada,1992-08-01,86.9,2.355712603062421,1992-09-21,https://www150.statcan.gc.ca/t1/tbl1/en/tv.action?pid=1810000401,2026-10-04
cpi_rent_index,Canada,1992-09-01,87.2,2.7090694935217874,1992-10-21,https://www150.statcan.gc.ca/t1/tbl1/en/tv.action?pid=1810000401,2026-10-04
cpi_rent_index,Canada,1992-10-01,87.4,2.5821596244131495,1992-11-21,https://www150.statcan.gc.ca/t1/tbl1/en/tv.action?pid=1810000401,2026-10-04
cpi_rent_index,Canada,1992-11-01,87.5,2.4590163934426146,1992-12-21,https://www150.statcan.gc.ca/t1/tbl1/en/tv.action?pid=1810000401,2026-10-04
cpi_rent_index,Canada,1992-12-01,87.7,2.5730994152046716,1993-01-21,https://www150.statcan.gc.ca/t1/tbl1/en/tv.action?pid=1810000401,2026-10-04
cpi_rent_index,Canada,1993-01-01,87.8,2.5700934579439227,1993-02-21,https://www150.statcan.gc.ca/t1/tbl1/en/tv.action?pid=1810000401,2026-10-04
cpi_rent_index,Canada,1993-02-01,87.9,2.447552447552459,1993-03-21,https://www150.statcan.gc.ca/t1/tbl1/en/tv.action?pid=1810000401,2026-10-04
cpi_rent_index,Canada,1993-03-01,88.1,2.4418604651162745,1993-04-21,https://www150.statcan.gc.ca/t1/tbl1/en/tv.action?pid=1810000401,2026-10-04
cpi_rent_index,Canada,1993-04-01,88.2,2.3201856148491906,1993-05-21,https://www150.statcan.gc.ca/t1/tbl1/en/tv.action?pid=1810000401,2026-10-04
cpi_rent_index,Canada,1993-05-01,88.2,2.3201856148491906,1993-06-21,https://www150.statcan.gc.ca/t1/tbl1/en/tv.action?pid=1810000401,2026-10-04
cpi_rent_index,Canada,1993-06-01,88.4,2.19653179190753,1993-07-21,https://www150.statcan.gc.ca/t1/tbl1/en/tv.action?pid=1810000401,2026-10-04
cpi_rent_index,Canada,1993-07-01,88.5,2.1939953810623525,1993-08-21,https://www150.statcan.gc.ca/t1/tbl1/en/tv.action?pid=1810000401,2026-10-04
cpi_rent_index,Canada,1993-08-01,88.8,2.1864211737629313,1993-09-21,https://www150.statcan.gc.ca/t1/tbl1/en/tv.action?pid=1810000401,2026-10-04
cpi_rent_index,Canada,1993-09-01,88.9,1.9495412844036775,1993-10-21,https://www150.statcan.gc.ca/t1/tbl1/en/tv.action?pid=1810000401,2026-10-04
cpi_rent_index,Canada,1993-10-01,89.1,1.9450800915331579,1993-11-21,https://www150.statcan.gc.ca/t1/tbl1/en/tv.action?pid=1810000401,2026-10-04
cpi_rent_index,Canada,1993-11-01,89.2,1.942857142857135,1993-12-21,https://www150.statcan.gc.ca/t1/tbl1/en/tv.action?pid=1810000401,2026-10-04
cpi_rent_index,Canada,1993-12-01,89.4,1.9384264538198526,1994-01-21,https://www150.statcan.gc.ca/t1/tbl1/en/tv.action?pid=1810000401,2026-10-04
cpi_rent_index,Canada,1994-01-01,89.5,1.9362186788154823,1994-02-21,https://www150.statcan.gc.ca/t1/tbl1/en/tv.action?pid=1810000401,2026-10-04
cpi_rent_index,Canada,1994-02-01,89.5,1.8202502844141044,1994-03-21,https://www150.statcan.gc.ca/t1/tbl1/en/tv.action?pid=1810000401,2026-10-04
cpi_rent_index,Canada,1994-03-01,89.6,1.7026106696935273,1994-04-21,https://www150.statcan.gc.ca/t1/tbl1/en/tv.action?pid=1810000401,2026-10-04
cpi_rent_index,Canada,1994-04-01,89.8,1.814058956916087,1994-05-21,https://www150.statcan.gc.ca/t1/tbl1/en/tv.action?pid=1810000401,2026-10-04
cpi_rent_index,Canada,1994-05-01,89.9,1.9274376417233618,1994-06-21,https://www150.statcan.gc.ca/t1/tbl1/en/tv.action?pid=1810000401,2026-10-04
cpi_rent_index,Canada,1994-06-01,89.9,1.6968325791855143,1994-07-21,https://www150.statcan.gc.ca/t1/tbl1/en/tv.action?pid=1810000401,2026-10-04
cpi_rent_index,Canada,1994-07-01,90.0,1.6949152542372836,1994-08-21,https://www150.statcan.gc.ca/t1/tbl1/en/tv.action?pid=1810000401,2026-10-04
cpi_rent_index,Canada,1994-08-01,90.2,1.5765765765765938,1994-09-21,https://www150.statcan.gc.ca/t1/tbl1/en/tv.action?pid=1810000401,2026-10-04
cpi_rent_index,Canada,1994-09-01,90.4,1.6872890888638858,1994-10-21,https://www150.statcan.gc.ca/t1/tbl1/en/tv.action?pid=1810000401,2026-10-04
cpi_rent_index,Canada,1994-10-01,90.5,1.5712682379349197,1994-11-21,https://www150.statcan.gc.ca/t1/tbl1/en/tv.action?pid=1810000401,2026-10-04
cpi_rent_index,Canada,1994-11-01,90.7,1.681614349775784,1994-12-21,https://www150.statcan.gc.ca/t1/tbl1/en/tv.action?pid=1810000401,2026-10-04
cpi_rent_index,Canada,1994-12-01,90.8,1.5659955257270708,1995-01-21,https://www150.statcan.gc.ca/t1/tbl1/en/tv.action?pid=1810000401,2026-10-04
cpi_rent_index,Canada,1995-01-01,90.9,1.5642458100558754,1995-02-21,https://www150.statcan.gc.ca/t1/tbl1/en/tv.action?pid=1810000401,2026-10-04
cpi_rent_index,Canada,1995-02-01,91.0,1.6759776536312776,1995-03-21,https://www150.statcan.gc.ca/t1/tbl1/en/tv.action?pid=1810000401,2026-10-04
cpi_rent_index,Canada,1995-03-01,91.1,1.6741071428571397,1995-04-21,https://www150.statcan.gc.ca/t1/tbl1/en/tv.action?pid=1810000401,2026-10-04
cpi_rent_index,Canada,1995-04-01,91.2,1.5590200445434466,1995-05-21,https://www150.statcan.gc.ca/t1/tbl1/en/tv.action?pid=1810000401,2026-10-04
cpi_rent_index,Canada,1995-05-01,91.3,1.5572858731924155,1995-06-21,https://www150.statcan.gc.ca/t1/tbl1/en/tv.action?pid=1810000401,2026-10-04
cpi_rent_index,Canada,1995-06-01,91.3,1.5572858731924155,1995-07-21,https://www150.statcan.gc.ca/t1/tbl1/en/tv.action?pid=1810000401,2026-10-04
cpi_rent_index,Canada,1995-07-01,91.4,1.5555555555555545,1995-08-21,https://www150.statcan.gc.ca/t1/tbl1/en/tv.action?pid=1810000401,2026-10-04
cpi_rent_index,Canada,1995-08-01,91.6,1.552106430155198,1995-09-21,https://www150.statcan.gc.ca/t1/tbl1/en/tv.action?pid=1810000401,2026-10-04
cpi_rent_index,Canada,1995-09-01,91.7,1.4380530973451267,1995-10-21,https://www150.statcan.gc.ca/t1/tbl1/en/tv.action?pid=1810000401,2026-10-04
cpi_rent_index,Canada,1995-10-01,91.9,1.5469613259668558,1995-11-21,https://www150.statcan.gc.ca/t1/tbl1/en/tv.action?pid=1810000401,2026-10-04
cpi_rent_index,Canada,1995-11-01,92.0,1.4332965821389099,1995-12-21,https://www150.statcan.gc.ca/t1/tbl1/en/tv.action?pid=1810000401,2026-10-04
cpi_rent_index,Canada,1995-12-01,92.0,1.3215859030837107,1996-01-21,https://www150.statcan.gc.ca/t1/tbl1/en/tv.action?pid=1810000401,2026-10-04
cpi_rent_index,Canada,1996-01-01,92.1,1.320132013201314,1996-02-21,https://www150.statcan.gc.ca/t1/tbl1/en/tv.action?pid=1810000401,2026-10-04
cpi_rent_index,Canada,1996-02-01,92.2,1.318681318681314,1996-03-21,https://www150.statcan.gc.ca/t1/tbl1/en/tv.action?pid=1810000401,2026-10-04
cpi_rent_index,Canada,1996-03-01,92.2,1.207464324917673,1996-04-21,https://www150.statcan.gc.ca/t1/tbl1/en/tv.action?pid=1810000401,2026-10-04
cpi_rent_index,Canada,1996-04-01,92.3,1.2061403508771829,1996-05-21,https://www150.statcan.gc.ca/t1/tbl1/en/tv.action?pid=1810000401,2026-10-04
cpi_rent_index,Canada,1996-05-01,92.5,1.3143483023001057,1996-06-21,https://www150.statcan.gc.ca/t1/tbl1/en/tv.action?pid=1810000401,2026-10-04
cpi_rent_index,Canada,1996-06-01,92.6,1.4238773274917849,1996-07-21,https://www150.statcan.gc.ca/t1/tbl1/en/tv.action?pid=1810000401,2026-10-04
cpi_rent_index,Canada,1996-07-01,92.7,1.422319474835887,1996-08-21,https://www150.statcan.gc.ca/t1/tbl1/en/tv.action?pid=1810000401,2026-10-04
cpi_rent_index,Canada,1996-08-01,92.8,1.310043668122285,1996-09-21,https://www150.statcan.gc.ca/t1/tbl1/en/tv.action?pid=1810000401,2026-10-04
cpi_rent_index,Canada,1996-09-01,92.9,1.3086150490730697,1996-10-21,https://www150.statcan.gc.ca/t1/tbl1/en/tv.action?pid=1810000401,2026-10-04
cpi_rent_index,Canada,1996-10-01,93.0,1.196953210010876,1996-11-21,https://www150.statcan.gc.ca/t1/tbl1/en/tv.action?pid=1810000401,2026-10-04
cpi_rent_index,Canada,1996-11-01,93.1,1.1956521739130421,1996-12-21,https://www150.statcan.gc.ca/t1/tbl1/en/tv.action?pid=1810000401,2026-10-04
cpi_rent_index,Canada,1996-12-01,93.2,1.304347826086949,1997-01-21,https://www150.statcan.gc.ca/t1/tbl1/en/tv.action?pid=1810000401,2026-10-04
cpi_rent_index,Canada,1997-01-01,93.3,1.3029315960912058,1997-02-21,https://www150.statcan.gc.ca/t1/tbl1/en/tv.action?pid=1810000401,2026-10-04
cpi_rent_index,Canada,1997-02-01,93.3,1.193058568329719,1997-03-21,https://www150.statcan.gc.ca/t1/tbl1/en/tv.action?pid=1810000401,2026-10-04
cpi_rent_index,Canada,1997-03-01,93.4,1.3015184381778733,1997-04-21,https://www150.statcan.gc.ca/t1/tbl1/en/tv.action?pid=1810000401,2026-10-04
cpi_rent_index,Canada,1997-04-01,93.4,1.1917659804983938,1997-05-21,https://www150.statcan.gc.ca/t1/tbl1/en/tv.action?pid=1810000401,2026-10-04
cpi_rent_index,Canada,1997-05-01,93.5,1.08108108108107,1997-06-21,https://www150.statcan.gc.ca/t1/tbl1/en/tv.action?pid=1810000401,2026-10-04
cpi_rent_index,Canada,1997-06-01,93.6,1.0799136069114423,1997-07-21,https://www150.statcan.gc.ca/t1/tbl1/en/tv.action?pid=1810000401,2026-10-04
cpi_rent_index,Canada,1997-07-01,93.6,0.9708737864077666,1997-08-21,https://www150.statcan.gc.ca/t1/tbl1/en/tv.action?pid=1810000401,2026-10-04
cpi_rent_index,Canada,1997-08-01,93.8,1.0775862068965525,1997-09-21,https://www150.statcan.gc.ca/t1/tbl1/en/tv.action?pid=1810000401,2026-10-04
cpi_rent_index,Canada,1997-09-01,93.9,1.0764262648008671,1997-10-21,https://www150.statcan.gc.ca/t1/tbl1/en/tv.action?pid=1810000401,2026-10-04
cpi_rent_index,Canada,1997-10-01,94.0,1.0752688172043001,1997-11-21,https://www150.statcan.gc.ca/t1/tbl1/en/tv.action?pid=1810000401,2026-10-04
cpi_rent_index,Canada,1997-11-01,94.0,0.9667024704618665,1997-12-21,https://www150.statcan.gc.ca/t1/tbl1/en/tv.action?pid=1810000401,2026-10-04
cpi_rent_index,Canada,1997-12-01,94.1,0.9656652360514828,1998-01-21,https://www150.statcan.gc.ca/t1/tbl1/en/tv.action?pid=1810000401,2026-10-04
cpi_rent_index,Canada,1998-01-01,94.2,0.9646302250803984,1998-02-21,https://www150.statcan.gc.ca/t1/tbl1/en/tv.action?pid=1810000401,2026-10-04
cpi_rent_index,Canada,1998-02-01,94.3,1.0718113612004254,1998-03-21,https://www150.statcan.gc.ca/t1/tbl1/en/tv.action?pid=1810000401,2026-10-04
cpi_rent_index,Canada,1998-03-01,94.3,0.9635974304068373,1998-04-21,https://www150.statcan.gc.ca/t1/tbl1/en/tv.action?pid=1810000401,2026-10-04
cpi_rent_index,Canada,1998-04-01,94.4,1.0706638115631772,1998-05-21,https://www150.statcan.gc.ca/t1/tbl1/en/tv.action?pid=1810000401,2026-10-04
cpi_rent_index,Canada,1998-05-01,94.5,1.0695187165775444,1998-06-21,https://www150.statcan.gc.ca/t1/tbl1/en/tv.action?pid=1810000401,2026-10-04
cpi_rent_index,Canada,1998-06-01,94.5,0.9615384615384581,1998-07-21,https://www150.statcan.gc.ca/t1/tbl1/en/tv.action?pid=1810000401,2026-10-04
cpi_rent_index,Canada,1998-07-01,94.6,1.0683760683760646,1998-08-21,https://www150.statcan.gc.ca/t1/tbl1/en/tv.action?pid=1810000401,2026-10-04
cpi_rent_index,Canada,1998-08-01,94.7,0.9594882729211163,1998-09-21,https://www150.statcan.gc.ca/t1/tbl1/en/tv.action?pid=1810000401,2026-10-04
cpi_rent_index,Canada,1998-09-01,94.8,0.9584664536741228,1998-10-21,https://www150.statcan.gc.ca/t1/tbl1/en/tv.action?pid=1810000401,2026-10-04
cpi_rent_index,Canada,1998-10-01,94.9,0.9574468085106425,1998-11-21,https://www150.statcan.gc.ca/t1/tbl1/en/tv.action?pid=1810000401,2026-10-04
cpi_rent_index,Canada,1998-11-01,95.0,1.0638297872340496,1998-12-21,https://www150.statcan.gc.ca/t1/tbl1/en/tv.action?pid=1810000401,2026-10-04
cpi_rent_index,Canada,1998-12-01,95.1,1.0626992561105109,1999-01-21,https://www150.statcan.gc.ca/t1/tbl1/en/tv.action?pid=1810000401,2026-10-04
cpi_rent_index,Canada,1999-01-01,95.1,0.9554140127388422,1999-02-21,https://www150.statcan.gc.ca/t1/tbl1/en/tv.action?pid=1810000401,2026-10-04
cpi_rent_index,Canada,1999-02-01,95.2,0.9544008483563182,1999-03-21,https://www150.statcan.gc.ca/t1/tbl1/en/tv.action?pid=1810000401,2026-10-04
cpi_rent_index,Canada,1999-03-01,95.3,1.0604453870625585,1999-04-21,https://www150.statcan.gc.ca/t1/tbl1/en/tv.action?pid=1810000401,2026-10-04
cpi_rent_index,Canada,1999-04-01,95.3,0.9533898305084554,1999-05-21,https://www150.statcan.gc.ca/t1/tbl1/en/tv.action?pid=1810000401,2026-10-04
cpi_rent_index,Canada,1999-05-01,95.4,0.952380952380949,1999-06-21,https://www150.statcan.gc.ca/t1/tbl1/en/tv.action?pid=1810000401,2026-10-04
cpi_rent_index,Canada,1999-06-01,95.5,1.0582010582010692,1999-07-21,https://www150.statcan.gc.ca/t1/tbl1/en/tv.action?pid=1810000401,2026-10-04
cpi_rent_index,Canada,1999-07-01,95.5,0.9513742071881603,1999-08-21,https://www150.statcan.gc.ca/t1/tbl1/en/tv.action?pid=1810000401,2026-10-04
cpi_rent_index,Canada,1999-08-01,95.6,0.9503695881731611,1999-09-21,https://www150.statcan.gc.ca/t1/tbl1/en/tv.action?pid=1810000401,2026-10-04
cpi_rent_index,Canada,1999-09-01,95.7,0.9493670886076,1999-10-21,https://www150.statcan.gc.ca/t1/tbl1/en/tv.action?pid=1810000401,2026-10-04
cpi_rent_index,Canada,1999-10-01,95.8,0.9483667017913477,1999-11-21,https://www150.statcan.gc.ca/t1/tbl1/en/tv.action?pid=1810000401,2026-10-04
cpi_rent_index,Canada,1999-11-01,95.9,0.9473684210526301,1999-12-21,https://www150.statcan.gc.ca/t1/tbl1/en/tv.action?pid=1810000401,2026-10-04
cpi_rent_index,Canada,1999-12-01,95.9,0.8412197686645806,2000-01-21,https://www150.statcan.gc.ca/t1/tbl1/en/tv.action?pid=1810000401,2026-10-04
cpi_rent_index,Canada,2000-01-01,96.0,0.9463722397476504,2000-02-21,https://www150.statcan.gc.ca/t1/tbl1/en/tv.action?pid=1810000401,2026-10-04
cpi_rent_index,Canada,2000-02-01,96.1,0.9453781512605008,2000-03-21,https://www150.statcan.gc.ca/t1/tbl1/en/tv.action?pid=1810000401,2026-10-04
cpi_rent_index,Canada,2000-03-01,96.2,0.9443861490031624,2000-04-21,https://www150.statcan.gc.ca/t1/tbl1/en/tv.action?pid=1810000401,2026-10-04
cpi_rent_index,Canada,2000-04-01,96.3,1.049317943336825,2000-05-21,https://www150.statcan.gc.ca/t1/tbl1/en/tv.action?pid=1810000401,2026-10-04
cpi_rent_index,Canada,2000-05-01,96.4,1.048218029350112,2000-06-21,https://www150.statcan.gc.ca/t1/tbl1/en/tv.action?pid=1810000401,2026-10-04
cpi_rent_index,Canada,2000-06-01,96.5,1.0471204188481575,2000-07-21,https://www150.statcan.gc.ca/t1/tbl1/en/tv.action?pid=1810000401,2026-10-04
cpi_rent_index,Canada,2000-07-01,96.6,1.1518324607329822,2000-08-21,https://www150.statcan.gc.ca/t1/tbl1/en/tv.action?pid=1810000401,2026-10-04
cpi_rent_index,Canada,2000-08-01,96.7,1.1506276150627714,2000-09-21,https://www150.statcan.gc.ca/t1/tbl1/en/tv.action?pid=1810000401,2026-10-04
cpi_rent_index,Canada,2000-09-01,96.8,1.1494252873563093,2000-10-21,https://www150.statcan.gc.ca/t1/tbl1/en/tv.action?pid=1810000401,2026-10-04
cpi_rent_index,Canada,2000-10-01,96.9,1.1482254697286143,2000-11-21,https://www150.statcan.gc.ca/t1/tbl1/en/tv.action?pid=1810000401,2026-10-04
cpi_rent_index,Canada,2000-11-01,97.1,1.2513034410844615,2000-12-21,https://www150.statcan.gc.ca/t1/tbl1/en/tv.action?pid=1810000401,2026-10-04
cpi_rent_index,Canada,2000-12-01,97.2,1.3555787278414888,2001-01-21,https://www150.statcan.gc.ca/t1/tbl1/en/tv.action?pid=1810000401,2026-10-04
cpi_rent_index,Canada,2001-01-01,97.3,1.3541666666666563,2001-02-21,https://www150.statcan.gc.ca/t1/tbl1/en/tv.action?pid=1810000401,2026-10-04
cpi_rent_index,Canada,2001-02-01,97.4,1.3527575442247697,2001-03-21,https://www150.statcan.gc.ca/t1/tbl1/en/tv.action?pid=1810000401,2026-10-04
cpi_rent_index,Canada,2001-03-01,97.6,1.4553014553014387,2001-04-21,https://www150.statcan.gc.ca/t1/tbl1/en/tv.action?pid=1810000401,2026-10-04
cpi_rent_index,Canada,2001-04-01,97.7,1.4537902388369828,2001-05-21,https://www150.statcan.gc.ca/t1/tbl1/en/tv.action?pid=1810000401,2026-10-04
cpi_rent_index,Canada,2001-05-01,97.8,1.4522821576763434,2001-06-21,https://www150.statcan.gc.ca/t1/tbl1/en/tv.action?pid=1810000401,2026-10-04
cpi_rent_index,Canada,2001-06-01,98.0,1.5544041450777257,2001-07-21,https://www150.statcan.gc.ca/t1/tbl1/en/tv.action?pid=1810000401,2026-10-04
cpi_rent_index,Canada,2001-07-01,98.1,1.552795031055898,2001-08-21,https://www150.statcan.gc.ca/t1/tbl1/en/tv.action?pid=1810000401,2026-10-04
cpi_rent_index,Canada,2001-08-01,98.4,1.7580144777662898,2001-09-21,https://www150.statcan.gc.ca/t1/tbl1/en/tv.action?pid=1810000401,2026-10-04
cpi_rent_index,Canada,2001-09-01,98.5,1.7561983471074516,2001-10-21,https://www150.statcan.gc.ca/t1/tbl1/en/tv.action?pid=1810000401,2026-10-04
cpi_rent_index,Canada,2001-10-01,98.7,1.8575851393188847,2001-11-21,https://www150.statcan.gc.ca/t1/tbl1/en/tv.action?pid=1810000401,2026-10-04
cpi_rent_index,Canada,2001-11-01,98.9,1.8537590113285374,2001-12-21,https://www150.statcan.gc.ca/t1/tbl1/en/tv.action?pid=1810000401,2026-10-04
cpi_rent_index,Canada,2001-12-01,99.0,1.8518518518518379,2002-01-21,https://www150.statcan.gc.ca/t1/tbl1/en/tv.action?pid=1810000401,2026-10-04
cpi_rent_index,Canada,2002-01-01,99.1,1.8499486125385323,2002-02-21,https://www150.statcan.gc.ca/t1/tbl1/en/tv.action?pid=1810000401,2026-10-04
cpi_rent_index,Canada,2002-02-01,99.3,1.9507186858316095,2002-03-21,https://www150.statcan.gc.ca/t1/tbl1/en/tv.action?pid=1810000401,2026-10-04
cpi_rent_index,Canada,2002-03-01,99.4,1.8442622950819887,2002-04-21,https://www150.statcan.gc.ca/t1/tbl1/en/tv.action?pid=1810000401,2026-10-04
cpi_rent_index,Canada,2002-04-01,99.5,1.84237461617196,2002-05-21,https://www150.statcan.gc.ca/t1/tbl1/en/tv.action?pid=1810000401,2026-10-04
cpi_rent_index,Canada,2002-05-01,99.7,1.942740286298572,2002-06-21,https://www150.statcan.gc.ca/t1/tbl1/en/tv.action?pid=1810000401,2026-10-04
cpi_rent_index,Canada,2002-06-01,99.9,1.9387755102040938,2002-07-21,https://www150.statcan.gc.ca/t1/tbl1/en/tv.action?pid=1810000401,2026-10-04
cpi_rent_index,Canada,2002-07-01,100.0,1.936799184505622,2002-08-21,https://www150.statcan.gc.ca/t1/tbl1/en/tv.action?pid=1810000401,2026-10-04
cpi_rent_index,Canada,2002-08-01,100.3,1.9308943089430874,2002-09-21,https://www150.statcan.gc.ca/t1/tbl1/en/tv.action?pid=1810000401,2026-10-04
cpi_rent_index,Canada,2002-09-01,100.5,2.0304568527918843,2002-10-21,https://www150.statcan.gc.ca/t1/tbl1/en/tv.action?pid=1810000401,2026-10-04
cpi_rent_index,Canada,2002-10-01,100.7,2.0263424518743633,2002-11-21,https://www150.statcan.gc.ca/t1/tbl1/en/tv.action?pid=1810000401,2026-10-04
cpi_rent_index,Canada,2002-11-01,100.8,1.921132457027297,2002-12-21,https://www150.statcan.gc.ca/t1/tbl1/en/tv.action?pid=1810000401,2026-10-04
cpi_rent_index,Canada,2002-12-01,100.9,1.9191919191919204,2003-01-21,https://www150.statcan.gc.ca/t1/tbl1/en/tv.action?pid=1810000401,2026-10-04
cpi_rent_index,Canada,2003-01-01,101.0,1.9172552976791213,2003-02-21,https://www150.statcan.gc.ca/t1/tbl1/en/tv.action?pid=1810000401,2026-10-04
cpi_rent_index,Canada,2003-02-01,101.0,1.7119838872104776,2003-03-21,https://www150.statcan.gc.ca/t1/tbl1/en/tv.action?pid=1810000401,2026-10-04
cpi_rent_index,Canada,2003-03-01,101.1,1.7102615694164935,2003-04-21,https://www150.statcan.gc.ca/t1/tbl1/en/tv.action?pid=1810000401,2026-10-04
cpi_rent_index,Canada,2003-04-01,101.2,1.70854271356784,2003-05-21,https://www150.statcan.gc.ca/t1/tbl1/en/tv.action?pid=1810000401,2026-10-04
cpi_rent_index,Canada,2003-05-01,101.3,1.6048144433299827,2003-06-21,https://www150.statcan.gc.ca/t1/tbl1/en/tv.action?pid=1810000401,2026-10-04
cpi_rent_index,Canada,2003-06-01,101.3,1.401401401401392,2003-07-21,https://www150.statcan.gc.ca/t1/tbl1/en/tv.action?pid=1810000401,2026-10-04
cpi_rent_index,Canada,2003-07-01,101.4,1.4000000000000012,2003-08-21,https://www150.statcan.gc.ca/t1/tbl1/en/tv.action?pid=1810000401,2026-10-04
cpi_rent_index,Canada,2003-08-01,101.7,1.3958125623130702,2003-09-21,https://www150.statcan.gc.ca/t1/tbl1/en/tv.action?pid=1810000401,2026-10-04
cpi_rent_index,Canada,2003-09-01,101.8,1.2935323383084452,2003-10-21,https://www150.statcan.gc.ca/t1/tbl1/en/tv.action?pid=1810000401,2026-10-04
cpi_rent_index,Canada,2003-10-01,101.9,1.1916583912611856,2003-11-21,https://www150.statcan.gc.ca/t1/tbl1/en/tv.action?pid=1810000401,2026-10-04
cpi_rent_index,Canada,2003-11-01,102.0,1.1904761904761862,2003-12-21,https://www150.statcan.gc.ca/t1/tbl1/en/tv.action?pid=1810000401,2026-10-04
cpi_rent_index,Canada,2003-12-01,102.1,1.1892963330029538,2004-01-21,https://www150.statcan.gc.ca/t1/tbl1/en/tv.action?pid=1810000401,2026-10-04
cpi_rent_index,Canada,2004-01-01,102.1,1.08910891089109,2004-02-21,https://www150.statcan.gc.ca/t1/tbl1/en/tv.action?pid=1810000401,2026-10-04
cpi_rent_index,Canada,2004-02-01,102.2,1.1881188118811892,2004-03-21,https://www150.statcan.gc.ca/t1/tbl1/en/tv.action?pid=1810000401,2026-10-04
cpi_rent_index,Canada,2004-03-01,102.2,1.0880316518298905,2004-04-21,https://www150.statcan.gc.ca/t1/tbl1/en/tv.action?pid=1810000401,2026-10-04
cpi_rent_index,Canada,2004-04-01,102.3,1.0869565217391353,2004-05-21,https://www150.statcan.gc.ca/t1/tbl1/en/tv.action?pid=1810000401,2026-10-04
cpi_rent_index,Canada,2004-05-01,102.3,0.9871668311944637,2004-06-21,https://www150.statcan.gc.ca/t1/tbl1/en/tv.action?pid=1810000401,2026-10-04
cpi_rent_index,Canada,2004-06-01,102.4,1.0858835143139345,2004-07-21,https://www150.statcan.gc.ca/t1/tbl1/en/tv.action?pid=1810000401,2026-10-04
cpi_rent_index,Canada,2004-07-01,102.5,1.0848126232741562,2004-08-21,https://www150.statcan.gc.ca/t1/tbl1/en/tv.action?pid=1810000401,2026-10-04
cpi_rent_index,Canada,2004-08-01,102.7,0.9832841691248762,2004-09-21,https://www150.statcan.gc.ca/t1/tbl1/en/tv.action?pid=1810000401,2026-10-04
cpi_rent_index,Canada,2004-09-01,102.7,0.8840864440078589,2004-10-21,https://www150.statcan.gc.ca/t1/tbl1/en/tv.action?pid=1810000401,2026-10-04
cpi_rent_index,Canada,2004-10-01,102.8,0.8832188420019538,2004-11-21,https://www150.statcan.gc.ca/t1/tbl1/en/tv.action?pid=1810000401,2026-10-04
cpi_rent_index,Canada,2004-11-01,102.9,0.8823529411764675,2004-12-21,https://www150.statcan.gc.ca/t1/tbl1/en/tv.action?pid=1810000401,2026-10-04
cpi_rent_index,Canada,2004-12-01,103.0,0.8814887365328206,2005-01-21,https://www150.statcan.gc.ca/t1/tbl1/en/tv.action?pid=1810000401,2026-10-04
cpi_rent_index,Canada,2005-01-01,103.0,0.8814887365328206,2005-02-21,https://www150.statcan.gc.ca/t1/tbl1/en/tv.action?pid=1810000401,2026-10-04
cpi_rent_index,Canada,2005-02-01,103.1,0.8806262230919737,2005-03-21,https://www150.statcan.gc.ca/t1/tbl1/en/tv.action?pid=1810000401,2026-10-04
cpi_rent_index,Canada,2005-03-01,103.1,0.8806262230919737,2005-04-21,https://www150.statcan.gc.ca/t1/tbl1/en/tv.action?pid=1810000401,2026-10-04
cpi_rent_index,Canada,2005-04-01,103.1,0.782013685239491,2005-05-21,https://www150.statcan.gc.ca/t1/tbl1/en/tv.action?pid=1810000401,2026-10-04
cpi_rent_index,Canada,2005-05-01,103.2,0.8797653958944274,2005-06-21,https://www150.statcan.gc.ca/t1/tbl1/en/tv.action?pid=1810000401,2026-10-04
cpi_rent_index,Canada,2005-06-01,103.2,0.78125,2005-07-21,https://www150.statcan.gc.ca/t1/tbl1/en/tv.action?pid=1810000401,2026-10-04
cpi_rent_index,Canada,2005-07-01,103.3,0.7804878048780495,2005-08-21,https://www150.statcan.gc.ca/t1/tbl1/en/tv.action?pid=1810000401,2026-10-04
cpi_rent_index,Canada,2005-08-01,103.5,0.778967867575453,2005-09-21,https://www150.statcan.gc.ca/t1/tbl1/en/tv.action?pid=1810000401,2026-10-04
cpi_rent_index,Canada,2005-09-01,103.6,0.8763388510223846,2005-10-21,https://www150.statcan.gc.ca/t1/tbl1/en/tv.action?pid=1810000401,2026-10-04
cpi_rent_index,Canada,2005-10-01,103.6,0.7782101167315147,2005-11-21,https://www150.statcan.gc.ca/t1/tbl1/en/tv.action?pid=1810000401,2026-10-04
cpi_rent_index,Canada,2005-11-01,103.7,0.7774538386783325,2005-12-21,https://www150.statcan.gc.ca/t1/tbl1/en/tv.action?pid=1810000401,2026-10-04
cpi_rent_index,Canada,2005-12-01,103.7,0.6796116504854455,2006-01-21,https://www150.statcan.gc.ca/t1/tbl1/en/tv.action?pid=1810000401,2026-10-04
cpi_rent_index,Canada,2006-01-01,103.8,0.7766990291262044,2006-02-21,https://www150.statcan.gc.ca/t1/tbl1/en/tv.action?pid=1810000401,2026-10-04
cpi_rent_index,Canada,2006-02-01,103.9,0.7759456838021483,2006-03-21,https://www150.statcan.gc.ca/t1/tbl1/en/tv.action?pid=1810000401,2026-10-04
cpi_rent_index,Canada,2006-03-01,103.9,0.7759456838021483,2006-04-21,https://www150.statcan.gc.ca/t1/tbl1/en/tv.action?pid=1810000401,2026-10-04
cpi_rent_index,Canada,2006-04-01,104.0,0.8729388942773975,2006-05-21,https://www150.statcan.gc.ca/t1/tbl1/en/tv.action?pid=1810000401,2026-10-04
cpi_rent_index,Canada,2006-05-01,104.1,0.8720930232558155,2006-06-21,https://www150.statcan.gc.ca/t1/tbl1/en/tv.action?pid=1810000401,2026-10-04
cpi_rent_index,Canada,2006-06-01,104.2,0.9689922480620172,2006-07-21,https://www150.statcan.gc.ca/t1/tbl1/en/tv.action?pid=1810000401,2026-10-04
cpi_rent_index,Canada,2006-07-01,104.3,0.968054211035807,2006-08-21,https://www150.statcan.gc.ca/t1/tbl1/en/tv.action?pid=1810000401,2026-10-04
cpi_rent_index,Canada,2006-08-01,104.5,0.9661835748792313,2006-09-21,https://www150.statcan.gc.ca/t1/tbl1/en/tv.action?pid=1810000401,2026-10-04
cpi_rent_index,Canada,2006-09-01,104.6,0.9652509652509744,2006-10-21,https://www150.statcan.gc.ca/t1/tbl1/en/tv.action?pid=1810000401,2026-10-04
cpi_rent_index,Canada,2006-10-01,104.8,1.158301158301156,2006-11-21,https://www150.statcan.gc.ca/t1/tbl1/en/tv.action?pid=1810000401,2026-10-04
cpi_rent_index,Canada,2006-11-01,104.9,1.1571841851494735,2006-12-21,https://www150.statcan.gc.ca/t1/tbl1/en/tv.action?pid=1810000401,2026-10-04
cpi_rent_index,Canada,2006-12-01,105.0,1.2536162005786,2007-01-21,https://www150.statcan.gc.ca/t1/tbl1/en/tv.action?pid=1810000401,2026-10-04
cpi_rent_index,Canada,2007-01-01,105.1,1.2524084778420042,2007-02-21,https://www150.statcan.gc.ca/t1/tbl1/en/tv.action?pid=1810000401,2026-10-04
cpi_rent_index,Canada,2007-02-01,105.2,1.2512030798845108,2007-03-21,https://www150.statcan.gc.ca/t1/tbl1/en/tv.action?pid=1810000401,2026-10-04
cpi_rent_index,Canada,2007-03-01,105.4,1.4436958614052031,2007-04-21,https://www150.statcan.gc.ca/t1/tbl1/en/tv.action?pid=1810000401,2026-10-04
cpi_rent_index,Canada,2007-04-01,105.5,1.4423076923076872,2007-05-21,https://www150.statcan.gc.ca/t1/tbl1/en/tv.action?pid=1810000401,2026-10-04
cpi_rent_index,Canada,2007-05-01,105.6,1.4409221902017322,2007-06-21,https://www150.statcan.gc.ca/t1/tbl1/en/tv.action?pid=1810000401,2026-10-04
cpi_rent_index,Canada,2007-06-01,105.8,1.5355086372360827,2007-07-21,https://www150.statcan.gc.ca/t1/tbl1/en/tv.action?pid=1810000401,2026-10-04
cpi_rent_index,Canada,2007-07-01,106.0,1.6299137104506256,2007-08-21,https://www150.statcan.gc.ca/t1/tbl1/en/tv.action?pid=1810000401,2026-10-04
cpi_rent_index,Canada,2007-08-01,106.3,1.7224880382775032,2007-09-21,https://www150.statcan.gc.ca/t1/tbl1/en/tv.action?pid=1810000401,2026-10-04
cpi_rent_index,Canada,2007-09-01,106.4,1.7208413001912115,2007-10-21,https://www150.statcan.gc.ca/t1/tbl1/en/tv.action?pid=1810000401,2026-10-04
cpi_rent_index,Canada,2007-10-01,106.6,1.717557251908386,2007-11-21,https://www150.statcan.gc.ca/t1/tbl1/en/tv.action?pid=1810000401,2026-10-04
cpi_rent_index,Canada,2007-11-01,106.7,1.7159199237368972,2007-12-21,https://www150.statcan.gc.ca/t1/tbl1/en/tv.action?pid=1810000401,2026-10-04
cpi_rent_index,Canada,2007-12-01,106.9,1.8095238095238164,2008-01-21,https://www150.statcan.gc.ca/t1/tbl1/en/tv.action?pid=1810000401,2026-10-04
cpi_rent_index,Canada,2008-01-01,107.0,1.8078020932445371,2008-02-21,https://www150.statcan.gc.ca/t1/tbl1/en/tv.action?pid=1810000401,2026-10-04
cpi_rent_index,Canada,2008-02-01,107.2,1.9011406844106515,2008-03-21,https://www150.statcan.gc.ca/t1/tbl1/en/tv.action?pid=1810000401,2026-10-04
cpi_rent_index,Canada,2008-03-01,107.3,1.802656546489545,2008-04-21,https://www150.statcan.gc.ca/t1/tbl1/en/tv.action?pid=1810000401,2026-10-04
cpi_rent_index,Canada,2008-04-01,107.4,1.8009478672985857,2008-05-21,https://www150.statcan.gc.ca/t1/tbl1/en/tv.action?pid=1810000401,2026-10-04
cpi_rent_index,Canada,2008-05-01,107.6,1.8939393939394034,2008-06-21,https://www150.statcan.gc.ca/t1/tbl1/en/tv.action?pid=1810000401,2026-10-04
cpi_rent_index,Canada,2008-06-01,107.7,1.7958412098298737,2008-07-21,https://www150.statcan.gc.ca/t1/tbl1/en/tv.action?pid=1810000401,2026-10-04
cpi_rent_index,Canada,2008-07-01,107.9,1.7924528301886955,2008-08-21,https://www150.statcan.gc.ca/t1/tbl1/en/tv.action?pid=1810000401,2026-10-04
cpi_rent_index,Canada,2008-08-01,108.1,1.6933207902163572,2008-09-21,https://www150.statcan.gc.ca/t1/tbl1/en/tv.action?pid=1810000401,2026-10-04
cpi_rent_index,Canada,2008-09-01,108.2,1.6917293233082775,2008-10-21,https://www150.statcan.gc.ca/t1/tbl1/en/tv.action?pid=1810000401,2026-10-04
cpi_rent_index,Canada,2008-10-01,108.4,1.6885553470919357,2008-11-21,https://www150.statcan.gc.ca/t1/tbl1/en/tv.action?pid=1810000401,2026-10-04
cpi_rent_index,Canada,2008-11-01,108.6,1.7806935332708385,2008-12-21,https://www150.statcan.gc.ca/t1/tbl1/en/tv.action?pid=1810000401,2026-10-04
cpi_rent_index,Canada,2008-12-01,108.7,1.6838166510757757,2009-01-21,https://www150.statcan.gc.ca/t1/tbl1/en/tv.action?pid=1810000401,2026-10-04
cpi_rent_index,Canada,2009-01-01,108.8,1.6822429906542036,2009-02-21,https://www150.statcan.gc.ca/t1/tbl1/en/tv.action?pid=1810000401,2026-10-04
cpi_rent_index,Canada,2009-02-01,108.9,1.585820895522394,2009-03-21,https://www150.statcan.gc.ca/t1/tbl1/en/tv.action?pid=1810000401,2026-10-04
cpi_rent_index,Canada,2009-03-01,109.0,1.5843429636533068,2009-04-21,https://www150.statcan.gc.ca/t1/tbl1/en/tv.action?pid=1810000401,2026-10-04
cpi_rent_index,Canada,2009-04-01,109.1,1.5828677839850869,2009-05-21,https://www150.statcan.gc.ca/t1/tbl1/en/tv.action?pid=1810000401,2026-10-04
cpi_rent_index,Canada,2009-05-01,109.2,1.486988847583648,2009-06-21,https://www150.statcan.gc.ca/t1/tbl1/en/tv.action?pid=1810000401,2026-10-04
cpi_rent_index,Canada,2009-06-01,109.3,1.485608170844932,2009-07-21,https://www150.statcan.gc.ca/t1/tbl1/en/tv.action?pid=1810000401,2026-10-04
cpi_rent_index,Canada,2009-07-01,109.4,1.3901760889712733,2009-08-21,https://www150.statcan.gc.ca/t1/tbl1/en/tv.action?pid=1810000401,2026-10-04
cpi_rent_index,Canada,2009-08-01,109.7,1.4801110083256352,2009-09-21,https://www150.statcan.gc.ca/t1/tbl1/en/tv.action?pid=1810000401,2026-10-04
cpi_rent_index,Canada,2009-09-01,109.8,1.4787430683918634,2009-10-21,https://www150.statcan.gc.ca/t1/tbl1/en/tv.action?pid=1810000401,2026-10-04
cpi_rent_index,Canada,2009-10-01,110.0,1.4760147601476037,2009-11-21,https://www150.statcan.gc.ca/t1/tbl1/en/tv.action?pid=1810000401,2026-10-04
cpi_rent_index,Canada,2009-11-01,110.1,1.3812154696132506,2009-12-21,https://www150.statcan.gc.ca/t1/tbl1/en/tv.action?pid=1810000401,2026-10-04
cpi_rent_index,Canada,2009-12-01,110.2,1.3799448022079108,2010-01-21,https://www150.statcan.gc.ca/t1/tbl1/en/tv.action?pid=1810000401,2026-10-04
cpi_rent_index,Canada,2010-01-01,110.3,1.3786764705882248,2010-02-21,https://www150.statcan.gc.ca/t1/tbl1/en/tv.action?pid=1810000401,2026-10-04
cpi_rent_index,Canada,2010-02-01,110.3,1.2855831037649201,2010-03-21,https://www150.statcan.gc.ca/t1/tbl1/en/tv.action?pid=1810000401,2026-10-04
cpi_rent_index,Canada,2010-03-01,110.4,1.2844036697247763,2010-04-21,https://www150.statcan.gc.ca/t1/tbl1/en/tv.action?pid=1810000401,2026-10-04
cpi_rent_index,Canada,2010-04-01,110.5,1.2832263978001857,2010-05-21,https://www150.statcan.gc.ca/t1/tbl1/en/tv.action?pid=1810000401,2026-10-04
cpi_rent_index,Canada,2010-05-01,110.6,1.2820512820512775,2010-06-21,https://www150.statcan.gc.ca/t1/tbl1/en/tv.action?pid=1810000401,2026-10-04
cpi_rent_index,Canada,2010-06-01,110.7,1.2808783165599413,2010-07-21,https://www150.statcan.gc.ca/t1/tbl1/en/tv.action?pid=1810000401,2026-10-04
cpi_rent_index,Canada,2010-07-01,110.8,1.279707495429605,2010-08-21,https://www150.statcan.gc.ca/t1/tbl1/en/tv.action?pid=1810000401,2026-10-04
cpi_rent_index,Canada,2010-08-01,111.0,1.185050136736554,2010-09-21,https://www150.statcan.gc.ca/t1/tbl1/en/tv.action?pid=1810000401,2026-10-04
cpi_rent_index,Canada,2010-09-01,111.1,1.1839708561020013,2010-10-21,https://www150.statcan.gc.ca/t1/tbl1/en/tv.action?pid=1810000401,2026-10-04
cpi_rent_index,Canada,2010-10-01,111.3,1.1818181818181728,2010-11-21,https://www150.statcan.gc.ca/t1/tbl1/en/tv.action?pid=1810000401,2026-10-04
cpi_rent_index,Canada,2010-11-01,111.4,1.180744777475029,2010-12-21,https://www150.statcan.gc.ca/t1/tbl1/en/tv.action?pid=1810000401,2026-10-04
cpi_rent_index,Canada,2010-12-01,111.5,1.1796733212341204,2011-01-21,https://www150.statcan.gc.ca/t1/tbl1/en/tv.action?pid=1810000401,2026-10-04
cpi_rent_index,Canada,2011-01-01,111.5,1.0879419764279197,2011-02-21,https://www150.statcan.gc.ca/t1/tbl1/en/tv.action?pid=1810000401,2026-10-04
cpi_rent_index,Canada,2011-02-01,111.6,1.1786038077969074,2011-03-21,https://www150.statcan.gc.ca/t1/tbl1/en/tv.action?pid=1810000401,2026-10-04
cpi_rent_index,Canada,2011-03-01,111.7,1.1775362318840576,2011-04-21,https://www150.statcan.gc.ca/t1/tbl1/en/tv.action?pid=1810000401,2026-10-04
cpi_rent_index,Canada,2011-04-01,111.8,1.17647058823529,2011-05-21,https://www150.statcan.gc.ca/t1/tbl1/en/tv.action?pid=1810000401,2026-10-04
cpi_rent_index,Canada,2011-05-01,111.9,1.175406871609419,2011-06-21,https://www150.statcan.gc.ca/t1/tbl1/en/tv.action?pid=1810000401,2026-10-04
cpi_rent_index,Canada,2011-06-01,111.9,1.084010840108407,2011-07-21,https://www150.statcan.gc.ca/t1/tbl1/en/tv.action?pid=1810000401,2026-10-04
cpi_rent_index,Canada,2011-07-01,112.0,1.0830324909747224,2011-08-21,https://www150.statcan.gc.ca/t1/tbl1/en/tv.action?pid=1810000401,2026-10-04
cpi_rent_index,Canada,2011-08-01,112.2,1.0810810810810922,2011-09-21,https://www150.statcan.gc.ca/t1/tbl1/en/tv.action?pid=1810000401,2026-10-04
cpi_rent_index,Canada,2011-09-01,112.3,1.080108010801073,2011-10-21,https://www150.statcan.gc.ca/t1/tbl1/en/tv.action?pid=1810000401,2026-10-04
cpi_rent_index,Canada,2011-10-01,112.5,1.0781671159029615,2011-11-21,https://www150.statcan.gc.ca/t1/tbl1/en/tv.action?pid=1810000401,2026-10-04
cpi_rent_index,Canada,2011-11-01,112.6,1.077199281867136,2011-12-21,https://www150.statcan.gc.ca/t1/tbl1/en/tv.action?pid=1810000401,2026-10-04
cpi_rent_index,Canada,2011-12-01,112.7,1.076233183856501,2012-01-21,https://www150.statcan.gc.ca/t1/tbl1/en/tv.action?pid=1810000401,2026-10-04
cpi_rent_index,Canada,2012-01-01,112.8,1.1659192825112186,2012-02-21,https://www150.statcan.gc.ca/t1/tbl1/en/tv.action?pid=1810000401,2026-10-04
cpi_rent_index,Canada,2012-02-01,113.0,1.2544802867383575,2012-03-21,https://www150.statcan.gc.ca/t1/tbl1/en/tv.action?pid=1810000401,2026-10-04
cpi_rent_index,Canada,2012-03-01,113.1,1.253357206803929,2012-04-21,https://www150.statcan.gc.ca/t1/tbl1/en/tv.action?pid=1810000401,2026-10-04
cpi_rent_index,Canada,2012-04-01,113.2,1.2522361359570633,2012-05-21,https://www150.statcan.gc.ca/t1/tbl1/en/tv.action?pid=1810000401,2026-10-04
cpi_rent_index,Canada,2012-05-01,113.3,1.2511170688114248,2012-06-21,https://www150.statcan.gc.ca/t1/tbl1/en/tv.action?pid=1810000401,2026-10-04
cpi_rent_index,Canada,2012-06-01,113.4,1.3404825737265424,2012-07-21,https://www150.statcan.gc.ca/t1/tbl1/en/tv.action?pid=1810000401,2026-10-04
cpi_rent_index,Canada,2012-07-01,113.5,1.3392857142857206,2012-08-21,https://www150.statcan.gc.ca/t1/tbl1/en/tv.action?pid=1810000401,2026-10-04
cpi_rent_index,Canada,2012-08-01,113.8,1.426024955436711,2012-09-21,https://www150.statcan.gc.ca/t1/tbl1/en/tv.action?pid=1810000401,2026-10-04
cpi_rent_index,Canada,2012-09-01,114.0,1.513802315227064,2012-10-21,https://www150.statcan.gc.ca/t1/tbl1/en/tv.action?pid=1810000401,2026-10-04
cpi_rent_index,Canada,2012-10-01,114.2,1.5111111111111075,2012-11-21,https://www150.statcan.gc.ca/t1/tbl1/en/tv.action?pid=1810000401,2026-10-04
cpi_rent_index,Canada,2012-11-01,114.3,1.5097690941385356,2012-12-21,https://www150.statcan.gc.ca/t1/tbl1/en/tv.action?pid=1810000401,2026-10-04
cpi_rent_index,Canada,2012-12-01,114.5,1.5971606033717833,2013-01-21,https://www150.statcan.gc.ca/t1/tbl1/en/tv.action?pid=1810000401,2026-10-04
cpi_rent_index,Canada,2013-01-01,114.6,1.5957446808510634,2013-02-21,https://www150.statcan.gc.ca/t1/tbl1/en/tv.action?pid=1810000401,2026-10-04
cpi_rent_index,Canada,2013-02-01,114.8,1.5929203539823078,2013-03-21,https://www150.statcan.gc.ca/t1/tbl1/en/tv.action?pid=1810000401,2026-10-04
cpi_rent_index,Canada,2013-03-01,114.9,1.5915119363395291,2013-04-21,https://www150.statcan.gc.ca/t1/tbl1/en/tv.action?pid=1810000401,2026-10-04
cpi_rent_index,Canada,2013-04-01,115.0,1.590106007067127,2013-05-21,https://www150.statcan.gc.ca/t1/tbl1/en/tv.action?pid=1810000401,2026-10-04
cpi_rent_index,Canada,2013-05-01,115.1,1.5887025595763493,2013-06-21,https://www150.statcan.gc.ca/t1/tbl1/en/tv.action?pid=1810000401,2026-10-04
cpi_rent_index,Canada,2013-06-01,115.3,1.6754850088183337,2013-07-21,https://www150.statcan.gc.ca/t1/tbl1/en/tv.action?pid=1810000401,2026-10-04
cpi_rent_index,Canada,2013-07-01,115.4,1.6740088105726914,2013-08-21,https://www150.statcan.gc.ca/t1/tbl1/en/tv.action?pid=1810000401,2026-10-04
cpi_rent_index,Canada,2013-08-01,115.7,1.6695957820738183,2013-09-21,https://www150.statcan.gc.ca/t1/tbl1/en/tv.action?pid=1810000401,2026-10-04
cpi_rent_index,Canada,2013-09-01,115.8,1.5789473684210575,2013-10-21,https://www150.statcan.gc.ca/t1/tbl1/en/tv.action?pid=1810000401,2026-10-04
cpi_rent_index,Canada,2013-10-01,116.0,1.5761821366024442,2013-11-21,https://www150.statcan.gc.ca/t1/tbl1/en/tv.action?pid=1810000401,2026-10-04
cpi_rent_index,Canada,2013-11-01,116.2,1.6622922134733153,2013-12-21,https://www150.statcan.gc.ca/t1/tbl1/en/tv.action?pid=1810000401,2026-10-04
cpi_rent_index,Canada,2013-12-01,116.3,1.5720524017467152,2014-01-21,https://www150.statcan.gc.ca/t1/tbl1/en/tv.action?pid=1810000401,2026-10-04
cpi_rent_index,Canada,2014-01-01,116.4,1.5706806282722585,2014-02-21,https://www150.statcan.gc.ca/t1/tbl1/en/tv.action?pid=1810000401,2026-10-04
cpi_rent_index,Canada,2014-02-01,116.5,1.4808362369338024,2014-03-21,https://www150.statcan.gc.ca/t1/tbl1/en/tv.action?pid=1810000401,2026-10-04
cpi_rent_index,Canada,2014-03-01,116.6,1.4795474325500324,2014-04-21,https://www150.statcan.gc.ca/t1/tbl1/en/tv.action?pid=1810000401,2026-10-04
cpi_rent_index,Canada,2014-04-01,116.7,1.4782608695652177,2014-05-21,https://www150.statcan.gc.ca/t1/tbl1/en/tv.action?pid=1810000401,2026-10-04
cpi_rent_index,Canada,2014-05-01,116.8,1.476976542137276,2014-06-21,https://www150.statcan.gc.ca/t1/tbl1/en/tv.action?pid=1810000401,2026-10-04
cpi_rent_index,Canada,2014-06-01,117.0,1.4744145706851786,2014-07-21,https://www150.statcan.gc.ca/t1/tbl1/en/tv.action?pid=1810000401,2026-10-04
cpi_rent_index,Canada,2014-07-01,117.1,1.4731369150779772,2014-08-21,https://www150.statcan.gc.ca/t1/tbl1/en/tv.action?pid=1810000401,2026-10-04
cpi_rent_index,Canada,2014-08-01,117.3,1.382886776145198,2014-09-21,https://www150.statcan.gc.ca/t1/tbl1/en/tv.action?pid=1810000401,2026-10-04
cpi_rent_index,Canada,2014-09-01,117.5,1.4680483592400817,2014-10-21,https://www150.statcan.gc.ca/t1/tbl1/en/tv.action?pid=1810000401,2026-10-04
cpi_rent_index,Canada,2014-10-01,117.7,1.4655172413793105,2014-11-21,https://www150.statcan.gc.ca/t1/tbl1/en/tv.action?pid=1810000401,2026-10-04
cpi_rent_index,Canada,2014-11-01,117.8,1.376936316695354,2014-12-21,https://www150.statcan.gc.ca/t1/tbl1/en/tv.action?pid=1810000401,2026-10-04
cpi_rent_index,Canada,2014-12-01,117.9,1.3757523645743897,2015-01-21,https://www150.statcan.gc.ca/t1/tbl1/en/tv.action?pid=1810000401,2026-10-04
cpi_rent_index,Canada,2015-01-01,117.9,1.2886597938144284,2015-02-21,https://www150.statcan.gc.ca/t1/tbl1/en/tv.action?pid=1810000401,2026-10-04
cpi_rent_index,Canada,2015-02-01,118.1,1.373390557939902,2015-03-21,https://www150.statcan.gc.ca/t1/tbl1/en/tv.action?pid=1810000401,2026-10-04
cpi_rent_index,Canada,2015-03-01,118.2,1.3722126929674117,2015-04-21,https://www150.statcan.gc.ca/t1/tbl1/en/tv.action?pid=1810000401,2026-10-04
cpi_rent_index,Canada,2015-04-01,118.3,1.371036846615259,2015-05-21,https://www150.statcan.gc.ca/t1/tbl1/en/tv.action?pid=1810000401,2026-10-04
cpi_rent_index,Canada,2015-05-01,118.3,1.2842465753424737,2015-06-21,https://www150.statcan.gc.ca/t1/tbl1/en/tv.action?pid=1810000401,2026-10-04
cpi_rent_index,Canada,2015-06-01,118.4,1.1965811965811923,2015-07-21,https://www150.statcan.gc.ca/t1/tbl1/en/tv.action?pid=1810000401,2026-10-04
cpi_rent_index,Canada,2015-07-01,118.5,1.1955593509820783,2015-08-21,https://www150.statcan.gc.ca/t1/tbl1/en/tv.action?pid=1810000401,2026-10-04
cpi_rent_index,Canada,2015-08-01,118.6,1.1082693947144007,2015-09-21,https://www150.statcan.gc.ca/t1/tbl1/en/tv.action?pid=1810000401,2026-10-04
cpi_rent_index,Canada,2015-09-01,118.7,1.0212765957446912,2015-10-21,https://www150.statcan.gc.ca/t1/tbl1/en/tv.action?pid=1810000401,2026-10-04
cpi_rent_index,Canada,2015-10-01,118.8,0.9345794392523255,2015-11-21,https://www150.statcan.gc.ca/t1/tbl1/en/tv.action?pid=1810000401,2026-10-04
cpi_rent_index,Canada,2015-11-01,118.8,0.8488964346349714,2015-12-21,https://www150.statcan.gc.ca/t1/tbl1/en/tv.action?pid=1810000401,2026-10-04
cpi_rent_index,Canada,2015-12-01,118.9,0.8481764206955011,2016-01-21,https://www150.statcan.gc.ca/t1/tbl1/en/tv.action?pid=1810000401,2026-10-04
cpi_rent_index,Canada,2016-01-01,118.9,0.8481764206955011,2016-02-21,https://www150.statcan.gc.ca/t1/tbl1/en/tv.action?pid=1810000401,2026-10-04
cpi_rent_index,Canada,2016-02-01,119.0,0.7620660457239747,2016-03-21,https://www150.statcan.gc.ca/t1/tbl1/en/tv.action?pid=1810000401,2026-10-04
cpi_rent_index,Canada,2016-03-01,119.0,0.6768189509306133,2016-04-21,https://www150.statcan.gc.ca/t1/tbl1/en/tv.action?pid=1810000401,2026-10-04
cpi_rent_index,Canada,2016-04-01,119.0,0.591715976331364,2016-05-21,https://www150.statcan.gc.ca/t1/tbl1/en/tv.action?pid=1810000401,2026-10-04
cpi_rent_index,Canada,2016-05-01,119.1,0.6762468300929747,2016-06-21,https://www150.statcan.gc.ca/t1/tbl1/en/tv.action?pid=1810000401,2026-10-04
cpi_rent_index,Canada,2016-06-01,119.1,0.591216216216206,2016-07-21,https://www150.statcan.gc.ca/t1/tbl1/en/tv.action?pid=1810000401,2026-10-04
cpi_rent_index,Canada,2016-07-01,119.1,0.5063291139240533,2016-08-21,https://www150.statcan.gc.ca/t1/tbl1/en/tv.action?pid=1810000401,2026-10-04
cpi_rent_index,Canada,2016-08-01,119.3,0.590219224283306,2016-09-21,https://www150.statcan.gc.ca/t1/tbl1/en/tv.action?pid=1810000401,2026-10-04
cpi_rent_index,Canada,2016-09-01,119.3,0.5054759898904804,2016-10-21,https://www150.statcan.gc.ca/t1/tbl1/en/tv.action?pid=1810000401,2026-10-04
cpi_rent_index,Canada,2016-10-01,119.4,0.5050505050505194,2016-11-21,https://www150.statcan.gc.ca/t1/tbl1/en/tv.action?pid=1810000401,2026-10-04
cpi_rent_index,Canada,2016-11-01,119.4,0.5050505050505194,2016-12-21,https://www150.statcan.gc.ca/t1/tbl1/en/tv.action?pid=1810000401,2026-10-04
cpi_rent_index,Canada,2016-12-01,119.5,0.5046257359125228,2017-01-21,https://www150.statcan.gc.ca/t1/tbl1/en/tv.action?pid=1810000401,2026-10-04
cpi_rent_index,Canada,2017-01-01,119.5,0.5046257359125228,2017-02-21,https://www150.statcan.gc.ca/t1/tbl1/en/tv.action?pid=1810000401,2026-10-04
cpi_rent_index,Canada,2017-02-01,119.6,0.5042016806722671,2017-03-21,https://www150.statcan.gc.ca/t1/tbl1/en/tv.action?pid=1810000401,2026-10-04
cpi_rent_index,Canada,2017-03-01,119.7,0.588235294117645,2017-04-21,https://www150.statcan.gc.ca/t1/tbl1/en/tv.action?pid=1810000401,2026-10-04
cpi_rent_index,Canada,2017-04-01,119.7,0.588235294117645,2017-05-21,https://www150.statcan.gc.ca/t1/tbl1/en/tv.action?pid=1810000401,2026-10-04
cpi_rent_index,Canada,2017-05-01,119.8,0.5877413937867448,2017-06-21,https://www150.statcan.gc.ca/t1/tbl1/en/tv.action?pid=1810000401,2026-10-04
cpi_rent_index,Canada,2017-06-01,119.9,0.6717044500419878,2017-07-21,https://www150.statcan.gc.ca/t1/tbl1/en/tv.action?pid=1810000401,2026-10-04
cpi_rent_index,Canada,2017-07-01,119.9,0.6717044500419878,2017-08-21,https://www150.statcan.gc.ca/t1/tbl1/en/tv.action?pid=1810000401,2026-10-04
cpi_rent_index,Canada,2017-08-01,120.0,0.5867560771165126,2017-09-21,https://www150.statcan.gc.ca/t1/tbl1/en/tv.action?pid=1810000401,2026-10-04
cpi_rent_index,Canada,2017-09-01,120.1,0.6705783738474302,2017-10-21,https://www150.statcan.gc.ca/t1/tbl1/en/tv.action?pid=1810000401,2026-10-04
cpi_rent_index,Canada,2017-10-01,120.2,0.670016750418756,2017-11-21,https://www150.statcan.gc.ca/t1/tbl1/en/tv.action?pid=1810000401,2026-10-04
cpi_rent_index,Canada,2017-11-01,120.3,0.7537688442210921,2017-12-21,https://www150.statcan.gc.ca/t1/tbl1/en/tv.action?pid=1810000401,2026-10-04
cpi_rent_index,Canada,2017-12-01,120.4,0.7531380753138084,2018-01-21,https://www150.statcan.gc.ca/t1/tbl1/en/tv.action?pid=1810000401,2026-10-04
cpi_rent_index,Canada,2018-01-01,120.5,0.8368200836819994,2018-02-21,https://www150.statcan.gc.ca/t1/tbl1/en/tv.action?pid=1810000401,2026-10-04
cpi_rent_index,Canada,2018-02-01,120.7,0.919732441471588,2018-03-21,https://www150.statcan.gc.ca/t1/tbl1/en/tv.action?pid=1810000401,2026-10-04
cpi_rent_index,Canada,2018-03-01,120.8,0.9189640768588081,2018-04-21,https://www150.statcan.gc.ca/t1/tbl1/en/tv.action?pid=1810000401,2026-10-04
cpi_rent_index,Canada,2018-04-01,120.9,1.0025062656641603,2018-05-21,https://www150.statcan.gc.ca/t1/tbl1/en/tv.action?pid=1810000401,2026-10-04
cpi_rent_index,Canada,2018-05-01,121.1,1.085141903171949,2018-06-21,https://www150.statcan.gc.ca/t1/tbl1/en/tv.action?pid=1810000401,2026-10-04
cpi_rent_index,Canada,2018-06-01,121.2,1.0842368640533673,2018-07-21,https://www150.statcan.gc.ca/t1/tbl1/en/tv.action?pid=1810000401,2026-10-04
cpi_rent_index,Canada,2018-07-01,121.3,1.1676396997497784,2018-08-21,https://www150.statcan.gc.ca/t1/tbl1/en/tv.action?pid=1810000401,2026-10-04
cpi_rent_index,Canada,2018-08-01,121.6,1.3333333333333197,2018-09-21,https://www150.statcan.gc.ca/t1/tbl1/en/tv.action?pid=1810000401,2026-10-04
cpi_rent_index,Canada,2018-09-01,121.7,1.3322231473771984,2018-10-21,https://www150.statcan.gc.ca/t1/tbl1/en/tv.action?pid=1810000401,2026-10-04
cpi_rent_index,Canada,2018-10-01,121.8,1.331114808652245,2018-11-21,https://www150.statcan.gc.ca/t1/tbl1/en/tv.action?pid=1810000401,2026-10-04
cpi_rent_index,Canada,2018-11-01,122.0,1.413133832086455,2018-12-21,https://www150.statcan.gc.ca/t1/tbl1/en/tv.action?pid=1810000401,2026-10-04
cpi_rent_index,Canada,2018-12-01,122.1,1.4119601328903553,2019-01-21,https://www150.statcan.gc.ca/t1/tbl1/en/tv.action?pid=1810000401,2026-10-04
cpi_rent_index,Canada,2019-01-01,123.2,2.24066390041493,2019-02-21,https://www150.statcan.gc.ca/t1/tbl1/en/tv.action?pid=1810000401,2026-10-04
cpi_rent_index,Canada,2019-02-01,123.7,2.4855012427506207,2019-03-21,https://www150.statcan.gc.ca/t1/tbl1/en/tv.action?pid=1810000401,2026-10-04
cpi_rent_index,Canada,2019-03-01,124.1,2.7317880794701876,2019-04-21,https://www150.statcan.gc.ca/t1/tbl1/en/tv.action?pid=1810000401,2026-10-04
cpi_rent_index,Canada,2019-04-01,123.6,2.2332506203473823,2019-05-21,https://www150.statcan.gc.ca/t1/tbl1/en/tv.action?pid=1810000401,2026-10-04
cpi_rent_index,Canada,2019-05-01,123.7,2.14698596201488,2019-06-21,https://www150.statcan.gc.ca/t1/tbl1/en/tv.action?pid=1810000401,2026-10-04
cpi_rent_index,Canada,2019-06-01,124.1,2.39273927392738,2019-07-21,https://www150.statcan.gc.ca/t1/tbl1/en/tv.action?pid=1810000401,2026-10-04
cpi_rent_index,Canada,2019-07-01,124.4,2.5556471558120464,2019-08-21,https://www150.statcan.gc.ca/t1/tbl1/en/tv.action?pid=1810000401,2026-10-04
cpi_rent_index,Canada,2019-08-01,125.3,3.0427631578947345,2019-09-21,https://www150.statcan.gc.ca/t1/tbl1/en/tv.action?pid=1810000401,2026-10-04
cpi_rent_index,Canada,2019-09-01,125.3,2.958093672966311,2019-10-21,https://www150.statcan.gc.ca/t1/tbl1/en/tv.action?pid=1810000401,2026-10-04
cpi_rent_index,Canada,2019-10-01,126.3,3.6945812807881673,2019-11-21,https://www150.statcan.gc.ca/t1/tbl1/en/tv.action?pid=1810000401,2026-10-04
cpi_rent_index,Canada,2019-11-01,125.8,3.1147540983606614,2019-12-21,https://www150.statcan.gc.ca/t1/tbl1/en/tv.action?pid=1810000401,2026-10-04
cpi_rent_index,Canada,2019-12-01,126.3,3.439803439803435,2020-01-21,https://www150.statcan.gc.ca/t1/tbl1/en/tv.action?pid=1810000401,2026-10-04
cpi_rent_index,Canada,2020-01-01,126.2,2.4350649350649345,2020-02-21,https://www150.statcan.gc.ca/t1/tbl1/en/tv.action?pid=1810000401,2026-10-04
cpi_rent_index,Canada,2020-02-01,127.1,2.7485852869846283,2020-03-21,https://www150.statcan.gc.ca/t1/tbl1/en/tv.action?pid=1810000401,2026-10-04
cpi_rent_index,Canada,2020-03-01,127.3,2.5785656728444906,2020-04-21,https://www150.statcan.gc.ca/t1/tbl1/en/tv.action?pid=1810000401,2026-10-04
cpi_rent_index,Canada,2020-04-01,126.5,2.346278317152106,2020-05-21,https://www150.statcan.gc.ca/t1/tbl1/en/tv.action?pid=1810000401,2026-10-04
cpi_rent_index,Canada,2020-05-01,125.5,1.4551333872271588,2020-06-21,https://www150.statcan.gc.ca/t1/tbl1/en/tv.action?pid=1810000401,2026-10-04
cpi_rent_index,Canada,2020-06-01,126.3,1.7727639000805873,2020-07-21,https://www150.statcan.gc.ca/t1/tbl1/en/tv.action?pid=1810000401,2026-10-04
cpi_rent_index,Canada,2020-07-01,125.9,1.2057877813504758,2020-08-21,https://www150.statcan.gc.ca/t1/tbl1/en/tv.action?pid=1810000401,2026-10-04
cpi_rent_index,Canada,2020-08-01,127.0,1.3567438148443856,2020-09-21,https://www150.statcan.gc.ca/t1/tbl1/en/tv.action?pid=1810000401,2026-10-04
cpi_rent_index,Canada,2020-09-01,127.3,1.596169193934549,2020-10-21,https://www150.statcan.gc.ca/t1/tbl1/en/tv.action?pid=1810000401,2026-10-04
cpi_rent_index,Canada,2020-10-01,127.5,0.9501187648456089,2020-11-21,https://www150.statcan.gc.ca/t1/tbl1/en/tv.action?pid=1810000401,2026-10-04
cpi_rent_index,Canada,2020-11-01,127.7,1.5103338632750374,2020-12-21,https://www150.statcan.gc.ca/t1/tbl1/en/tv.action?pid=1810000401,2026-10-04
cpi_rent_index,Canada,2020-12-01,127.0,0.5542359461599311,2021-01-21,https://www150.statcan.gc.ca/t1/tbl1/en/tv.action?pid=1810000401,2026-10-04
cpi_rent_index,Canada,2021-01-01,127.3,0.8716323296354966,2021-02-21,https://www150.statcan.gc.ca/t1/tbl1/en/tv.action?pid=1810000401,2026-10-04
cpi_rent_index,Canada,2021-02-01,127.2,0.07867820613691734,2021-03-21,https://www150.statcan.gc.ca/t1/tbl1/en/tv.action?pid=1810000401,2026-10-04
cpi_rent_index,Canada,2021-03-01,128.0,0.54988216810683,2021-04-21,https://www150.statcan.gc.ca/t1/tbl1/en/tv.action?pid=1810000401,2026-10-04
cpi_rent_index,Canada,2021-04-01,127.7,0.9486166007905084,2021-05-21,https://www150.statcan.gc.ca/t1/tbl1/en/tv.action?pid=1810000401,2026-10-04
cpi_rent_index,Canada,2021-05-01,128.6,2.4701195219123395,2021-06-21,https://www150.statcan.gc.ca/t1/tbl1/en/tv.action?pid=1810000401,2026-10-04
cpi_rent_index,Canada,2021-06-01,129.0,2.13776722090262,2021-07-21,https://www150.statcan.gc.ca/t1/tbl1/en/tv.action?pid=1810000401,2026-10-04
cpi_rent_index,Canada,2021-07-01,129.2,2.621127879269247,2021-08-21,https://www150.statcan.gc.ca/t1/tbl1/en/tv.action?pid=1810000401,2026-10-04
cpi_rent_index,Canada,2021-08-01,129.0,1.5748031496062964,2021-09-21,https://www150.statcan.gc.ca/t1/tbl1/en/tv.action?pid=1810000401,2026-10-04
cpi_rent_index,Canada,2021-09-01,129.7,1.885310290651998,2021-10-21,https://www150.statcan.gc.ca/t1/tbl1/en/tv.action?pid=1810000401,2026-10-04
cpi_rent_index,Canada,2021-10-01,129.8,1.8039215686274535,2021-11-21,https://www150.statcan.gc.ca/t1/tbl1/en/tv.action?pid=1810000401,2026-10-04
cpi_rent_index,Canada,2021-11-01,129.9,1.7227877838684513,2021-12-21,https://www150.statcan.gc.ca/t1/tbl1/en/tv.action?pid=1810000401,2026-10-04
cpi_rent_index,Canada,2021-12-01,130.5,2.7559055118110187,2022-01-21,https://www150.statcan.gc.ca/t1/tbl1/en/tv.action?pid=1810000401,2026-10-04
cpi_rent_index,Canada,2022-01-01,131.3,3.1421838177533523,2022-02-21,https://www150.statcan.gc.ca/t1/tbl1/en/tv.action?pid=1810000401,2026-10-04
cpi_rent_index,Canada,2022-02-01,132.6,4.245283018867907,2022-03-21,https://www150.statcan.gc.ca/t1/tbl1/en/tv.action?pid=1810000401,2026-10-04
cpi_rent_index,Canada,2022-03-01,133.3,4.140625000000009,2022-04-21,https://www150.statcan.gc.ca/t1/tbl1/en/tv.action?pid=1810000401,2026-10-04
cpi_rent_index,Canada,2022-04-01,133.5,4.541895066562263,2022-05-21,https://www150.statcan.gc.ca/t1/tbl1/en/tv.action?pid=1810000401,2026-10-04
cpi_rent_index,Canada,2022-05-01,134.3,4.4323483670295705,2022-06-21,https://www150.statcan.gc.ca/t1/tbl1/en/tv.action?pid=1810000401,2026-10-04
cpi_rent_index,Canada,2022-06-01,134.5,4.263565891472876,2022-07-21,https://www150.statcan.gc.ca/t1/tbl1/en/tv.action?pid=1810000401,2026-10-04
cpi_rent_index,Canada,2022-07-01,135.5,4.876160990712086,2022-08-21,https://www150.statcan.gc.ca/t1/tbl1/en/tv.action?pid=1810000401,2026-10-04
cpi_rent_index,Canada,2022-08-01,135.1,4.728682170542631,2022-09-21,https://www150.statcan.gc.ca/t1/tbl1/en/tv.action?pid=1810000401,2026-10-04
cpi_rent_index,Canada,2022-09-01,135.2,4.240555127216661,2022-10-21,https://www150.statcan.gc.ca/t1/tbl1/en/tv.action?pid=1810000401,2026-10-04
cpi_rent_index,Canada,2022-10-01,135.9,4.699537750385208,2022-11-21,https://www150.statcan.gc.ca/t1/tbl1/en/tv.action?pid=1810000401,2026-10-04
cpi_rent_index,Canada,2022-11-01,137.5,5.850654349499607,2022-12-21,https://www150.statcan.gc.ca/t1/tbl1/en/tv.action?pid=1810000401,2026-10-04
cpi_rent_index,Canada,2022-12-01,138.1,5.823754789272018,2023-01-21,https://www150.statcan.gc.ca/t1/tbl1/en/tv.action?pid=1810000401,2026-10-04
cpi_rent_index,Canada,2023-01-01,138.9,5.788271134805778,2023-02-21,https://www150.statcan.gc.ca/t1/tbl1/en/tv.action?pid=1810000401,2026-10-04
cpi_rent_index,Canada,2023-02-01,139.7,5.354449472096534,2023-03-21,https://www150.statcan.gc.ca/t1/tbl1/en/tv.action?pid=1810000401,2026-10-04
cpi_rent_index,Canada,2023-03-01,140.4,5.326331582895727,2023-04-21,https://www150.statcan.gc.ca/t1/tbl1/en/tv.action?pid=1810000401,2026-10-04
cpi_rent_index,Canada,2023-04-01,141.6,6.067415730337067,2023-05-21,https://www150.statcan.gc.ca/t1/tbl1/en/tv.action?pid=1810000401,2026-10-04
cpi_rent_index,Canada,2023-05-01,141.9,5.658972449739386,2023-06-21,https://www150.statcan.gc.ca/t1/tbl1/en/tv.action?pid=1810000401,2026-10-04
cpi_rent_index,Canada,2023-06-01,142.3,5.799256505576222,2023-07-21,https://www150.statcan.gc.ca/t1/tbl1/en/tv.action?pid=1810000401,2026-10-04
cpi_rent_index,Canada,2023-07-01,142.9,5.46125461254614,2023-08-21,https://www150.statcan.gc.ca/t1/tbl1/en/tv.action?pid=1810000401,2026-10-04
cpi_rent_index,Canada,2023-08-01,143.9,6.513693560325695,2023-09-21,https://www150.statcan.gc.ca/t1/tbl1/en/tv.action?pid=1810000401,2026-10-04
cpi_rent_index,Canada,2023-09-01,145.1,7.322485207100593,2023-10-21,https://www150.statcan.gc.ca/t1/tbl1/en/tv.action?pid=1810000401,2026-10-04
cpi_rent_index,Canada,2023-10-01,147.1,8.241353936718166,2023-11-21,https://www150.statcan.gc.ca/t1/tbl1/en/tv.action?pid=1810000401,2026-10-04
cpi_rent_index,Canada,2023-11-01,147.7,7.418181818181813,2023-12-21,https://www150.statcan.gc.ca/t1/tbl1/en/tv.action?pid=1810000401,2026-10-04
cpi_rent_index,Canada,2023-12-01,148.8,7.7480086893555455,2024-01-21,https://www150.statcan.gc.ca/t1/tbl1/en/tv.action?pid=1810000401,2026-10-04
cpi_rent_index,Canada,2024-01-01,149.9,7.91936645068394,2024-02-21,https://www150.statcan.gc.ca/t1/tbl1/en/tv.action?pid=1810000401,2026-10-04
cpi_rent_index,Canada,2024-02-01,151.1,8.160343593414465,2024-03-21,https://www150.statcan.gc.ca/t1/tbl1/en/tv.action?pid=1810000401,2026-10-04
cpi_rent_index,Canada,2024-03-01,152.4,8.547008547008538,2024-04-21,https://www150.statcan.gc.ca/t1/tbl1/en/tv.action?pid=1810000401,2026-10-04
cpi_rent_index,Canada,2024-04-01,153.2,8.19209039548021,2024-05-21,https://www150.statcan.gc.ca/t1/tbl1/en/tv.action?pid=1810000401,2026-10-04
cpi_rent_index,Canada,2024-05-01,154.6,8.94996476391825,2024-06-21,https://www150.statcan.gc.ca/t1/tbl1/en/tv.action?pid=1810000401,2026-10-04
cpi_rent_index,Canada,2024-06-01,154.8,8.784258608573436,2024-07-21,https://www150.statcan.gc.ca/t1/tbl1/en/tv.action?pid=1810000401,2026-10-04
cpi_rent_index,Canada,2024-07-01,155.1,8.537438768369476,2024-08-21,https://www150.statcan.gc.ca/t1/tbl1/en/tv.action?pid=1810000401,2026-10-04
cpi_rent_index,Canada,2024-08-01,156.7,8.895066018068087,2024-09-21,https://www150.statcan.gc.ca/t1/tbl1/en/tv.action?pid=1810000401,2026-10-04
cpi_rent_index,Canada,2024-09-01,157.0,8.20124052377671,2024-10-21,https://www150.statcan.gc.ca/t1/tbl1/en/tv.action?pid=1810000401,2026-10-04
cpi_rent_index,Canada,2024-10-01,157.9,7.341944255608435,2024-11-21,https://www150.statcan.gc.ca/t1/tbl1/en/tv.action?pid=1810000401,2026-10-04
cpi_rent_index,Canada,2024-11-01,159.0,7.650643195666906,2024-12-21,https://www150.statcan.gc.ca/t1/tbl1/en/tv.action?pid=1810000401,2026-10-04
cpi_rent_index,Canada,2024-12-01,159.4,7.123655913978499,2025-01-21,https://www150.statcan.gc.ca/t1/tbl1/en/tv.action?pid=1810000401,2026-10-04
cpi_rent_index,Canada,2025-01-01,159.3,6.270847231487653,2025-02-21,https://www150.statcan.gc.ca/t1/tbl1/en/tv.action?pid=1810000401,2026-10-04
cpi_rent_index,Canada,2025-02-01,159.8,5.757776307081408,2025-03-21,https://www150.statcan.gc.ca/t1/tbl1/en/tv.action?pid=1810000401,2026-10-04
cpi_rent_index,Canada,2025-03-01,160.1,5.052493438320194,2025-04-21,https://www150.statcan.gc.ca/t1/tbl1/en/tv.action?pid=1810000401,2026-10-04
cpi_rent_index,Canada,2025-04-01,161.2,5.22193211488251,2025-05-21,https://www150.statcan.gc.ca/t1/tbl1/en/tv.action?pid=1810000401,2026-10-04
cpi_rent_index,Canada,2025-05-01,161.5,4.463130659767134,2025-06-21,https://www150.statcan.gc.ca/t1/tbl1/en/tv.action?pid=1810000401,2026-10-04
cpi_rent_index,Canada,2025-06-01,162.1,4.715762273901802,2025-07-21,https://www150.statcan.gc.ca/t1/tbl1/en/tv.action?pid=1810000401,2026-10-04
cpi_rent_index,Canada,2025-07-01,163.0,5.093488072211483,2025-08-21,https://www150.statcan.gc.ca/t1/tbl1/en/tv.action?pid=1810000401,2026-10-04
cpi_rent_index,Canada,2025-08-01,163.7,4.467134652201654,2025-09-21,https://www150.statcan.gc.ca/t1/tbl1/en/tv.action?pid=1810000401,2026-10-04
cpi_rent_index,Canada,2025-09-01,164.5,4.777070063694278,2025-10-21,https://www150.statcan.gc.ca/t1/tbl1/en/tv.action?pid=1810000401,2026-10-04
cpi_rent_index,Canada,2025-10-01,166.1,5.193160227992388,2025-11-21,https://www150.statcan.gc.ca/t1/tbl1/en/tv.action?pid=1810000401,2026-10-04
cpi_rent_index,Canada,2025-11-01,166.4,4.654088050314464,2025-12-21,https://www150.statcan.gc.ca/t1/tbl1/en/tv.action?pid=1810000401,2026-10-04
cpi_rent_index,Canada,2025-12-01,167.2,4.8933500627352355,2026-01-21,https://www150.statcan.gc.ca/t1/tbl1/en/tv.action?pid=1810000401,2026-10-04
cpi_rent_index,Canada,2026-01-01,166.2,4.331450094161937,2026-02-21,https://www150.statcan.gc.ca/t1/tbl1/en/tv.action?pid=1810000401,2026-10-04
cpi_rent_index,Canada,2026-02-01,166.0,3.8798498122653235,2026-03-21,https://www150.statcan.gc.ca/t1/tbl1/en/tv.action?pid=1810000401,2026-10-04
cpi_rent_index,Canada,2026-03-01,166.9,4.2473454091193075,2026-04-21,https://www150.statcan.gc.ca/t1/tbl1/en/tv.action?pid=1810000401,2026-10-04
cpi_rent_index,Canada,2026-04-01,167.0,3.5980148883374863,2026-05-21,https://www150.statcan.gc.ca/t1/tbl1/en/tv.action?pid=1810000401,2026-10-04
cpi_rent_index,Canada,2026-05-01,167.2,3.52941176470587,2026-06-21,https://www150.statcan.gc.ca/t1/tbl1/en/tv.action?pid=1810000401,2026-10-04
cpi_rent_index,Canada,2026-06-01,167.8,3.516347933374475,2026-07-21,https://www150.statcan.gc.ca/t1/tbl1/en/tv.action?pid=1810000401,2026-10-04
cpi_rent_index,Canada,2026-07-01,167.0,2.4539877300613577,2026-08-21,https://www150.statcan.gc.ca/t1/tbl1/en/tv.action?pid=1810000401,2026-10-04
cpi_rent_index,Canada,2026-08-01,168.3,2.810018326206487,2026-09-21,https://www150.statcan.gc.ca/t1/tbl1/en/tv.action?pid=1810000401,2026-10-04
